Sl_No,Slide_No,State,District,Location_Description,Latitude,Longitude,Material_Involved,Movement_Type,History
1,AR/ANJ/91D08/2014/17,Arunachal Pradesh,Anjaw,Tohangam-Hayuliang Road,28.00611,96.42872,Debris,Slide,2014
2,AR/ANJ/91D08/2014/16,Arunachal Pradesh,Anjaw,Tohangam-Hayuliang Road,28.01781,96.44275,Debris,Slide,2014
3,AR/ANJ/91D12/2014/53,Arunachal Pradesh,Anjaw,Khupapolice check gate Tezu-Hayuliang road,28.06356,96.50075,Debris,Slide,2012
4,AP/AW/91D8/2022/100,Arunachal Pradesh,Anjaw,From Khupa/ KVK Anjaw 3.85 kms Hunli-Metengliang-Hayuliang,28.079818,96.46838,Debris,Slide,NA
5,AP/AW/91D8/2022/98,Arunachal Pradesh,Anjaw,From Khupa/ KVK Anjaw 4.52 kms Hunli-Metengliang-Hayuliang,28.082576,96.464869,Debris,Slide,NA
6,AP/AW/91D8/2022/99,Arunachal Pradesh,Anjaw,From Khupa/ KVK Anjaw 4.4 kms Hunli-Metengliang-Hayuliang,28.082618,96.465189,Rock,Slide,NA
7,AP/AW/91D8/2022/96,Arunachal Pradesh,Anjaw,From Khupa/ KVK Anjaw 5.1 kms Hunli-Metengliang-Hayuliang,28.084252,96.459672,Debris,Slide,NA
8,AP/AW/91D8/2022/93,Arunachal Pradesh,Anjaw,From Khupa/ KVK Anjaw 6.5 kms Hunli-Metengliang-Hayuliang,28.090087,96.454067,Debris,Slide,NA
9,AP/AW/91D8/2022/89,Arunachal Pradesh,Anjaw,From Khupa/ KVK Anjaw 10.6 kms Hunli-Metengliang-Hayuliang,28.100284,96.449538,Rock,Slide,NA
10,AP/AW/91D8/2022/87,Arunachal Pradesh,Anjaw,From Khupa/ KVK Anjaw 11.3 kms Hunli-Metengliang-Hayuliang,28.100914,96.449162,Debris,Slide,NA
11,AR/ANJ/93D12/2014/46,Arunachal Pradesh,Anjaw,H.M.C. Road,28.11594,96.54689,Rock,Slide,2012
12,AR/ANJ/92D12/2014/44,Arunachal Pradesh,Anjaw,Teapani river slide H. M. C. Road,28.16206,96.53061,Debris,,2013
13,AR/ANJ/91D12/2014/05,Arunachal Pradesh,Anjaw,HMC road,28.18439,96.53453,Debris,Slide,2013
14,AR/ANJ/91D12/2014/27,Arunachal Pradesh,Anjaw,Bamlan Slide HMC road,28.21483,96.53911,Debris,Slide,2013
15,AR/ANJ/91D12/2014/14,Arunachal Pradesh,Anjaw,32.4 km Slide HMC road,28.22328,96.55303,Rock,Slide,2013
16,AR/ANJ/91D12/2014/09,Arunachal Pradesh,Anjaw,33.3 km slide HMC road,28.22408,96.55872,Rock,Slide,2013
17,AR/ANJ/91D12/2014/39,Arunachal Pradesh,Anjaw,37.6 km rockslide H. M. C. Road,28.23969,96.52778,Rock,,2013
18,AR/ANJ/91D11/2014/29,Arunachal Pradesh,Anjaw,Chipru slide HMC road,28.26786,96.55781,Rock,Flow,2013
19,AR/CHNG/83M12/2022/049,Arunachal Pradesh,Changlang,500m NE of Yanman Changlang-Khimioyng road,27.0611,95.721024,Debris,Slide,NA
20,AR/CHNG/83M12/2022/035,Arunachal Pradesh,Changlang,"200m E of Kangkho Khonsa-Changlang road, NH-",27.115246,95.670965,Debris,Slide,NA
21,AR/CHNG/83M12/2022/032,Arunachal Pradesh,Changlang,"800m W of Yankang Khonsa-Changlang road, NH-",27.122408,95.678718,Debris,Slide,NA
22,AR/CHNG/83M12/2022/099,Arunachal Pradesh,Changlang,200m SE of Salang Changlang-New Changalang,27.125767,95.745585,Debris,Slide,NA
23,AR/CHNG/83M12/2022/054,Arunachal Pradesh,Changlang,500 N of Changlang Changlang-Margherita road (NH-,27.1448,95.742566,Debris,Slide,NA
24,AR/CHNG/83M16/2022/106,Arunachal Pradesh,Changlang,1 km NE of Amchung Changlang-Kengkhu road,27.15844,95.755292,Debris,Slide,NA
25,AR/CHNG/83M16/2022/107,Arunachal Pradesh,Changlang,600m NE of Amchung Changlang-Kengkhu road,27.158837,95.750303,Debris,Slide,NA
26,AR/CHNG/92A03/2022/097,Arunachal Pradesh,Changlang,"S of Longvi, 8 km Tea Garden Longvi-hetlong road",27.268684,96.040751,Debris,Slide,NA
27,AR/CHNG/92A03/2022/076,Arunachal Pradesh,Changlang,"1.5 km S of Nampong NH-315, Nampong-Pangasu",27.282921,96.122193,Debris,Slide,NA
28,AR/CHNG/83M15/2022/090,Arunachal Pradesh,Changlang,"900 W of New Kamlao NH-315, Jairampur-Manmao",27.299744,95.987092,Debris,Slide,NA
29,AR/CHNG/92A03/2022/086,Arunachal Pradesh,Changlang,"1.4km W Hetlong, NH-315, Jairampur-Manmao",27.300188,96.010838,Debris,Slide,NA
30,AR/CHNG/92A03/2022/077,Arunachal Pradesh,Changlang,"3.3 km E of Rima NH-315, Nampong-Rima Road",27.302949,96.154621,Debris,Slide,NA
31,AR/CHNG/92A03/2022/081,Arunachal Pradesh,Changlang,"700m E of New Potuk NH-315, Nampong-Rima Road",27.305527,96.224831,Debris,Slide,NA
32,AR/CHNG/92A07/2022/074,Arunachal Pradesh,Changlang,"Deban, Namdapha Natonal Park Miao-Vijyanagar road",27.453197,96.444944,Debris,Slide,NA
33,AR/CHNG/92A07/2022/067,Arunachal Pradesh,Changlang,"Deban, Namdapha Natonal Park Miao-Vijyanagar road",27.466137,96.407194,Debris,Slide,NA
34,AR/CHNG/92A07/2022/065,Arunachal Pradesh,Changlang,"Deban, Namdapha Natonal Park Miao-Vijyanagar road",27.470221,96.407798,Rock,Rock fall,NA
35,AR/CHNG/92A07/2022/062,Arunachal Pradesh,Changlang,"Deban, Namdapha Natonal Park Miao-Vijyanagar road",27.476614,96.408544,Rock,Rock fall,NA
36,AP/DV/82P15/2022/150,Arunachal Pradesh,Dibang,Valley From Hunli 35.9 kms along NH-313 NH-313 (Roing-Anini road),28.434292,95.876106,Debris,Slide,NA
37,AP/DV/82P15/2022/132,Arunachal Pradesh,Dibang,Valley From Hunli 45 kms along NH-313 NH-313 (Roing-Anini road),28.464936,95.852312,Debris,Slide,NA
38,AP/DV/82P15/2022/141,Arunachal Pradesh,Dibang,Valley From Hunli 46.4 kms along NH-313 NH-313 (Roing-Anini road),28.472858,95.858449,Rock,Rock fall,NA
39,AP/DV/82P15/2022/139,Arunachal Pradesh,Dibang,Valley From Hunli 46.5 kms along NH-313 NH-313 (Roing-Anini road),28.472966,95.857242,Debris,Slide,NA
40,AP/DV/82P15/2022/133,Arunachal Pradesh,Dibang,Valley From Hunli 49.8 kms along NH-313 NH-313 (Roing-Anini road),28.481108,95.838317,Debris,Slide,NA
41,AP/DV/82P15/2022/122,Arunachal Pradesh,Dibang,Valley From Hunli 56 kms along NH-313 NH-313 (Roing-Anini road),28.498464,95.828278,Debris,Slide,NA
42,AP/DV/82P/14/2022/LS-105,Arunachal Pradesh,Dibang,Valley Annini slide NN-313,28.618542,95.858124,Debris,Slide,NA
43,AP/DV/82P/13/2022/LS-108,Arunachal Pradesh,Dibang,Valley Mipi slide South of Mipi Village.,28.628208,95.85647,Earth,Slide,NA
44,AP/DV/82p/13/2022/LS-110,Arunachal Pradesh,Dibang,Valley Mipi slide South West of Mipi village,28.772473,95.867921,Earth,Slide,NA
45,AP/DV/82P/13/2022/LS-112,Arunachal Pradesh,Dibang,Valley Mipi Slide South of Mipi Village.,28.774623,95.89086,Earth,Slide,NA
46,AP/DV /82P/13/2022/LS-113,Arunachal Pradesh,Dibang,Valley Anini-Mipi slide Annini-Mipi road,28.775381,95.898382,Debris,Slide,NA
47,AP/E-Siang/82P8/2022/LS43,Arunachal Pradesh,Dibang,"Valley LS-43 NH-13, komlighat park, Pasighat",28.783517,95.904106,Debris,Slide,NA
48,AP/DV/82P/13/2022/LS-119,Arunachal Pradesh,Dibang,Valley MipiSlide South of Mipi Village.,28.809244,95.92821,Earth,Slide,NA
49,AP/DV/82P/13/2022/LS-123,Arunachal Pradesh,Dibang,Valley Mipi slide Mipi Village road,28.822521,95.92931,Earth,Slide,NA
50,AP/DV/82P/13/2022/LS-124,Arunachal Pradesh,Dibang,Valley Dambuen Slide Anini to Dambuen road section,28.822525,95.93415,Debris,Slide,NA
51,AP/LDV/82P11/2022/LS79,Arunachal Pradesh,Dibang,Valley LS-79 NH-13,28.85641,95.859872,Debris,Slide,NA
52,AP/DV/82P/13/2022/LS-144,Arunachal Pradesh,Dibang,"Valley Anini-Etalin slide Anini-Etalin road section, NH-",28.9407,95.82058,Debris,Slide,NA
53,AP/EK/83E03/2021/36,Arunachal Pradesh,East,Kameng NH-31 slide-26 NH-35,27.177667,93.148694,,Slide,NA
54,AP/EK/83E04/2021/30,Arunachal Pradesh,East,Kameng NH-31 slide-20 NH-34,27.188694,93.136056,Rock,Rock fall,NA
55,AP/EK/83E03/2021/25,Arunachal Pradesh,East,Kameng NH-31 slide-16 NH-31,27.215944,93.069222,Debris,Slide,NA
56,AP/EK/83E03/2021/23,Arunachal Pradesh,East,Kameng NH-31 slide-14 NH-31,27.240444,93.064361,Debris,Slide,NA
57,AP/EK/83E03/2021/18,Arunachal Pradesh,East,Kameng NH-31 slide-9 NH-37,27.293806,93.050139,Earth,Slide,NA
58,AR/EAK/84E03/2025/27,Arunachal Pradesh,East,Kameng NH 13,27.296928,93.088111,Debris,Slide,NA
59,AR/EAK/84E03/2025/14,Arunachal Pradesh,East,Kameng NH 13,27.296928,93.088111,Debris,Slide,NA
60,AR/EAK/84E03/2025/16,Arunachal Pradesh,East,Kameng NH 13,27.296928,93.088111,Debris,Slide,NA
61,6816,Arunachal Pradesh,East,Kameng,27.296928,93.088111,Debris,Slide,NA
62,AR/EAK/84E03/2025/15,Arunachal Pradesh,East,Kameng NH 13,27.296928,93.088111,Debris,Slide,NA
63,AR/EAK/84E03/2025/28,Arunachal Pradesh,East,Kameng NH 13,27.296928,93.088111,Debris,Slide,NA
64,AR/EAK/84E03/2025/18,Arunachal Pradesh,East,Kameng NH 13,27.301412,93.051563,Debris,Slide,NA
65,AR/EAK/84E03/2025/10,Arunachal Pradesh,East,Kameng NH 13,27.302253,93.050932,Debris,Slide,NA
66,AR/EAK/84E03/2025/07,Arunachal Pradesh,East,Kameng NH 13,27.304291,93.052835,Debris,Slide,NA
67,6812,Arunachal Pradesh,East,Kameng,27.308143,93.059302,,Slide,NA
68,6807,Arunachal Pradesh,East,Kameng,27.311231,93.04677,,Slide,NA
69,6806,Arunachal Pradesh,East,Kameng,27.313874,93.045623,,Slide,NA
70,AR/EAK/84E03/2025/01,Arunachal Pradesh,East,Kameng NH 13,27.322582,93.048256,Debris,Slide,NA
71,AP/EK/83E03/2021/40,Arunachal Pradesh,East,Kameng Patiwa Village slide-1 NH-37,27.361222,93.035778,Debris,Slide,NA
72,AP/EK/83E03/2021/43,Arunachal Pradesh,East,Kameng Rang Village slide-1 NH-39,27.411944,93.010528,Debris,Slide,NA
73,AP/EK/83E03/2021/05,Arunachal Pradesh,East,Kameng North Seppa slide-5 North Seppa,27.421139,93.017611,Debris,Slide,NA
74,AR/EK/ 83A14/2020-21/25,Arunachal Pradesh,East,Kameng Bameng-Tayung road section slide-1 Bameng-Tayung Road,27.5335,92.964861,Rock,Slide,NA
75,AR/EK/ 83A14/2020-21/09,Arunachal Pradesh,East,Kameng Pakke road section slide-7 Pachhi-Pakke road section,27.539694,92.991306,Rock,Rock fall,NA
76,AR/EK/ 83A14/2020-21/19,Arunachal Pradesh,East,Kameng Pakke-Bameng road section slide-4 Pakke-Bameng Road,27.550389,92.964861,Debris,Slide,NA
77,AR/EK/ 83A14/2020-21/21,Arunachal Pradesh,East,Kameng Pakke-Bameng road section slide-6 Pakke-Bameng Road,27.555194,92.966222,Rock,Slide,NA
78,AR/EK/ 83A14/2020-21/23,Arunachal Pradesh,East,Kameng Pakke-Bameng road section slide-8 Pakke-Bameng Road,27.555611,92.962194,Debris,Slide,NA
79,AR/EK/ 83A14/2020-21/06,Arunachal Pradesh,East,Kameng Pachi-Chayang Tajo road section slide- Pachi-Chayang Tajo road,27.568028,92.993944,Rock,Slide,NA
80,AP/E-Siang/82P8/2021/LS1,Arunachal Pradesh,East,"Siang LS-1, North west of Pasighat Lenging Village (NH-13)",28.093514,95.272526,Earth,Slide,NA
81,AP/E-Siang/82P8/2021/LS3,Arunachal Pradesh,East,Siang LS-3 NW of LS-2 (400 m),28.097163,95.270824,Rock,,NA
82,AP/E-Siang/82P8/2022/LS49,Arunachal Pradesh,East,"Siang Rengging Slide NH-13, Rengging Slide",28.097285,95.28003,Debris,Slide,NA
83,AP/E-Siang/82P8/2021/LS9,Arunachal Pradesh,East,"Siang Rengging Slide, LS-9 NH-13",28.101031,95.282364,Debris,Slide,NA
84,AR/S/82P04/2022/005,Arunachal Pradesh,East,Siang NH-13 Slide 5 NH-13,28.135056,95.145444,,Slide,NA
85,7046,Arunachal Pradesh,East,Siang Near Renging,28.139996,95.259634,Debris,Slide,NA
86,AR/ES/82P/8/2021/01,Arunachal Pradesh,East,Siang N/A N/A,28.14116,95.27472,Debris,Slide,2021
87,AR/ES/82P04/2022/001,Arunachal Pradesh,East,Siang NH-13 Slide 1 NH-13,28.1425,95.239194,Debris,Slide,NA
88,AP/LDV/82P11/2022/LS58,Arunachal Pradesh,East,"Siang Dambuk Slide NH-13, Dambuk",28.150741,95.275122,Debris,Slide,NA
89,AP/LDV/82P11/2022/LS59,Arunachal Pradesh,East,Siang LS-59 NH-13,28.160664,95.446755,Debris,Slide,NA
90,AP/LDV/82P11/2022/LS60,Arunachal Pradesh,East,"Siang LS-60 NH-13, Kapang Valley, near 602",28.160853,95.446925,Debris,Slide,NA
91,AP/LDV/82P11/2022/LS61,Arunachal Pradesh,East,"Siang Roing-Dambuk Slide NH-13, Towards Roing- Dambuk",28.162497,95.441244,Debris,Slide,NA
92,AP/ES/82P12/2022/79,Arunachal Pradesh,East,Siang From Bomjir 16 kms along NH-13 NH-313 (Roing-Pasighat road),28.237716,95.535611,Debris,Slide,NA
93,AP/ES/82P12/2022/81,Arunachal Pradesh,East,Siang From Bomjir 15.3 kms along NH-13 NH-313 (Roing-Pasighat road),28.242969,95.537549,Rock,Slide,NA
94,AR/ESI/82L15/2022/60,Arunachal Pradesh,East,Siang Sangram Bridge-Boleng Road Slide Sangram Bridge-Boleng Road,28.303771,94.948727,Debris,Slide,NA
95,AP/LDV/82P11/2022/LS78,Arunachal Pradesh,East,"Siang Sisseri bridge slide NH-13, towards Sesseri bridge",28.789647,95.894965,Debris,Slide,NA
96,AP/KM/83I01/2021/8,Arunachal Pradesh,Kamle,East of Tamen Suspension Bridge slide E of Tamen bridge,27.751917,94.023472,Debris,Slide,NA
97,AP/KM/83I01/2021/2,Arunachal Pradesh,Kamle,Kemlico slide Kemlico,27.822556,94.135417,Debris,Slide,NA
98,AP/KRA/83E10/2021/32,Arunachal Pradesh,Kra,Daadi Palin Road slide 1 Palin Road,27.652167,93.632417,Debris,Slide,NA
99,AP/KRA/83E10/2021/31,Arunachal Pradesh,Kra,Daadi Palin-Yazuli road slide Palin-Yazuli road,27.668278,93.629472,Debris,Slide,NA
100,AP/KD/83E09/2021/45,Arunachal Pradesh,Kra,Daadi West of Taya slide 2 W of Taya,27.756778,93.436761,,Slide,NA
101,AP/KD/83E09/2021/39,Arunachal Pradesh,Kra,Daadi Upper Mer slide 4 Upper Mer,27.773847,93.595528,Debris,Slide,NA
102,AP/KD/83E09/2021/44,Arunachal Pradesh,Kra,Daadi Near Pitak slide 1 Near Pitak,27.78,93.456231,Debris,Slide,NA
103,AP/KK/83E09/2021/19,Arunachal Pradesh,Kurung,Kumey Nibi village slide Nibi village,27.83275,93.504417,Debris,Slide,NA
104,AP/KK/83E09/2021/20,Arunachal Pradesh,Kurung,Kumey Relung New camp slide 2 Relung New camp,27.863722,93.473389,Debris,Slide,NA
105,AP/KK/83E09/2021/29,Arunachal Pradesh,Kurung,Kumey Kele village slide 1 NW of Kele village,27.882056,93.444333,Debris,Slide,NA
106,AP/KK/83E09/2021/26,Arunachal Pradesh,Kurung,Kumey Koloriang slide 4 East of Koloriang,27.897722,93.406306,Debris,Slide,NA
107,AP/LEP/83I09/2021/90,Arunachal Pradesh,Lepa,rada Ego-Yamin Basar road slide 3 Ego-Yamin Basar road section,27.910417,94.739528,Debris,Slide,NA
108,AP/LEP/83I09/2021/87,Arunachal Pradesh,Lepa,rada Kamdak-Basar road slide Kamdak-Basar road section,27.914944,94.721806,Rock,Slide,NA
109,AP/LEP/83I09/2021/86,Arunachal Pradesh,Lepa,rada Pagi-Basar road slide Pagi- Basar road section,27.933611,94.703472,Rock,Slide,NA
110,AP/LEP/83I09/2021/84,Arunachal Pradesh,Lepa,rada Garo- Basar road section slide 4 Garo- Basar road section,27.938056,94.700306,Rock,Slide,NA
111,AR/LPD/82L12/2021/03,Arunachal Pradesh,Lepa,rada Tirbin Slide Within Tirbin Township,28.022667,94.574294,Debris,Slide,NA
112,AR/LPD/82L12/2021/05,Arunachal Pradesh,Lepa,rada Tirbin-Tai Road slide Tirbin-Tai Road,28.024691,94.553634,Debris,Slide,NA
113,AR/LPD/82L12/2021/08,Arunachal Pradesh,Lepa,rada Tirbin-Basar Road Slide Tirbin-Basar Road,28.029848,94.616455,Debris,Slide,NA
114,AR/LOH/92A05/2014/02,Arunachal Pradesh,Lohit,NH 52,27.89311,96.36336,Rock,Rock fall,2014
115,AR/ANJ/92A05/2014/21,Arunachal Pradesh,Lohit,NH-52,27.90467,96.35917,Rock,Slide,2013
116,AR/ANJ/92A05/2014/20,Arunachal Pradesh,Lohit,NH-52,27.90664,96.35964,Rock,Slide,2013
117,AR/LON/83N05/2022/007,Arunachal Pradesh,Longding,2 km NE of Tissa Longding-Khonsa road,26.925697,95.371448,Debris,Slide,NA
118,ARN/LS/83E15/2016/02,Arunachal Pradesh,Lower,Subansiri Possa-Potin slide National Highway 713-A,27.339267,93.802581,Debris,Slide,16 July 2016
119,7049,Arunachal Pradesh,Lower,Subansiri Pine Grove Near BRO Dett,27.622016,93.841176,,Slide,NA
120,7082,Arunachal Pradesh,Lower,Subansiri Nenchalaya,27.633,93.8464,Debris,Slide,NA
121,7085,Arunachal Pradesh,Lower,Subansiri Cabbage Garden,27.6375,93.8555,,Slide,NA
122,7091,Arunachal Pradesh,Lower,Subansiri 8 Mile Location,27.6394,93.8708,Debris,Slide,NA
123,7094,Arunachal Pradesh,Lower,Subansiri,27.649,93.8744,Debris,Slide,NA
124,7095,Arunachal Pradesh,Lower,Subansiri,27.6549,93.8759,Debris,Slide,NA
125,7583,Arunachal Pradesh,Lower,Siang Magi basti Roadside landslide near Magi,27.715081,94.692035,Debris,Slide,28 June 2026
126,AP/LS/83E09/2021/03,Arunachal Pradesh,Lower,Subansiri Tamen slide 4 Near Tamen,27.763722,93.992333,Debris,Slide,NA
127,AR/LS/83I13/2022/102,Arunachal Pradesh,Lower,Siang Old Deka village Slide 1 Old Deka road,27.790489,94.958147,Debris,Slide,NA
128,AP/LS/83E09/2021/07,Arunachal Pradesh,Lower,Subansiri Baring village slide Baring village,27.8345,93.933694,Debris,Slide,NA
129,AP/LDV/82P16/2022/73,Arunachal Pradesh,Lower,Dibang Valley From Roing 14.3 kms along NH-313 NH-313 (Roing-Anini road),28.198018,95.810448,Rock,Slide,NA
130,4525,Arunachal Pradesh,Lower,Dibang Valley Beside NH 313,28.198566,95.813206,Debris,Debris flow,NA
131,AP/LDV/82P16/2022/71,Arunachal Pradesh,Lower,Dibang Valley From Roing 17.95 kms along NH-313 NH-313 (Roing-Anini road),28.21267,95.803194,Debris,Slide,NA
132,AP/LDV/82P16/2022/61,Arunachal Pradesh,Lower,Dibang Valley From Roing 18.6 kms along NH-313 Newly connstructing Roing-,28.215014,95.799764,Rock,Slide,NA
133,AP/LDV/82P16/2022/69,Arunachal Pradesh,Lower,Dibang Valley From Roing 19.4 kms along NH-313 NH-313 (Roing-Anini road),28.215862,95.795227,Debris,Slide,NA
134,AP/LDV/82P16/2022/60,Arunachal Pradesh,Lower,Dibang Valley From Roing 19 kms along NH-313 NH-313 (Roing-Anini road),28.216253,95.796393,Debris,Slide,NA
135,AP/LDV/82P16/2022/67,Arunachal Pradesh,Lower,Dibang Valley From Roing 20.8 kms along NH-313 NH-313 (Roing-Anini road),28.219976,95.799065,Debris,Slide,NA
136,AP/LDV/82P16/2022/53,Arunachal Pradesh,Lower,Dibang Valley From Roing 21.8 kms along NH-313 Newly connstructing Roing-,28.227703,95.781369,Debris,Slide,NA
137,AP/LDV/82P16/2022/48,Arunachal Pradesh,Lower,Dibang Valley From Roing 23.3 kms along NH-313 Newly connstructing Roing-,28.237008,95.776204,Debris,Slide,NA
138,AP/LDV/82P16/2022/42,Arunachal Pradesh,Lower,Dibang Valley From Roing 24.9 kms along NH-313 Newly connstructing Roing-,28.245016,95.77363,Debris,Slide,NA
139,AP/LDV/82P16/2022/78,Arunachal Pradesh,Lower,Dibang Valley From Bomjir 13.6 kms along NH-13 NH-313 (Roing-Pasighat road),28.249718,95.546273,Debris,Slide,NA
140,AP/LDV/82P16/2022/45,Arunachal Pradesh,Lower,Dibang Valley From Roing 26.2 kms along NH-313 Newly connstructing Roing-,28.252176,95.775797,Rock,Slide,NA
141,AP/LDV/82P11/2022/LS72,Arunachal Pradesh,Lower,"Dibang Valley Sisseri bridge slide NH-13, towards Sesseri bridge",28.253915,95.578439,Debris,Slide,NA
142,AP/E-Siang/82P8/2021/LS24,Arunachal Pradesh,Lower,Dibang Valley LS-24 NH-13,28.255261,95.582613,Rock,,NA
143,AP/E-Siang/82P8/2021/LS26,Arunachal Pradesh,Lower,Dibang Valley LS-26 NH-13,28.256126,95.576152,Debris,Slide,NA
144,AP/LDV/82P11/2022/LS76,Arunachal Pradesh,Lower,"Dibang Valley Sisseri bridge slide NH-13, towards Sesseri bridge",28.256434,95.57515,Debris,Slide,NA
145,AP/E-Siang/82P8/2021/LS27,Arunachal Pradesh,Lower,"Dibang Valley LS-27 NH-513, towards Bodak village",28.25736,95.55087,Debris,Slide,NA
146,AP/LDV/82P/11/2022/LS-92,Arunachal Pradesh,Lower,Dibang Valley West Sisseri bridge slide NH-13.,28.262806,95.565421,Debris,Slide,NA
147,AP/LDV/82P/11/2022/LS-93,Arunachal Pradesh,Lower,Dibang Valley West of Sisseri bridge Western bank of Sisseri river,28.262989,95.59932,Debris,Slide,NA
148,AP/E-Siang/82P8/2021/LS28,Arunachal Pradesh,Lower,Dibang Valley LS-28 NH-513,28.263228,95.570962,Debris,Slide,NA
149,AP/E-Siang/82P8/2021/LS29,Arunachal Pradesh,Lower,Dibang Valley LS-29 NH-513,28.264888,95.550575,Rock,,NA
150,AP/DV/83P/14/2022/LS-101,Arunachal Pradesh,Lower,Dibang Valley <Null> NH-313,28.266795,95.607261,Debris,Slide,NA
151,AP/LDV/82P16/2022/153,Arunachal Pradesh,Lower,Dibang Valley From Mayudia Pass 10.75 kms along NH-313 (Roing-Anini road),28.286447,95.920837,Rock,Slide,NA
152,AP/LDV/82P16/2022/110,Arunachal Pradesh,Lower,Dibang Valley From Hunli 8.3 km along HMH road Hunli-Metengliang-Hayuliang,28.313528,95.966611,Rock,Slide,NA
153,AP/LDV/82P16/2022/111,Arunachal Pradesh,Lower,Dibang Valley N/A N/A,28.315484,95.982181,Rock,Slide,NA
154,AP/LDV/82P16/2022/121,Arunachal Pradesh,Lower,Dibang Valley From Hunli 1.5 km along HMH road Hunli-Metengliang-Hayuliang,28.319141,95.956918,Debris,Slide,NA
155,AP/LDV/82P16/2022/131,Arunachal Pradesh,Lower,Dibang Valley From Hunli 16.2 kms along NH-313 NH-313 (Roing-Anini road),28.359553,95.948576,Rock,Rock fall,NA
156,AP/LDV/82P16/2022/119,Arunachal Pradesh,Lower,Dibang Valley From Hunli 2.4 km along HMH road Hunli-Metengliang-Hayuliang,28.487904,95.84071,Debris,Slide,NA
157,AP/EK/83E03/2021/28,Arunachal Pradesh,Pakke,Kessang Ngoleko Village slide NH-31,27.208083,93.133472,,Slide,NA
158,AR/EAK/84E04/2025/21,Arunachal Pradesh,Pakke,Kessang NH 13,27.216933,93.066329,Debris,Slide,NA
159,AR/EAK/84E04/2025/20,Arunachal Pradesh,Pakke,Kessang NH 13,27.216933,93.066329,Debris,Slide,NA
160,6997,Arunachal Pradesh,Papum,Pare Bedhi Bedha near Ganga lake entrance,27.076582,93.569035,Debris,Slide,NA
161,7387,Arunachal Pradesh,Papum,Pare,27.086102,93.596625,Debris,Fall,NA
162,AP/PAP/83E12/2021/18,Arunachal Pradesh,Papum,Pare Papu nala slide Near Papu nala,27.088278,93.66925,Debris,Slide,NA
163,AP/PP/83E12/2008/A-4,Arunachal Pradesh,Papum,Pare Slide at Abotany Vihar,27.091139,93.615667,Debris,Slide,2008
164,AR/83E/12/2021/2,Arunachal Pradesh,Papum,"Pare D-Sector NH415, Itanagar city",27.09589,93.62284,Debris,Slide,NA
165,AR/83E/12/2018/06,Arunachal Pradesh,Papum,Pare Sanki-II MowII-Senkicircular road,27.10215,93.61371,Debris,Slide,NA
166,AP/PAP/83E12/2021/4,Arunachal Pradesh,Papum,Pare NE of Itanagar slide 1 NE of Itanagar,27.102944,93.640417,Debris,Slide,NA
167,AP/PAP/83E12/2021/6,Arunachal Pradesh,Papum,Pare NE of Itanagar slide 3 NE of Itanagar,27.106722,93.660111,Debris,Slide,NA
168,ARN/PAP/83E11/2017/03,Arunachal Pradesh,Papum,Pare 6 kilo NH- 415,27.10736,93.64975,Debris,Slide,2017
169,6825,Arunachal Pradesh,Papum,Pare Yupia-2,27.157291,93.739896,Debris,Slide,NA
170,6808,Arunachal Pradesh,Papum,Pare Yupia-1,27.160636,93.738873,Debris,Slide,NA
171,6837,Arunachal Pradesh,Papum,Pare,27.162502,93.746553,Debris,Slide,NA
172,6859,Arunachal Pradesh,Papum,Pare Rono-2,27.166864,93.755668,Debris,Slide,NA
173,AP/PAP/83E16/2021/12,Arunachal Pradesh,Papum,Pare West of Doimukh slide 1 W of Doimukh,27.194111,93.780944,Debris,Slide,NA
174,AP/PAP/83E12/2021/69,Arunachal Pradesh,Papum,Pare Peech-Hoj village slide Peech-Hoj village,27.207583,93.615667,Debris,Slide,NA
175,ARN/PAP/83E12/2017/01,Arunachal Pradesh,Papum,"Pare Laptap Landslide Trans Arunachal Highway,",27.207659,93.615842,Debris,Slide,2017
176,6966,Arunachal Pradesh,Papum,Pare Sopo-1,27.20833,93.794568,Debris,Slide,NA
177,AP/PAP/83E12/2021/67,Arunachal Pradesh,Papum,Pare Laptap village slide 1 Laptap village,27.214778,93.635667,Debris,Slide,NA
178,AP/PAP/83E12/2021/65,Arunachal Pradesh,Papum,Pare Mep Soro-Jote road section slide 10 Mep Soro-Jote road section,27.216639,93.691472,Debris,Slide,NA
179,AP/PAP/83E12/2021/62,Arunachal Pradesh,Papum,Pare West of Mep Soro slide 2 W of Mep Soro,27.234139,93.707861,Rock,Slide,NA
180,AP/PAP/83E12/2021/74,Arunachal Pradesh,Papum,Pare Mep Soro-Jote road section slide 11 Mep Soro-Jote road section,27.234917,93.536139,Debris,Slide,NA
181,AP/PAP/83E12/2021/59,Arunachal Pradesh,Papum,Pare West of Dakte village slide 3 W of Dakte village,27.239333,93.745,Debris,Slide,NA
182,AP/PAP/83E12/2021/60,Arunachal Pradesh,Papum,Pare West of Dakte village slide 4 W of Dakte village,27.241,93.731417,Debris,Slide,NA
183,6975,Arunachal Pradesh,Papum,Pare Hara Hapa-1,27.246268,93.804628,Debris,Slide,NA
184,AP/PAP/83E16/2021/53,Arunachal Pradesh,Papum,Pare Mep Soro-Jote road section slide 4 Mep Soro-Jote road section,27.24675,93.765333,Debris,Slide,NA
185,AP/PAP/83E11/2021/76,Arunachal Pradesh,Papum,Pare Sagalee-Jote road section slide 2 Sagalee-Jote road section,27.2495,93.507833,,Slide,NA
186,6977,Arunachal Pradesh,Papum,Pare Hara Hapa-3,27.252527,93.804341,Debris,Slide,NA
187,6978,Arunachal Pradesh,Papum,Pare Hoj,27.25649,93.795077,Debris,Slide,NA
188,AP/PAP/83E15/2021/49,Arunachal Pradesh,Papum,"Pare NEEPCO office, Sagalee slide 3 NEEPCO office, Sagalee",27.260222,93.7895,Debris,Slide,NA
189,7006,Arunachal Pradesh,Papum,Pare Hoj,27.267809,93.801259,Debris,Slide,NA
190,AP/PAP/83E15/2021/21,Arunachal Pradesh,Papum,Pare West of Shepa village slide 2 W of Shepa village,27.270019,93.799333,Debris,Slide,NA
191,ARN/TWG/KHT/2016-17/20,Arunachal Pradesh,Tawang,Khangteng Slide,27.50994444,91.85486111,Earth,Slide,2016
192,ARN/TWNG/78M14/2016/0018,Arunachal Pradesh,Tawang,Dumgin Road sinking,27.579,91.868639,,Subsidence,2016
193,ARN/TWG/RBR/2016-17/17,Arunachal Pradesh,Tawang,Rabrang Sinking zone,27.58647222,91.89636111,Debris,,NA
194,ARN/TWNG/787M14/2016/002,Arunachal Pradesh,Tawang,Khremithang slide,27.586694,91.871444,,Slide,2016
195,AR/WKG/78M14/2021/001,Arunachal Pradesh,Tawang,NH 13 Slide 34 NH 13/ S of Jangda,27.591417,91.973083,,Slide,NA
196,ARN/TWNG/78M14/2016/0008,Arunachal Pradesh,Tawang,All India Radio Colony Slide,27.591806,91.865028,,Fall,22 April 2016
197,ARN/TWNG/78M14/2016/0009,Arunachal Pradesh,Tawang,Rubrang Slide,27.591833,91.865056,Debris,Debris flow,2016
198,ARN/TWNG/78M14/2016/0013,Arunachal Pradesh,Tawang,Duda Slide (District Urban,27.594833,91.866417,Debris,Slide,22 April 2016
199,ARN/TWNG/78M14/2016/0003,Arunachal Pradesh,Tawang,Shyinteng slide,27.595167,91.895444,Debris,Slide,2016
200,AR/TIR/83N09/2022/016,Arunachal Pradesh,Tirap,1.5 km SE of Sanliam Khonsa-Lazu road,26.919823,95.545421,Debris,Slide,NA
201,AR/TIR/83N05/2022/009,Arunachal Pradesh,Tirap,4 km SW of Pangchau Longding-Khonsa road,26.93529,95.37696,Debris,Slide,NA
202,AR/TIR/83N05/2022/008,Arunachal Pradesh,Tirap,5 km SW of Pangchau Longding-Khonsa road,26.936043,95.370996,Debris,Slide,NA
203,AR/TIR/83N09/2022/014,Arunachal Pradesh,Tirap,1.7 SE of Keti Khonsa-Lazu road,26.952173,95.519402,Debris,Slide,NA
204,AR/TIR/83N05/2022/013,Arunachal Pradesh,Tirap,500 m E of Lapnan Longding-Khonsa road,26.994618,95.486818,Debris,Slide,NA
205,AR/TIR/83M12/2022/021,Arunachal Pradesh,Tirap,"3 km E of Khela Khonsa-Changlang road, NH-",27.019379,95.555899,Debris,Slide,NA
206,AR/TIR/83M12/2022/027,Arunachal Pradesh,Tirap,"400m S of Lanwang Khonsa-Changlang road, NH-",27.072206,95.634021,Rock,Slide,NA
207,AR/US/82P04/2022/107,Arunachal Pradesh,Upper,Siang Pasighat-Yingkiong road Slide 20 NH-513,28.213028,95.232528,Debris,Slide,NA
208,AR/US/82P04/2022/043,Arunachal Pradesh,Upper,Siang Pasi-Tinali Slide 2 NH 513,28.386806,95.240111,Rock,Slide,NA
209,AR/US/82P04/2022/054,Arunachal Pradesh,Upper,Siang Mariyang-Yingkiong road Slide 2 NH-513,28.512056,95.1805,Debris,Slide,NA
210,AR/US/82P04/2022/055,Arunachal Pradesh,Upper,Siang Mariyang-Yingkiong road Slide 2 NH-513,28.516083,95.178028,Rock,Slide,NA
211,AR/US/82P02/2022/070,Arunachal Pradesh,Upper,Siang West of Kolung Slide 4 NH-513 (Mariyang-Yingkiong,28.550694,95.158333,Debris,Slide,NA
212,AR/US/82P02/2022/062,Arunachal Pradesh,Upper,Siang Yingkiong road Slide 5 NH-513,28.617667,95.056444,,Slide,NA
213,AR/US/82P02/2022/063,Arunachal Pradesh,Upper,Siang Yingkiong road Slide 6 NH-513,28.619917,95.057583,Debris,Slide,NA
214,AR/USI/82L13/2022/47,Arunachal Pradesh,Upper,Siang Janbo-Mosing Road Slide Janbo-Mosing Road,28.787001,94.81686,Debris,Slide,NA
215,AR/USI/82L13/2022/51,Arunachal Pradesh,Upper,Siang Mosing-Tuting Road Slide Mosing-Tuting Road,28.816882,94.791032,Debris,Slide,NA
216,AR/USI/82L13/2022/52,Arunachal Pradesh,Upper,Siang Likor-Palling Road Slide Likor-Palling Road,28.830097,94.874715,Debris,Slide,NA
217,AR/WKG/83A12/2021/051,Arunachal Pradesh,West,Kameng Bhalukpong Cicuit House Slide Bhalukpong Circuit House,27.018583,92.635667,,Slide,NA
218,AP/WK/83E12/2008/A-9,Arunachal Pradesh,West,Kameng Slide at Tippi,27.035278,92.610556,Debris,Slide,2008
219,4540,Arunachal Pradesh,West,Kameng,27.08386,92.587656,Rock,Slide,NA
220,3515,Arunachal Pradesh,West,Kameng Pinjuli bridge Just before pinjuli bridge,27.084417,92.586622,Debris,Slide,NA
221,AR/WKG/83A12/2021/046,Arunachal Pradesh,West,Kameng Seppa Road Slide 7 Seppa Road Section,27.112694,92.543472,Debris,Slide,NA
222,AR/WKG/83A12/2021/054,Arunachal Pradesh,West,Kameng Pinjori-Kimi Road Slide 3 Pinjori-Kimi Road,27.115694,92.763028,Rock,Slide,NA
223,AR/WKG/83A12/2021/043,Arunachal Pradesh,West,Kameng Seppa Road Slide 4 Seppa Road Section,27.183833,92.599333,Debris,Slide,NA
224,AR/WKG/83A12/2021/044,Arunachal Pradesh,West,Kameng Seppa Road Slide 5 Seppa Road Section,27.190861,92.607806,Debris,Slide,NA
225,AR/WKG/83A12/2021/008,Arunachal Pradesh,West,Kameng NH 13 Slide 6 NH 13,27.204139,92.529278,Rock,Rock fall,NA
226,AR/WKG/83A12/2021/011,Arunachal Pradesh,West,Kameng NH 13 Slide 9 NH 13/ W of New Kaspi,27.208222,92.55475,Debris,Slide,NA
227,6992,Arunachal Pradesh,West,Kameng,27.288425,92.769407,Rock,Slide,NA
228,AR/WKG/83A07/2021/015,Arunachal Pradesh,West,Kameng NH 13 Slide 12 NH 13/ S of Tinghei,27.291528,92.391778,Debris,Slide,NA
229,AR/WKG/83A07/2021/020,Arunachal Pradesh,West,Kameng NH 13 Slide 17 NH 13/ N of Dharbu,27.325278,92.373722,Debris,Slide,NA
230,AP/WK/83E12/2008/A-14,Arunachal Pradesh,West,Kameng Slide at 5 km N of Dirang,27.345556,92.266389,Debris,Debris flow,2008
231,AR/WKG/83A03/2021/034,Arunachal Pradesh,West,Kameng Dirang- Rungkhung Road Section Slide Dirang- Rungkhung Road,27.362028,92.244028,Debris,Slide,NA
232,AR/WKG/83A03/2021/037,Arunachal Pradesh,West,Kameng Dirang Town Baptist Church Slide 1 Dirang-Rungkhung Road Section,27.367611,92.2415,Debris,Slide,NA
233,AR/WKG/83A03/2021/032,Arunachal Pradesh,West,Kameng NH 13 Slide 29 NH 13/ S of Nyakmadung,27.405861,92.133778,Debris,Slide,NA
234,AR/WKG/83A03/2021/026,Arunachal Pradesh,West,Kameng NH 13 Slide 23 NH 13/ NW of Milumkang,27.433056,92.123583,,Slide,NA
235,AR/WKG/83A03/2021/030,Arunachal Pradesh,West,Kameng NH 13 Slide 27 NH 13/ NW of Kalobtse Mani,27.496333,92.104333,Rock,Slide,NA
236,AP/WSG/83I09/2021/111,Arunachal Pradesh,West,Siang Garu-Siji road section slide 9 Garu-Siji road section,27.752611,94.7175,Rock,Slide,NA
237,AP/WSG/83I09/2021/110,Arunachal Pradesh,West,Siang Garu-Siji road section slide 8 Garu-Siji road section,27.754806,94.715444,Rock,Slide,NA
238,AP/WSG/83I09/2021/109,Arunachal Pradesh,West,Siang Siji Camp slide NE of Siji Camp,27.757417,94.716167,Rock,Slide,NA
239,AP/WSG/83I09/2021/104,Arunachal Pradesh,West,Siang Garu-Siji road section slide 3 Garu-Siji road section,27.777278,94.715583,Debris,Slide,NA
240,AP/WSG/83I09/2021/103,Arunachal Pradesh,West,Siang Garu-Siji road section slide 2 Garu-Siji road section,27.786833,94.720111,Rock,Slide,NA
241,AP/WSG/83I09/2021/98,Arunachal Pradesh,West,Siang Garo- Basar road slide 6 Garo-Basar road section,27.797389,94.735333,Rock,Slide,NA
242,AR/WS/83I13/2022/094,Arunachal Pradesh,West,Siang Likabali-Aalo road Slide 3 Silapathar- Basar road,27.847111,94.783139,Debris,Slide,NA
243,AR/WS/83I13/2022/100,Arunachal Pradesh,West,Siang NE of Daring Slide 1 Daring road,27.893389,94.842194,,Slide,NA
244,AR/WSI/82L12/2021/11,Arunachal Pradesh,West,Siang Daba Gamlin - Yomcha road slide Daba Gamlin-Yomcha Road,28.022249,94.535672,Debris,Slide,NA
245,AR/WS/82L16/2022/090,Arunachal Pradesh,West,Siang Pakam Slide NH-13,28.133778,94.788,,Slide,NA
246,AR/US/82P04/2022/089,Arunachal Pradesh,West,Siang N of Pakam Slide 1 NH-13,28.141139,94.786583,,Slide,NA
247,AR/WSI/82L12/2021/15,Arunachal Pradesh,West,Siang Aalo-kaying Road Highway slide Aalo-Kaying Highway,28.192217,94.713927,Debris,Slide,NA
248,AR/WSI/82L11/2021/16,Arunachal Pradesh,West,Siang Kamba-Kaying road slide Aalo-Kaying Highway,28.310626,94.675637,Debris,Slide,NA
249,AR/WSI/82L11/2021/18,Arunachal Pradesh,West,Siang Kaying- Thumbin road slide Kaying-Thumbin road,28.42636,94.6774,Debris,Slide,NA
250,AR/WSI/82L11/2021/21,Arunachal Pradesh,West,Siang Kaying- Thumbin road slide Kaying-Thumbin road,28.430622,94.674225,Debris,Slide,NA
251,AS/BON/78J11/2018/2,Assam,Bongaigaon,Shalabhandar Quarry Shalabhandar,26.3848,90.5943,Rock,Slide,NA
252,AS/CHR/83D14/2020/5,Assam,Cachar,Shymacharanpur slide Shyamacharanpur,24.53,92.84,Debris,Slide,NA
253,AS/CAC/83D10/2025/1,Assam,Cachar,"Bag-O-Bahar, Khasia Punji",24.57257,92.70357,Debris,Slide,2023
254,AS/DIM/83C16/2018/28,Assam,Cachar,Lalpani NH53,24.813648,93.073009,Debris,Slide,NA
255,AS/CAC/83D09/2025/4,Assam,Cachar,Naraincherra landslide Balicherra Grant,24.96756,92.74392,Debris,Slide,2025
256,AS/CAC/83H01/2018/53,Assam,Cachar,Lailongchara 1 NH53,24.97714,93.03344,Debris,Slide,NA
257,AS/CHR/83D13/2020/2,Assam,Cachar,"Balichhara slide-2 NH-27(Old NH-54E, Silchar-",24.99,92.75,Debris,Slide,NA
258,AS/CHR/83C12/2020/7,Assam,Cachar,"NH -27 slide 1 NH-27(Old NH-54E, Silchar-",25.01,92.75,Debris,Slide,NA
259,AS/CHR/83C12/2020/1,Assam,Cachar,Bhamai slide-1 Karbi houses(Bhamai river side),25.02,92.52,Debris,Slide,2019
260,AS/CAC/83C4/2016/75,Assam,Cachar,0.48 km N of Malidhar NH44,25.032119,92.462636,Debris,Slide,2015
261,AS/DIM/83C16/2018/49,Assam,Dima,Hasao Durbintola5 NH53,25.019029,92.770549,Debris,Slide,NA
262,AS/DIM/83C16/2017/40,Assam,Dima,Hasao Durbintola3 NH54,25.0365,92.780417,Debris,Slide,NA
263,AS/DIM/83C16/2017/37,Assam,Dima,Hasao Bandarkhal11 NH54,25.046444,92.789667,Debris,Slide,NA
264,AS/DIM/83C16/2017/21,Assam,Dima,Hasao Bandarkhal6 NH54,25.054917,92.800333,,Slide,NA
265,AS/DIM/83C16/2017/18,Assam,Dima,Hasao Bandarkhal3 NH54,25.060088,92.807089,Debris,Slide,NA
266,AS/DIM/83C16/2017/15,Assam,Dima,Hasao Paschim Bandarkhla3 West of Paschim Bandarkhal,25.061375,92.795906,Debris,Slide,NA
267,AS/DIM/83C16/2017/17,Assam,Dima,Hasao Bandarkhal2 NH54,25.061417,92.806833,Debris,Slide,NA
268,AS/DIM/83C16/2017/14,Assam,Dima,Hasao Paschim Bandarkhla2 West of Paschim Bandarkhal,25.063378,92.795536,Debris,Slide,NA
269,AS/DIM/83C16/2017/06,Assam,Dima,Hasao Retzawl5 Old HaflongSilchar road,25.10275,92.986944,Debris,Slide,NA
270,AS-14/2011,Assam,Dima,Hasao Rekho slide-2,25.10622222,92.8845,,,2011
271,AS/DIM/83G4/2015/15,Assam,Dima,Hasao Silchar road NH-54 near Jatinga,25.108,93.003,Earth,Slide,NA
272,ASM/DH/83C16/PD/2016/47,Assam,Dima,"Hasao (N.C. Hills) NH 54 Rekho slide (2) NH 54, near Rekho village, Dima",25.10988889,92.89316667,Debris,Slide,2016
273,AS/DIM/83G4/2015/18,Assam,Dima,Hasao Silchar road NH-54 near Jatinga,25.12,93.02,Earth,Slide,NA
274,AS/DIM/83G4/2015/55,Assam,Dima,"Hasao Bara Wapu Bara Wapu, NH-54",25.122,93.025,Earth,Slide,2014
275,AS/DIM/83G4/2015/30,Assam,Dima,"Hasao NutanLeikul-3 Nutan.Leikul,NH-54",25.139,93.04,Earth,Slide,2014
276,ASM/DH/83G4/ PD/2016/18,Assam,Dima,"Hasao Jatinga-Haflong Road section-1. Jatinga-Haflong Road section,",25.13961111,93.01955556,Debris,Slide,22 May 2016
277,ASM/DH/83G4/2016/44,Assam,Dima,Hasao New Haflong R. S slide(3) New Haflong Railway Station,25.14525,93.029167,Debris,Slide,2016
278,LS_ASM_DH_0407/2024,Assam,Dima,Hasao Lasang Aam road slide Lasang Aam road section,25.147883,93.085354,Debris,Slide,2022
279,ASM/DH/83G4/PD/2016/43,Assam,Dima,Hasao (N.C. Hills) New Haflong R.S. slide - (2) New Haflong Railway Station,25.14872222,93.03191667,Debris,,17 May 2016
280,ASM/DH/83G4/2016/25,Assam,Dima,Hasao Mahadev Tila slide-2 Haflong town,25.155611,93.022222,Debris,Slide,2016
281,ASM/DH/83G4/2016/27,Assam,Dima,Hasao Haflong-Jatinga road section slide-02 Haflong town,25.156389,93.018389,Debris,Slide,2016
282,ASM/DH/83G04/2022-23/008,Assam,Dima,"Hasao Mahadev Tilla Subsidence Mahadev Tilla, Haflong",25.156483,93.018367,Debris,Subsidence,2022
283,ASM/DH/83G04/2022-23/033,Assam,Dima,Hasao Mahadev Tilla slide 2 Mahadev Tilla village,25.1568056,93.019722,Debris,Slide,13 May 2022
284,ASM/DH/83G04/2022-23/034,Assam,Dima,Hasao G.C. Langthasa High school Slide Mahadev Tilla village,25.156833,93.017694,Debris,Slide,1998
285,AS/DIM/83G4/2015/43,Assam,Dima,"Hasao Pura-4 Pura,NH-54",25.157,93.066,Earth,Slide,2014
286,AS/DIM/83G4/2015/64,Assam,Dima,Hasao Pura Sinking Zone village Pura village on NH-54,25.157,93.062,Earth,Slide,2014
287,ASM/DH/83G04/2022-23/026,Assam,Dima,"Hasao Lower Songpijang Slide 1 Lower Sonpijang, Haflong",25.158138,93.024778,Earth,Slide,15 May 2022
288,ASM/DH/83G04/2022-23/017,Assam,Dima,"Hasao Kana Basti Slide 2 Kana Basti, Haflong",25.16023,93.01084,Debris,Slide,14 May 2022
289,ASM/DH/83G04/2022-23/020,Assam,Dima,"Hasao Natun Basti Slide 3 Natun Basti, Haflong",25.162472,93.01044,Debris,Slide,2022
290,ASM/DH/83G4/ PD/2016/14,Assam,Dima,"Hasao Songpiang-2 Songpiang village, Haflong,",25.16344444,93.02316667,Debris,Slide,22 May 2016
291,ASM/DH/83G4/ PD/2016/13,Assam,Dima,"Hasao Songpiang-1 Songpiang village, Haflong,",25.16563889,93.02544444,Debris,Fall,22 May 2016
292,AS/DIM/83G4/2015/45,Assam,Dima,Hasao Riao slide Near Riao village.,25.169,93.156,Earth,Slide,NA
293,ASM/DH/83G04/2022-23/009,Assam,Dima,"Hasao Fiangpui Subsidence Fiangpui, Haflong",25.17175,93.00726,Debris,Subsidence,2022
294,ASM/DH/83G4/2016/23,Assam,Dima,Hasao Mahur Mahur,25.176389,93.116139,Debris,Slide,2016
295,ASM/DH/83G4/ PD/2016/08,Assam,Dima,"Hasao Khongsai slide- 2 Khongsai village, Haflong, Dima",25.17691667,93.02655556,Earth,Slide,22 May 2016
296,ASM/DH/83G4/2016/05,Assam,Dima,"Hasao Khongsai slide-1 Khongsai village, Haflong",25.1775,93.026222,Earth,Slide,2014
297,ASM/DH/83G04/2022-23/007,Assam,Dima,"Hasao Moulhoi- N. D. Raji Subsidence Zone Moulhoi, Haflong",25.178006,93.022825,Earth,Subsidence,
298,ASM/DH/83G4/2016/01,Assam,Dima,Hasao Migrendisa slide Near Migrendisa Railway,25.179861,93.070778,Debris,Slide,2016
299,ASM/DH/83G4/2016/21,Assam,Dima,"Hasao Heuwangaberam-2 Heuwangaberam village, Mahur",25.18725,93.120556,Debris,Slide,2016
300,LS_ASM_DH_0406/2024,Assam,Dima,Hasao Khomunnom playground slide Khomunnom,25.18833,93.104922,Earth,Slide,2022
301,ASM/DH/83G4/ PD/2016/53,Assam,Dima,"Hasao (N.C. Hills) Mahur railway station slide Mahur railway station, Haflong,",25.18955556,93.09641667,Debris,Slide,22 May 2016
302,ASM/DH/83G04/2022-23/012,Assam,Dima,"Hasao Lower Haflong Slide 1 Lower Haflong , Haflong",25.18972,93.02011,Debris,Slide,2022
303,AS/DIM/83G4/2015/39,Assam,Dima,"Hasao Asalu-2 Asalu,NH-54",25.191,93.192,Earth,Slide,NA
304,ASM/DH/83G4/ PD/2016/22,Assam,Dima,"Hasao Heuwangaberam-3 Heuwangaberam village,",25.19308333,93.12041667,Earth,Slide,2016
305,ASM/DH/83G4/PD/2016/39,Assam,Dima,"Hasao (N.C. Hills) Haflong-Gunjung road section slide-10 Lower Haflong,",25.19972222,93.01672222,Debris,Slide,NA
306,AS/DIM/83G4/2015/48,Assam,Dima,Hasao Riao Near Riao Village.,25.204,93.059,Earth,Slide,NA
307,AS/DIM/83G4/2015/53,Assam,Dima,"Hasao Semdikhar Semdikhar,NH-54",25.206,93.126,Earth,Slide,2014
308,ASM/DH/83G4/2016/03,Assam,Dima,"Hasao Heuwangberam subsidence zone-1 NH 54, Heuwangberam",25.207389,93.122778,Debris,Subsidence,2016
309,AS/DIM/83G4/2015/51,Assam,Dima,"Hasao Heuwangbram Near Heuwangbram ,NH-54",25.208,93.121,Earth,Slide,2014
310,AS/DIH/83G08/2020/25,Assam,Dima,Hasao Laisong Bazar to Hejaichak road,25.21,93.31,Debris,Slide,NA
311,AS/DIH/83G08/2020/12,Assam,Dima,Hasao Data collected from Mahur-,25.21,93.25,Debris,Slide,NA
312,AS/DIM/83C16/2017/05,Assam,Dima,Hasao Robi Nala Slide MichiduiHaflong road,25.216881,92.982245,Debris,Slide,NA
313,ASM/DH/83G4/ PD/2016/38,Assam,Dima,"Hasao (N.C. Hills) Haflong – Gunjung road section slide- Haflong town, Dima Hasao (NC",25.21694444,93.01136111,Debris,Slide,2016
314,AS/DIH/83G08/2020/24,Assam,Dima,Hasao Laisong Bazar to Hejaichak road,25.22,93.32,Debris,Slide,NA
315,LS_ASM_DH_0396/2024,Assam,Dima,Hasao Gunjung road slide 1 Gunjung road section,25.22548,93.023783,Debris,Slide,2024
316,AS/DIH/83G08/2020/28,Assam,Dima,Hasao Kipeilua village,25.23,93.34,Debris,Slide,NA
317,ASM/DH/83G4/ PD/2016/34,Assam,Dima,Hasao Haflong – Gunjung road section slide- Haflong – Gunjung road section,25.23297222,93.03325,Earth,Slide,2016
318,AS/DIM/83C16/2018/26,Assam,Dima,Hasao Kalimkhu Kalimkhu (MauldemNew,25.238045,92.801279,,Slide,NA
319,AS/DIH/83G08/2020/5,Assam,Dima,Hasao Laisong bazar to Chhota Laisong,25.24,93.27,Debris,Slide,NA
320,LS_ASM_DH_0409/2024,Assam,Dima,Hasao Sampardisa-Gaijon road slide 1 Sampardisa-Gaijon road section,25.241135,93.007627,Debris,Slide,NA
321,LS_ASM_DH_0410/2024,Assam,Dima,Hasao Sampardisa-Gaijon road slide 2 Sampardisa-Gaijon road section,25.245448,93.003937,Debris,Slide,NA
322,ASM/DH/83G4/ PD/2016/31,Assam,Dima,Hasao Haflong – Gunjung road section slide- Haflong – Gunjung road section,25.24597222,93.02827778,Debris,Slide,22 May 2016
323,AS/DIM/83G07/2017/65,Assam,Dima,Hasao Thingje–Hereilo slide No.1 Thingje–Hereilo road section,25.263528,93.390611,Rock,Slide,NA
324,AS/DIM/83G07/2017/28,Assam,Dima,Hasao Guilong–Semkhor slide No.2 Guilong–Semkhor road section,25.278917,93.253194,Debris,Slide,NA
325,AS/DIM/83G07/2017/29,Assam,Dima,Hasao Guilong–Semkhor slide No.3 Guilong–Semkhor road section.,25.282861,93.296111,Debris,Slide,NA
326,AS/DIM/83G07/2017/5,Assam,Dima,Hasao Nchen–Ngaulong slide No.2 Nchen–Ngaulong road section.,25.308028,93.471028,Debris,Slide,NA
327,LS_ASM_DH_0394/2024,Assam,Dima,Hasao Maibang-Gunjung road slide 3 Maibang-Gunjung road section,25.313929,93.10485,Debris,Slide,NA
328,LS_ASM_DH_0392/2024,Assam,Dima,Hasao Maibang-Gunjung road slide 1 Maibang-Gunjung road section,25.318433,93.115767,Debris,Slide,2024
329,ASM/DIM/83C15/2017/05,Assam,Dima,Hasao Vaitongsip New Sangbar-Kobak Road,25.323731,92.80751,Earth,Slide,NA
330,AS/DIM/83G07/2017/19,Assam,Dima,Hasao Nutan Hajong–Nablaidisa slide No.1 Nutan Hajong–Nablaidisa road,25.362583,93.257722,Debris,Slide,NA
331,ASM/DH/83C15/2023-24/001,Assam,Dima,Hasao Old Sangbar playground slide Old Sangbar,25.366255,92.823037,Debris,Slide,14 May 2022
332,7198,Assam,Dima,Hasao,25.388977,93.121008,Debris,Slide,2024
333,AS/DIM/83G07/2017/44,Assam,Dima,Hasao Kepre Tongikro Mongjang slide No.13 Approx. 500 m NW of,25.394111,93.410417,Debris,Slide,NA
334,AS/DIM/83G07/2017/30,Assam,Dima,Hasao Nobdi Langting–Phath slide. Nobdi Langting–Phath road,25.398083,93.297528,,Slide,NA
335,AS/DIM/83G4/2015/25,Assam,Dima,"Hasao Dedaodip slide Dedaodip,NH-54",25.405,93.133,Earth,Slide,NA
336,AS/DIM/83G07/2017/40,Assam,Dima,Hasao Kepre Tongikro Mongjang slide No.9 Kepre Tongikro Mongjang road,25.405,93.372194,Debris,Slide,NA
337,ASM/DH/83G3/ PD/2017 /02,Assam,Dima,Hasao (N.C. Hills) Mupa slide Between Mupa and Dinhaku,25.40586111,93.11097222,Debris,Slide,20 May 2017
338,ASM/DIM/83C15/2017/02,Assam,Dima,Hasao Bagha Slide Umrangso_Dehangi Highway,25.40837,92.82826,Rock,Slide,NA
339,ASM/DH/83G03/2023-24/002,Assam,Dima,Hasao Kalachand-Bara Digar road slide Kalachand,25.412958,93.242826,Earth,Slide,NA
340,AS/DIM/83G07/2017/23,Assam,Dima,Hasao Digar nala slide No.3 Nobdi Langting–Darangbra road,25.416056,93.284222,,Slide,NA
341,AS/DIM/83G3/2015/59,Assam,Dima,Hasao Dehangi-1 Near Dehangi village,25.42,93.002,Earth,Slide,2014
342,AS/DIM/83G07/2017/38,Assam,Dima,Hasao Kepre Tongikro Mongjang slide No.7 Kepre Tongikro Mongjang road,25.420278,93.371306,Debris,Slide,NA
343,ASM/DIM/83C15/2017/09,Assam,Dima,Hasao Dehangi Slide Near Dehangi village,25.422535,92.989119,Debris,Slide,NA
344,AS/DIM/83G07/2017/35,Assam,Dima,Hasao Kepre Tongikro Mongjang slide No.5 Kepre Tongikro Mongjang road,25.423806,93.369722,Debris,Slide,NA
345,AS/DIM/83G07/2017/32,Assam,Dima,Hasao Kepre Tongikro Mongjang slide No.2 Kepre Tongikro Mongjang road,25.4255,93.363944,Debris,Slide,NA
346,ASM/DIM/83C15/2017/12,Assam,Dima,Hasao Baigaon Slide Near Baigaon village,25.434031,92.885056,Debris,Slide,NA
347,AS/DIM/83G07/2017/58,Assam,Dima,Hasao Daoblibdisa market slide No.4 Near Daoblibdisa market,25.436861,93.404583,Debris,Slide,NA
348,AS/DIM/83G07/2017/2,Assam,Dima,Hasao New Nkio–Phaikulum slide No.1. New Nkio–Phaikulum road,25.436972,93.454111,Debris,Slide,NA
349,ASM/DIM/83C15/2017/15,Assam,Dima,Hasao Amrudisa Slide Near Amrudisa village,25.441757,92.907383,Earth,Slide,NA
350,ASM/DIM/83C15/2017/07,Assam,Dima,"Hasao Dalmia cement plant slide. Dalmia cement plant, 16 kilo.",25.443082,92.989873,Earth,Slide,NA
351,AS/DIM/83G07/2017/18,Assam,Dima,Hasao Nkio–Prasadimdik slide No.8 Nkio–Prasadimdik road section.,25.443417,93.421444,Debris,Slide,NA
352,AS/DIM/83G07/2017/11,Assam,Dima,Hasao Nkio Prasadimdik slide No.1 NkioPrasadimdik road section,25.443639,93.431444,Debris,Slide,NA
353,AS/DIM/83G07/2017/54,Assam,Dima,Hasao Kepre–Koladisa–Prasadimdik slide Kepre–Koladisa–Prasadimdik,25.446056,93.408583,Debris,Slide,NA
354,ASM/DIM/83C10/2016/32,Assam,Dima,Hasao Lumsajor (Kopili Power house road) Kopili road,25.569,92.71653,Debris,Slide,NA
355,7197,Assam,Dima,Hasao,25.648512,93.121528,Debris,Slide,05 June 2025
356,AS/DIM/83G2/2015/05,Assam,Dima,"Hasao NH 54, about 1 km East of",25.67153,93.11522,Debris,,2015
357,AS/DIM/83G2/2015/09,Assam,Dima,"Hasao Manderdisa Daolapur 3, Dima",25.72561,93.13075,Debris,Slide,2015
358,AS/DH/83C16/2018/001,Assam,Dima,Hasao Bandarkhal landslide. Between NFR Bridge No. 305,26.11,94.76,Debris,Slide,14 June 2018
359,AS/GOA/78J12/2018/2,Assam,Goalpara,Phophonga village landslide Phophonga village,26.061,90.605,Debris,Slide,NA
360,AS/HKN/83D11/2020/1,Assam,Hailakandi,Jalnachaura slide Jalnachaura,24.31,92.56,Debris,Slide,NA
361,AS/HKN/83D11/2020/2,Assam,Hailakandi,Garapunjislide Telecherra,24.46,92.52,Debris,Slide,NA
362,ASM/HLKD/83D10/2016/58,Assam,Hailakandi,Terracherra Slide Terracherra area,24.478972,92.682861,Debris,Slide,17 May 2016
363,AS/HKN/83D10/2020/5,Assam,Hailakandi,Barthal slide Bilaipur,24.51,92.71,Debris,Slide,NA
364,ASM/HLKD/83D10/2016/59,Assam,Hailakandi,Lalcherra Slide (Rabinala) Near Patakhouri Durga Mandir,24.511306,92.693028,Debris,Slide,18 May 2016
365,ASM/HLK/83D10/2020/003,Assam,Hailakandi,"Mohanpur Grant Slide 1 Mohanpur Grant, Hailakandi",24.70364,92.64681,Debris,Slide,2020
366,ASM/HLK/83D09/2020/006,Assam,Hailakandi,"Chandipur Grant Slide Bowarthar, Chandipur, Algapur",24.79489,92.55506,Debris,Slide,02 June 2020
367,AS/JOR/83J06/2020/9,Assam,Jorhat,Mariani-Chanki Rd,26.54,94.37,Earth,Slide,2019
368,AS/JOR/83J06/2020/5,Assam,Jorhat,Mariani-Chanki Rd,26.55,94.36,Earth,Slide,2019
369,AS/KAM/83B4/2015/92,Assam,Kamrup,"Kalangpur Enroute to Kasangmala, Kamrup",26.043267,92.055531,Earth,Slide,NA
370,AS/KAM/83B4/2015/98,Assam,Kamrup,"Enroute Noonmati-3 En-route Noonmati-3, Kamrup",26.061861,92.147889,Debris,Slide,NA
371,AS/KAM/83B4/2015/91,Assam,Kamrup,"Enroute to Barkasarong,",26.077844,92.035022,Debris,Slide,NA
372,AS/KAM/83B4/2015/90,Assam,Kamrup,"Naukuchi Naukuchi, en-route to",26.080139,92.032667,Debris,Slide,NA
373,AS/KAM/78N16/2015/79,Assam,Kamrup,"10th mile 10th mile, Khanapara",26.102944,91.862111,Debris,Slide,NA
374,AS/KAM/83B4/2015/93,Assam,Kamrup,"2no. Rabingaon 2 no. Rabingaon, Kamrup",26.112083,92.091028,Debris,Slide,NA
375,AS/KRP/78N/16/2018/003,Assam,Kamrup,Hastinapur landslide Hastinapur Near Jorabat,26.11266667,91.85388889,Debris,Slide,24 August 2018
376,7460,Assam,Kamrup,(Metro) Khanapara,26.1445,91.7362,Rock,Flow,"31 May 2026, 15 July 2025"
377,ASM/KAM/78N16/2020/001,Assam,Kamrup,"(Metro) Kahilipara Slide Power grid, Kahilipara",26.146,91.756,Debris,Slide,NA
378,AS-01/2012-13,Assam,Kamrup,Handique Nagar slide,26.14988889,91.77394444,,,"1 May 2025, 2300hrs"
379,AS/KAM/83B04/2015/112,Assam,Kamrup,"Sakauripara Sakauripara, Namghar, Kamrup",26.153556,92.038694,Debris,Slide,NA
380,ASM/KAM,Assam,Kamrup,(Metro) Anandapur-Gangapur slide Hengrabari,26.15427778,91.79263889,Debris,Slide,13 June 2017
381,AS/KAM/78N16/2015/88,Assam,Kamrup,"Lechubagan Lechubagan, Udaynagar,",26.155,91.798167,Debris,Slide,NA
382,AS/KAM/78N16/2015/72,Assam,Kamrup,Amchang TG-2 Amchang Tea Garden,26.159139,91.915583,Debris,Slide,NA
383,AS/KAM(M)/78N12/2025/01,Assam,Kamrup,Kamakhya Main Road Kamakhya Road,26.166185,91.7147,Earth,Slide,04 June 2025
384,AS/KAMRUP/78N12/2015-,Assam,Kamrup,Landslide on the road 1km to Kamakhya Pahar to,26.16658333,91.71480556,Rock,Slide,NA
385,ASM/KAM,Assam,Kamrup,"(Metro) Bonda, Hajongdisa slide Tuinang colony",26.18841667,91.85125,Earth,Slide,16 June 2017
386,ASM/KMP/78N16/2017/06,Assam,Kamrup,(Metro) Bonda-Hajongdisa slide Tuinang colony,26.18842,91.85125,Earth,Slide,16 June 2017
387,AS/KAM/78N16/2015/85,Assam,Kamrup,"3no. Salbari 3no. Salbari, Babuji nagar,",26.19025,91.806472,Debris,Slide,NA
388,AS/K(M)/76N16/2024/01,Assam,Kamrup,"(Metro) Rudra Nagar Slide Rudra Nagar, Near Rajohuwa",26.19044,91.77502,Earth,Slide,24 May 2024
389,AS/K(M)/76N16/2024/01,Assam,Kamrup,"(Metro) Rudra Nagar Slide Rudra Nagar, Near Rajohuwa",26.19052,91.77499,Earth,Slide,24 May 2024
390,ASM/K(M)/78N16/2022-23/003,Assam,Kamrup,(Metro) Salbari Near Noonmati bazaar road,26.1916,91.80361,Debris,Slide,16 June 2022
391,AS/KRP/78N16/2018/003,Assam,Kamrup,Hastinapur landslide Hastinapur Near Jorabat,26.195306,91.765639,Debris,Slide,24 August 2018
392,ASM/KAMRUP(M)/78N16/2016-,Assam,Kamrup,"(Metro) Piyali Phukan Nagar Slide Njiura Par Path, Piyali Phukan",26.19552778,91.78055556,Earth,Slide,22 June 2016
393,ASM/KMP/78N16/2016/62,Assam,Kamrup,"(Metro) Piyali Phukan Nagar Slide Njiura Par Path, Piyali Phukan",26.195528,91.780556,Earth,Slide,2016
394,AS/KAM/78N16/2014/05,Assam,Kamrup,(Metro) Karghuli Chandmari Road,26.19622,91.76336,Earth,Earth Flow,23 March 2011
395,AS/KAMRUP(M)/78N16/2014-,Assam,Kamrup,"(Metro) Karghuli Landslide, Bankuwar Nagar, SH: Chandmari Road. Localtiy:",26.19622222,91.76336111,Earth,Earth Flow,27 June 2014
396,7192,Assam,Kamrup,,26.2272613,91.6922458,Debris,Slide,26 December 2008
397,AS/KAR/83G05/2017/16,Assam,Karbi,Anglong Dharamnala2 Diphu,25.84267,93.45244,Debris,Slide,NA
398,AS/KAR/83G05/2017/15,Assam,Karbi,Anglong Matipung Diphu,25.84444,93.45331,Debris,Slide,NA
399,AS/KAR/83G09/2017/19,Assam,Karbi,Anglong Nowgong2 Along Northeast Frontiers,25.84516,93.68408,Debris,Slide,NA
400,AS/KAR/83G09/2017/20,Assam,Karbi,Anglong Nowgong3 Along Northeast Frontiers,25.8465,93.687,Debris,Slide,NA
401,AS/KAR/83G09/2017/7,Assam,Karbi,Anglong Hafjan Kidingpur2 DhansiriChiru Timung road,25.85487,93.56583,Debris,Slide,NA
402,AS/KAR/83G09/2017/6,Assam,Karbi,Anglong Hafjan Kidingpur1 DhansiriChiru Timung road,25.85498,93.56638,Debris,Slide,NA
403,AS/KAR/83F08/2018/2,Assam,Karbi,Anglong Charbong Slide No. 2 SE of Charbong,26.056083,93.406528,,Slide,NA
404,AS/KAR/83F03/2018/5,Assam,Karbi,Anglong Samelangso-Langlangso road slide-4 Samelangso-Langlangso road,26.302944,93.225389,Debris,Slide,NA
405,AS/KAR/83F07/2018/1,Assam,Karbi,Anglong Rongar-eh Slide No. 1 Rongar-eh ΓÇô Pinghat,26.314964,93.256408,Debris,Slide,NA
406,AS/KAR/83F15/2018/1,Assam,Karbi,Anglong Numaligarh-Silonijan road slide 1 Numaligarh-Silonijan road,26.34075,93.78861,,Slide,NA
407,AS/KAR/83F11/2018/3,Assam,Karbi,Anglong Nahor Langso-3 Daigurung road,26.3477,93.7399,Debris,Slide,NA
408,AS/KAR/83F15/2018/2,Assam,Karbi,Anglong Numaligarh-Silonijan road slide 2 Numaligarh-Silonijan road,26.34838,93.78208,,Slide,NA
409,AS/KAR/83F15/2018/4,Assam,Karbi,Anglong Langsothedong slide Langsothedong,26.35622,93.77941,Debris,Slide,NA
410,AS/KAR/83F06/2018/6,Assam,Karbi,Anglong Teranggaon slide Dathora ΓÇôTeranggaon road.,26.51925,93.47147,,Slide,NA
411,AS/KAR/83F10/2018/1,Assam,Karbi,"Anglong Numaligarh-Bokaghat road. Arlongchuhu temple area,",26.57447,93.66297,,Slide,NA
412,AS/KRM/83D06/2014-15/0001,Assam,Karimganj,"Satkaragul (Pathariya Hills RF), NH-44. Satkaragul Village near",24.70619444,92.28997222,Earth,Earth Flow,10 May 2014
413,ASM/KGJ/83D05/2020/0008,Assam,Karimganj,"Karimpur Slide 2 Karimpur, Nilam Bazar",24.78002778,92.45372222,Earth,Slide,02 June 2020
414,ASM/NAG/83B08/2017/11,Assam,Nagaon,Amsoi-Amtrang road slide No.11 Amsoi- Amtrang road,26.102167,92.440472,Earth,Slide,2010
415,ASM/NAG/83B08/2017/04,Assam,Nagaon,Amsoi-Amtrang road slide No.4 Amsoi- Amtrang road,26.116972,92.440083,Debris,Slide,2014
416,ASM/NAG/83B08/2017/01,Assam,Nagaon,"Amsoi- Amtrang road slide No.1 ~1.2 Km East of Rongphigaon,",26.119417,92.439972,Earth,Slide,2015
417,AS/NAG/83F02/2018/5,Assam,Nagaon,"NH-37 slide-2 NH-37, betweenPheluguri ΓÇô",26.57455,93.11244,Debris,Slide,NA
418,AS/SON/83B13/2018/5,Assam,Sonitpur,Nishi Phuloguri Howa River slide GaroBasti,26.9174,92.77163,Debris,Slide,NA
419,AS/SON/83B13/2018/3,Assam,Sonitpur,GaroBasti slide GaroBasti,26.92088,92.75933,Debris,Slide,NA
420,AS/SON/83B13/2018/2,Assam,Sonitpur,"Hoha river slide Phuloguri, Chengelimari area.",26.9231,92.76755,Debris,Slide,NA
421,AS/SON/83B09/2018/1,Assam,Sonitpur,Jarabari slide Pogijuli area,26.92666,92.73966,Debris,Slide,NA
422,AS/SON/83B09/2018/2,Assam,Sonitpur,Kamarilaka slide Pogijuli area,26.93438,92.729,Debris,Slide,NA
423,AS/SON/83B09/2018/5,Assam,Sonitpur,Ringkangpur slide-1 Ringkangpur,26.93586,92.70441,Debris,Slide,NA
424,AS/SON/83B09/2018/9,Assam,Sonitpur,Dopdopi slide-2 Dopdopi,26.93855,92.70336,Debris,Slide,NA
425,AS/SON/83F05/2018/3,Assam,Sonitpur,Balijan forest road slide-3 Balijan forest road,26.9498,93.45291,Debris,Slide,NA
426,AS/UDA/83B01/2021/01,Assam,Udalguri,,26.89074,92.12068,Debris,,28 April 2021
427,7201,Assam,West,Khasi Hills Harsanagar,25.740148,91.224044,,Slide,18 July 2014
428,ASM/WKA/83C09/2016/24,Assam,West,Karbi Anglong Amlong Hamren-Amlong road,25.84494,92.61514,Debris,Slide,NA
429,ASM/WKA/83C09/2016/22,Assam,West,Karbi Anglong NE of Pangyatiso-3 Mikading-Pangyatiso-Ranghidi,25.84967,92.69042,Rock,Slide,NA
430,ASM/WKA/83C09/2016/21,Assam,West,Karbi Anglong NE of Pangyatiso-2 Mikading-Pangyatiso-Ranghidi,25.84992,92.69072,Rock,Slide,NA
431,ASM/WKA/83C09/2016/3,Assam,West,Karbi Anglong SE of Rongsope Kolonga-Teran-Rongsope road,25.85992,92.72558,Debris,Slide,NA
432,ASM/WKA/83C09/2016/4,Assam,West,"Karbi Anglong SW of Tiriphlang SH-19, Donkamokam-Hamren",25.88692,92.61347,Debris,Slide,NA
433,ASM/WKA/83C09/2020/5,Assam,West,"Karbi Anglong Approach road (Hatidubi Dam)-5 Hatidubi Dam Site, Lengery,",25.91608,92.50203,Debris,Slide,2020
434,ASM/WKA/83C09/2020/7,Assam,West,"Karbi Anglong Approach road (Hatidubi Dam)-7 Hatidubi Dam, Lengery,",25.92103,92.50708,Earth,Slide,2020
435,ASM/WKA/83C09/2020/10,Assam,West,"Karbi Anglong Approach road (Hatidubi Dam)-10 Hatidubi Dam, Lengery,",25.924,92.50939,Earth,Slide,2020
436,ASM/WKA/83C09/2020/1,Assam,West,"Karbi Anglong Approach road (Hatidubi Dam)-1 Hatidubi Dam Site, Lengery,",25.95317,92.51353,Debris,Slide,2020
437,ASM/WKA/83C09/2016/10,Assam,West,"Karbi Anglong N of Langchar Terongaon SH-18, Baithalangso-Tika road",25.95381,92.60444,Debris,Slide,NA
438,AS/WKA/83C09/2020/12,Assam,West,"Karbi Anglong Approach Road (Hatidubi Dam)-12 Hatidubi Dam Site, Lengery,",25.95825,92.51414,Earth,Slide,2020
439,ASM/WKA/83B08/2017/44,Assam,West,Karbi Anglong Amsoi-Umpanai road slide No.4 ~1Km North-West of Ulukunchi.,25.961444,92.341333,Debris,Slide,NA
440,AS/WKA/83C09/2020/17,Assam,West,"Karbi Anglong Approach Road (Hatidubi Dam)-17 Hatidubi Dam Site, Lengery,",25.97461,92.51375,Earth,Slide,2020
441,AS/WKA/83C09/2020/19,Assam,West,"Karbi Anglong Approach Road (Power House, Hatidubi Dam Site, Lengery,",25.98214,92.51139,Rock,Rock fall,2020
442,ASM/WKA/83C09/2016/28,Assam,West,"Karbi Anglong Amtreng-1 SH-16, East of Amtreng Market",25.98219,92.51892,Rock,Slide,NA
443,ASM/WKA/83B08/2017/38,Assam,West,"Karbi Anglong Nellie-Umswai road slide No.4 ~500 meter North of Asukunchi,",26.022833,92.274028,Earth,Slide,2016
444,ASM/WKA/83B08/2017/32,Assam,West,"Karbi Anglong Amsoi-Amtrang road slide No.29 ~1.5 Km North of Duronggaon,",26.030972,92.474139,Earth,Slide,2014
445,ASM/WKA/83B08/2017/29,Assam,West,Karbi Anglong Amsoi-Amtrang road slide No.26 Amsoi- Amtrang road,26.035278,92.470861,Debris,Slide,2010
446,ASM/WKA/83B08/2017/26,Assam,West,Karbi Anglong Amsoi-Amtrang road slide No.23 Amsoi- Amtrang road,26.043583,92.452222,Debris,Slide,2014
447,ASM/WKA/83B08/2017/22,Assam,West,Karbi Anglong Amsoi-Amtrang road slide No.19 ~1.2 Km North-East of,26.043611,92.440944,Debris,Slide,2016
448,ASM/WKA/83B08/2017/23,Assam,West,Karbi Anglong Amsoi-Amtrang road slide No.20 ~1.5 Km North-East of,26.043722,92.441472,Debris,Slide,2015
449,ASM/WKA/83B08/2017/25,Assam,West,Karbi Anglong Amsoi-Amtrang road slide No.22 ~1.5 Km South-East,26.045472,92.457417,Earth,Slide,2016
450,ASM/WKA/83B08/2017/24,Assam,West,"Karbi Anglong Amsoi-Amtrang road slide No.21 ~1Km South-West ofTakbigang,",26.045806,92.450778,Earth,Slide,NA
451,HP/BIL/53A12/2017/27,Himachal Pradesh,Bilaspur,"NH 21,PALACHAD",31.230167,76.666556,Debris,Slide,NA
452,HP/BIL/53A12/2017/99,Himachal Pradesh,Bilaspur,"NH 21A,JHARNI",31.231556,76.673194,Rock,Slide,NA
453,HP/BIL/53A12/2017/104,Himachal Pradesh,Bilaspur,"SH 16,KUSRI",31.231583,76.660667,Rock,Slide,NA
454,HP/BIL/53A12/2017/102,Himachal Pradesh,Bilaspur,"SH 16,KUSRI",31.231833,76.668444,Debris,Slide,NA
455,HP/BIL/53A12/2017/24,Himachal Pradesh,Bilaspur,"NH 21,PALACHAD",31.232306,76.671444,Rock,Slide,NA
456,HP/BIL/53A12/2017/22,Himachal Pradesh,Bilaspur,"NH 21,PALACHAD",31.232972,76.675,Debris,Slide,NA
457,HP/BIL/53A12/2017/25,Himachal Pradesh,Bilaspur,"NH 21,PALACHAD",31.234278,76.668833,Debris,Slide,NA
458,HP/BIL/53A12/2017/90,Himachal Pradesh,Bilaspur,"NH 21A,GUJJAR HATTI",31.234444,76.708944,Debris,Slide,NA
459,HP/BIL/53A12/2017/80,Himachal Pradesh,Bilaspur,"NH 21,PALACHAD",31.236222,76.745111,Debris,Slide,NA
460,HP/BIL/53A16/2017/140,Himachal Pradesh,Bilaspur,BAHADURPUR,31.239361,76.852028,Rock,Slide,NA
461,HP/BIL/53A12/2017/84,Himachal Pradesh,Bilaspur,"NH 21A,BAWARAN",31.242167,76.733306,Rock,Slide,NA
462,HP/BIL/53A12/2017/5,Himachal Pradesh,Bilaspur,NH 21,31.242167,76.733306,Debris,Slide,NA
463,HP/BIL/53A12/2017/29,Himachal Pradesh,Bilaspur,PALACHAD JANALI ROAD,31.244,76.631139,Debris,Slide,NA
464,HP/BIL/53A16/2017/90,Himachal Pradesh,Bilaspur,NH 21,31.244611,76.774333,Debris,Slide,NA
465,HP/BIL/53A12/2017/106,Himachal Pradesh,Bilaspur,"SH 16,KUSRI",31.247194,76.619417,Debris,Slide,NA
466,HP/BIL/53A12/2017/88,Himachal Pradesh,Bilaspur,"NH 21A,GUJJAR HATTI",31.24875,76.723944,Debris,Slide,NA
467,HP/BIL/53A15/2025/08,Himachal Pradesh,Bilaspur,Chadol Land subsidence Chadol village,31.254981,76.774276,,Subsidence,05 August 2025
468,HP/BIL/53A15/2015/110,Himachal Pradesh,Bilaspur,,31.256889,76.832667,Rock,Slide,NA
469,HP/BIL/53A15/2015/88,Himachal Pradesh,Bilaspur,,31.273239,76.802816,Debris,Slide,NA
470,HP/BIL/53A15/2015/303,Himachal Pradesh,Bilaspur,,31.275989,76.762472,Debris,Slide,2013
471,HP/BIL/53A15/2015/114,Himachal Pradesh,Bilaspur,,31.280997,76.78966,Rock,Slide,NA
472,HP/BIL/53A11/2018/20,Himachal Pradesh,Bilaspur,Near Kohna village,31.293446,76.728856,Rock,Slide,NA
473,HP/BIL/53A11/2018/1,Himachal Pradesh,Bilaspur,Naina Devi road,31.3046,76.54012,Rock,Slide,NA
474,H.P./BIL/53A11/2022/02,Himachal Pradesh,Bilaspur,Naina Devi slide Naina Devi,31.304638,76.536628,Debris,Slide,NA
475,HP/BIL/53A15/2015/282,Himachal Pradesh,Bilaspur,,31.313778,76.763667,Rock,Slide,2015
476,HP/BIL/53A15/2015/21,Himachal Pradesh,Bilaspur,,31.324769,76.875025,Debris,Slide,NA
477,HP/BIL/53A15/2015/26,Himachal Pradesh,Bilaspur,,31.352944,76.813111,Debris,Slide,NA
478,HP/BIL/53A11/2018/24,Himachal Pradesh,Bilaspur,Near Kallar,31.35556,76.724121,Debris,Slide,NA
479,HP/BIL/53A15/2025/05,Himachal Pradesh,Bilaspur,Nog Landslide Link road,31.3704259,76.7702055,Debris,Slide,2025
480,HP/BIL/53A11/2018/34,Himachal Pradesh,Bilaspur,Kallar,31.373353,76.6033,Debris,Slide,NA
481,HP/BIL/53A15/2015/309,Himachal Pradesh,Bilaspur,,31.389611,76.857139,Rock,Slide,2015
482,HP/BIL/53A15/2015/260,Himachal Pradesh,Bilaspur,,31.400306,76.800167,Debris,Slide,2015
483,HP/BIL/53A15/2015/269,Himachal Pradesh,Bilaspur,,31.401417,76.801417,Debris,Slide,2015
484,HP/BIL/53A07/2018/21,Himachal Pradesh,Bilaspur,Nangal-Naina Devi road,31.404336,76.402316,Debris,Slide,NA
485,HP/BIL/53A11/2018/27,Himachal Pradesh,Bilaspur,Amarpur,31.406413,76.695828,Debris,Slide,NA
486,HP/BIL/53A15/2015/109,Himachal Pradesh,Bilaspur,,31.413389,76.789083,Debris,Slide,2015
487,HP/BIL/53A15/2025/03,Himachal Pradesh,Bilaspur,Malyawar slide Malyawar link road damaged,31.413835,76.793732,Debris,Slide,2023
488,HP/BIL/53A07/2018/9,Himachal Pradesh,Bilaspur,Sanhal,31.421352,76.437612,Debris,Slide,NA
489,HP/BIL/53A07/2018/24,Himachal Pradesh,Bilaspur,Kosni camp,31.427515,76.438312,Debris,Slide,NA
490,HP/BIL/53A07/2018/26,Himachal Pradesh,Bilaspur,Baba Balaknath road,31.431527,76.43999,Debris,Slide,NA
491,HP/BIL/53A15/2015/96,Himachal Pradesh,Bilaspur,,31.433472,76.834361,Debris,Slide,2015
492,HP/BIL/53A15/2015/302,Himachal Pradesh,Bilaspur,,31.435333,76.830528,Debris,Slide,2015
493,HP/BIL/53A15/2015/301,Himachal Pradesh,Bilaspur,,31.435889,76.830389,Debris,Slide,2015
494,HP/BIL/53A11/2018/39,Himachal Pradesh,Bilaspur,Palsoti,31.473431,76.725488,Debris,Slide,NA
495,HP/BIL/53A11/2018/23,Himachal Pradesh,Bilaspur,Near Harlog village,31.484872,76.749791,Rock,Slide,NA
496,HP/BIL/53A11/2018/39,Himachal Pradesh,Bilaspur,Palsoti,31.48635,76.745336,Rock,Slide,NA
497,HP/CHA/52D04/2018/67,Himachal Pradesh,Chamba,North of Hatli,32.237922,76.177866,Debris,Slide,NA
498,HP/CHA/52D04/2018/79,Himachal Pradesh,Chamba,"Chalehra, Dramman chamba",32.245063,76.145409,Debris,Slide,NA
499,HP/CHA/52D04/2018/89,Himachal Pradesh,Chamba,"Chalehra, Dramman chamba",32.246512,76.145102,Debris,Slide,NA
500,HP/CHA/52D03/2020/17,Himachal Pradesh,Chamba,Bhangian SH-28,32.26,76.13,Debris,Slide,NA
501,HP/CHA/52D03/2020/9,Himachal Pradesh,Chamba,Darini Darini,32.27,76.21,Debris,Slide,NA
502,HP/CHA/52D03/2020/4,Himachal Pradesh,Chamba,Bhiora Saini,32.28,76.15,Debris,Slide,2005
503,HP/CHA/52D03/2020/56,Himachal Pradesh,Chamba,Rihal ban Jangal Rihal ban Jangal,32.28,76.15,Debris,Slide,2015
504,HP/CHA/52D11/2020/49,Himachal Pradesh,Chamba,Sukra-Holi-Naya Gaon Rd,32.28,76.64,Rock,Slide,NA
505,HP/CHA/52D03/2020/22,Himachal Pradesh,Chamba,Chyur village,32.31,76.06,Debris,Slide,NA
506,HP/CHA/52D03/2020/20,Himachal Pradesh,Chamba,Kut village,32.31,76.05,Debris,Slide,2017
507,HP/CHA/52D11/2020/125,Himachal Pradesh,Chamba,Holi Bazar,32.33,76.55,Debris,Slide,NA
508,HP/CHA/52D11/2020/119,Himachal Pradesh,Chamba,Holi-Naya Gaon Rd,32.34,76.53,Rock,Slide,NA
509,HP/CHA/52D11/2020/114,Himachal Pradesh,Chamba,Holi-Naya Gaon Rd,32.35,76.53,Rock,Slide,NA
510,HP/CHA/52D11/2020/113,Himachal Pradesh,Chamba,Holi-Naya Gaon Rd,32.36,76.53,Rock,Slide,NA
511,HP/CHA/52D03/2020/95,Himachal Pradesh,Chamba,Godra village,32.37,76.02,Debris,Slide,2018
512,HP/CHA/52D03/2020/104,Himachal Pradesh,Chamba,Godra village,32.37,76.02,Debris,Slide,NA
513,HP/CHA/52D07/2020/12,Himachal Pradesh,Chamba,Downslope of Marhauta village,32.38,76.49,Debris,Slide,NA
514,HP/CHA/43P15/2020/56,Himachal Pradesh,Chamba,Sahlu village,32.39,75.99,Debris,Slide,NA
515,HP/CHA/52D03/2020/44,Himachal Pradesh,Chamba,Kasba Raipur,32.39,76.01,Debris,Slide,NA
516,HP/CHA/43P15/2020/23,Himachal Pradesh,Chamba,Sahla SH-28,32.39,75.99,Debris,Slide,2017
517,HP/CHAM/43P/16/2019/14,Himachal Pradesh,Chamba,"Phina Singh canal slide, Lahru Near Phina Singh Canal, Lahru",32.40864722,75.98548611,Rock,Rock fall,
518,HP/CHA/52D11/2020/29,Himachal Pradesh,Chamba,Manimahesh Trekking Route,32.41,76.62,Debris,Slide,NA
519,HP/CHA/43P15/2020/45,Himachal Pradesh,Chamba,"Barala, Lahru road",32.41,75.96,Debris,Slide,2018
520,HP/CHA/43P15/2020/71,Himachal Pradesh,Chamba,Near Phina Singh Canal,32.41,75.99,Rock,Rock fall,NA
521,HP/CHA/52D11/2020/31,Himachal Pradesh,Chamba,Manimahesh Trekking Route,32.41,76.63,Debris,Slide,NA
522,HP/CHA/43P15/2020/33,Himachal Pradesh,Chamba,#N/A #N/A,32.42,75.97,Rock,Slide,NA
523,HP/CHA/52D07/2020/50,Himachal Pradesh,Chamba,Batot link road,32.42,76.36,Rock,Slide,NA
524,HP/CHA/43P15/2020/20,Himachal Pradesh,Chamba,Kalidhar Lahru-Chowari road,32.42,75.99,Debris,Slide,NA
525,HP/CHA/43P15/2020/27,Himachal Pradesh,Chamba,Barian,32.42,75.97,Debris,Slide,2018
526,HP/CHA/43P15/2020/44,Himachal Pradesh,Chamba,Taragarh,32.42,75.96,Debris,Slide,2005
527,HP/CHA/43P15/2020/18,Himachal Pradesh,Chamba,Barian bridge SH-28,32.42,75.96,Debris,Slide,NA
528,HP/CHAM/43P/15/2019/16,Himachal Pradesh,Chamba,Barrian Nala slide zone SH – 28 (Lahru-Chamba road),32.42897222,75.95915833,Debris,Slide,2002
529,HP/CHA/52D11/2020/66,Himachal Pradesh,Chamba,Manimahesh Trekking Route,32.43,76.61,Debris,Slide,NA
530,HP/CHA/43P15/2020/22,Himachal Pradesh,Chamba,Barian SH-28,32.43,75.96,Debris,Slide,NA
531,HP/CHA/52D07/2020/24,Himachal Pradesh,Chamba,Luna Kur link road,32.43,76.38,Rock,Rock fall,NA
532,HP/CHA/52D11/2020/10,Himachal Pradesh,Chamba,Bharmour-Grima Rd,32.43,76.53,Debris,Slide,NA
533,HP/CHA/43P15/2020/6,Himachal Pradesh,Chamba,Barrian nala SH-28,32.43,75.96,Debris,Slide,2000
534,HP/CHA/52D11/2020/21,Himachal Pradesh,Chamba,Bharmour-Grima Rd,32.44,76.52,Debris,Slide,NA
535,HP/CHA/52D11/2020/18,Himachal Pradesh,Chamba,Bharmour-Grima Rd,32.44,76.52,Debris,Slide,NA
536,HP/CHA/52D11/2020/57,Himachal Pradesh,Chamba,Manimahesh Trekking Route,32.44,76.61,Debris,Slide,NA
537,HP/CHA/52D11/2020/71,Himachal Pradesh,Chamba,Grima slide,32.44,76.51,Debris,Slide,NA
538,HP/CHA/52D07/2020/127,Himachal Pradesh,Chamba,Barainka link road,32.44,76.34,Rock,Slide,NA
539,HP/CHA/52D03/2020/1,Himachal Pradesh,Chamba,Kutehr,32.44,76.03,Debris,Slide,NA
540,HP/CHA/52D07/2020/123,Himachal Pradesh,Chamba,Barainka link road,32.44,76.36,Debris,Subsidence,NA
541,HP/CHA/52D07/2020/77,Himachal Pradesh,Chamba,Barainka link road,32.45,76.34,Rock,Slide,NA
542,HP/CHA/52D11/2020/90,Himachal Pradesh,Chamba,Thala-Mando Rd,32.45,76.56,Debris,Slide,NA
543,HP/CHA/52D07/2020/131,Himachal Pradesh,Chamba,Chamba Bharmour road,32.45,76.35,Debris,Slide,NA
544,HP/CHA/52D11/2020/152,Himachal Pradesh,Chamba,NH-154A/Bharmour-Hadsar Rd,32.45,76.58,Debris,Slide,NA
545,HP/CHA/52D11/2020/74,Himachal Pradesh,Chamba,NH-154A/Bharmour-Hadsar Rd,32.45,76.52,Debris,Slide,NA
546,HP/CHA/52D11/2020/45,Himachal Pradesh,Chamba,NH-154A/Bharmour-Hadsar Rd,32.45,76.51,Debris,Slide,NA
547,HP/CHA/52D11/2020/76,Himachal Pradesh,Chamba,NH-154A/Bharmour-Hadsar Rd,32.45,76.52,Rock,Slide,NA
548,HP/CHA/52D07/2020/115,Himachal Pradesh,Chamba,Luna,32.45,76.39,Rock,Slide,NA
549,HP/CHA/52D11/2020/154,Himachal Pradesh,Chamba,NH-154A/Bharmour-Hadsar Rd,32.45,76.58,Debris,Slide,NA
550,HP/CHA/52D11/2020/34,Himachal Pradesh,Chamba,NH-154A/Bharmour-Hadsar Rd,32.45,76.57,Rock,Slide,NA
551,HP/CHA/52D11/2020/88,Himachal Pradesh,Chamba,Thala-Sird Rd,32.46,76.51,Debris,Slide,NA
552,HP/CHA/52D03/2020/39,Himachal Pradesh,Chamba,Kareri village,32.46,76.18,Debris,Slide,NA
553,HP/CHA/52D11/2020/137,Himachal Pradesh,Chamba,NH-154A/Hadsar-Kugti Rd,32.47,76.67,Debris,Slide,NA
554,HP/CHA/52D07/2020/68,Himachal Pradesh,Chamba,Sunara link road,32.47,76.27,Debris,Slide,NA
555,HP/CHA/52D11/2020/141,Himachal Pradesh,Chamba,NH-154A/Hadsar-Kugti Rd,32.47,76.67,Debris,Slide,NA
556,HP/CHA/52D07/2020/8,Himachal Pradesh,Chamba,Sulla link road,32.47,76.42,Rock,Slide,NA
557,HP/CHA/52D11/2020/136,Himachal Pradesh,Chamba,NH-154A/Hadsar-Kugti Rd,32.47,76.68,Debris,Slide,NA
558,HP/CHA/52D07/2020/35,Himachal Pradesh,Chamba,Chamba Bharmour road,32.47,76.31,Debris,Slide,NA
559,HP/CHA/52D03/2020/59,Himachal Pradesh,Chamba,Rakh,32.47,76.24,Debris,Slide,NA
560,HP/CHA/52D03/2020/28,Himachal Pradesh,Chamba,Chamera,32.47,76.19,Debris,Slide,NA
561,HP/CHA/52D07/2020/106,Himachal Pradesh,Chamba,Bagga Left bank of Chamera II,32.47,76.26,Rock,Slide,NA
562,HP/CHA/52D07/2020/38,Himachal Pradesh,Chamba,Left bank of chamera II,32.47,76.27,Debris,Slide,NA
563,HP/CHA/52D07/2020/69,Himachal Pradesh,Chamba,Sunara link road,32.48,76.29,Debris,Slide,NA
564,HP/CHA/52D07/2020/54,Himachal Pradesh,Chamba,Bagga Upslope of Chamera II,32.48,76.25,Debris,Slide,NA
565,HP/CHA/52D07/2020/15,Himachal Pradesh,Chamba,Chamba Bharmour road,32.48,76.31,Debris,Slide,NA
566,HP/CHAMBA/52D/07/2025/04,Himachal Pradesh,Chamba,Muchka Subsidence -----,32.48638056,76.28263056,Debris,Subsidence,2025
567,HP/CHA/52D07/2020/3,Himachal Pradesh,Chamba,Upslope of Tundah nala,32.49,76.44,Rock,Slide,NA
568,HP/CHA/52D07/2020/75,Himachal Pradesh,Chamba,Batot link road,32.49,76.35,Rock,Slide,NA
569,HP/CHA/43P14/2017/20,Himachal Pradesh,Chamba,,32.506146,75.975698,Rock,Slide,NA
570,HP/CHA/52D02/2020/43,Himachal Pradesh,Chamba,west of Ludu,32.55,76.14,Debris,Slide,NA
571,HP/CHA/52D06/2020/2,Himachal Pradesh,Chamba,Neari Kiri village,32.56,76.26,Rock,Slide,NA
572,HP/CHA/52D02/2020/45,Himachal Pradesh,Chamba,Badhala,32.57,76.07,Debris,Slide,NA
573,HP/CHA/52D02/2020/98,Himachal Pradesh,Chamba,Sanaul,32.58,76.23,Debris,Slide,NA
574,HP/CHA/52D02/2020/115,Himachal Pradesh,Chamba,Singhi P.F,32.58,76.06,Rock,Slide,NA
575,HP/CHA/52D02/2020/38,Himachal Pradesh,Chamba,"Chambi slide Chambi,NH-154A",32.58,76.11,Rock,Slide,1990
576,HP/CHA/52D02/2020/88,Himachal Pradesh,Chamba,South of Saho,32.59,76.23,Debris,Slide,NA
577,HP/CHA/52D02/2020/65,Himachal Pradesh,Chamba,Chulla,32.59,76.23,Debris,Slide,NA
578,HP/CHA/52D02/2020/105,Himachal Pradesh,Chamba,Baraur,32.59,76.16,Debris,Slide,NA
579,HP/CHA/43P14/2017/19,Himachal Pradesh,Chamba,,32.595971,75.945754,Debris,Slide,NA
580,HP/CHA/52D02/2020/69,Himachal Pradesh,Chamba,Chimra,32.61,76.04,Rock,Slide,NA
581,HP/CHA/52D02/2020/58,Himachal Pradesh,Chamba,Charor,32.61,76.04,Debris,Slide,NA
582,HP/CHA/52D02/2020/96,Himachal Pradesh,Chamba,Protha,32.61,76.24,Debris,Slide,NA
583,HP/CHA/52D02/2020/53,Himachal Pradesh,Chamba,Dug,32.61,76.02,Debris,Slide,NA
584,HP/CHA/52D02/2020/111,Himachal Pradesh,Chamba,Chamri,32.61,76.03,Rock,Slide,NA
585,HP/CHA/52D02/2020/62,Himachal Pradesh,Chamba,Bairoh,32.62,76.18,Debris,Slide,NA
586,HP/CHA/52D02/2020/100,Himachal Pradesh,Chamba,Pukhrolu,32.63,76.18,Debris,Slide,NA
587,HP/CHA/52D02/2020/70,Himachal Pradesh,Chamba,Sheri,32.64,76.12,Debris,Slide,NA
588,HP/CHA/52D02/2020/140,Himachal Pradesh,Chamba,pathankot-tissa road,32.64,76.08,Debris,Slide,NA
589,HP/CHA/52D02/2020/10,Himachal Pradesh,Chamba,"Pukhri,SH-33",32.65,76.08,Rock,Slide,NA
590,HP/CHA/52D06/2020/4,Himachal Pradesh,Chamba,Left bank og Tangair nala,32.65,76.38,Debris,Slide,NA
591,HP/CHA/52D02/2020/79,Himachal Pradesh,Chamba,Jarodi,32.69,76.05,Debris,Slide,NA
592,HP/CHA/52D02/2020/129,Himachal Pradesh,Chamba,"Kandla,SH-33",32.69,76.06,Rock,Slide,NA
593,HP/CHA/43P14/2017/59,Himachal Pradesh,Chamba,,32.695375,75.990712,Debris,Slide,NA
594,HP/CHA/43P14/2017/23,Himachal Pradesh,Chamba,,32.69676,75.916372,Debris,Slide,NA
595,HP/CHA/52D02/2020/145,Himachal Pradesh,Chamba,Bhalod,32.71,76.09,Rock,Slide,NA
596,HP/CHA/52D06/2020/28,Himachal Pradesh,Chamba,Daton,32.71,76.33,Debris,Slide,NA
597,HP/CHA/52D02/2020/57,Himachal Pradesh,Chamba,Saluni,32.72,76.06,Rock,Slide,NA
598,HP/CHA/43P14/2017/44,Himachal Pradesh,Chamba,,32.727672,75.960062,Debris,Slide,NA
599,HP/CHA/43P14/2017/38,Himachal Pradesh,Chamba,,32.732546,75.928798,Debris,Slide,NA
600,HP/CHA/52D02/2020/31,Himachal Pradesh,Chamba,Seri P.F,32.75,76.13,Rock,Slide,NA
601,HP/CHA/43P13/2017/83,Himachal Pradesh,Chamba,,32.764634,75.990502,Debris,Slide,NA
602,HP/CHA/52D01/2020/57,Himachal Pradesh,Chamba,Gadhera,32.77,76.18,Debris,Slide,NA
603,HP/CHA/52D01/2020/81,Himachal Pradesh,Chamba,Buthyal,32.78,76.15,Rock,Slide,NA
604,HP/CHA/52D01/2020/39,Himachal Pradesh,Chamba,Tikrigarh,32.78,76.19,Debris,Slide,NA
605,HP/CHA/52D01/2020/46,Himachal Pradesh,Chamba,Tikrigarh,32.78,76.18,Debris,Slide,NA
606,HP/CHA/52D01/2020/58,Himachal Pradesh,Chamba,Shial,32.79,76.15,Debris,Slide,NA
607,HP/CHA/43P13/2017/94,Himachal Pradesh,Chamba,,32.823029,75.99446,Debris,Slide,NA
608,HP/CHA/43P13/2017/78,Himachal Pradesh,Chamba,,32.83776,75.860549,Debris,Slide,NA
609,HP/CHA/52D01/2020/61,Himachal Pradesh,Chamba,Jawari,32.84,76.12,Debris,Slide,NA
610,HP/CHA/43P13/2017/79,Himachal Pradesh,Chamba,,32.844014,75.966676,Debris,Slide,NA
611,HP/CHA/43P13/2017/48,Himachal Pradesh,Chamba,,32.846052,75.968727,Debris,Slide,NA
612,HP/CHA/52D01/2020/64,Himachal Pradesh,Chamba,Chinwas,32.85,76.19,Debris,Slide,NA
613,HP/CHA/52D01/2020/21,Himachal Pradesh,Chamba,Seru,32.85,76.18,Debris,Slide,NA
614,HP/CHA/52D01/2020/1,Himachal Pradesh,Chamba,Gudesh nala slide Gudesh Village,32.86,76.17,Debris,Slide,NA
615,HP/CHA/43P13/2017/90,Himachal Pradesh,Chamba,,32.866287,75.946836,Debris,Slide,NA
616,HP/CHA/43P13/2017/7,Himachal Pradesh,Chamba,,32.875218,75.958388,Debris,Slide,NA
617,HP/CHA/43P13/2017/12,Himachal Pradesh,Chamba,,32.87972,75.955597,Debris,Slide,NA
618,HP/CHA/43P13/2017/25,Himachal Pradesh,Chamba,,32.883245,75.964755,Debris,Slide,NA
619,HP/CHA/43P13/2017/58,Himachal Pradesh,Chamba,,32.884777,75.974426,Debris,Slide,NA
620,HP/CHA/43P13/2017/92,Himachal Pradesh,Chamba,,32.885501,75.967482,Debris,Slide,NA
621,HP/CHA/43P13/2017/8,Himachal Pradesh,Chamba,,32.886792,75.972082,Debris,Slide,NA
622,HP/CHA/52D01/2020/29,Himachal Pradesh,Chamba,Kiora Village,32.89,76.15,Debris,Slide,NA
623,HP/CHA/43P13/2017/72,Himachal Pradesh,Chamba,,32.894674,75.924937,Debris,Slide,NA
624,HP/CHA/43P13/2017/33,Himachal Pradesh,Chamba,,32.905034,75.922868,Debris,Slide,NA
625,HP/CHA/43P13/2017/14,Himachal Pradesh,Chamba,,32.906118,75.908971,Debris,Slide,NA
626,HP/CHA/43P13/2017/28,Himachal Pradesh,Chamba,,32.907556,75.827418,Debris,Slide,NA
627,HP/CHA/43P13/2017/60,Himachal Pradesh,Chamba,,32.910277,75.880926,Debris,Slide,NA
628,HP/CHA/43P13/2017/74,Himachal Pradesh,Chamba,,32.910956,75.880876,Debris,Slide,NA
629,HP/CHA/43P13/2017/95,Himachal Pradesh,Chamba,,32.911003,75.908917,Debris,Slide,NA
630,HP/CHA/43P13/2017/11,Himachal Pradesh,Chamba,,32.916109,75.904373,Debris,Slide,NA
631,HP/CHA/43P13/2017/86,Himachal Pradesh,Chamba,,32.922642,75.832825,Debris,Slide,NA
632,HP/CHA/43P13/2017/16,Himachal Pradesh,Chamba,,32.929304,75.834047,Debris,Slide,NA
633,HP/CHA/52D01/2020/43,Himachal Pradesh,Chamba,Ranikhot PF,32.95,76.19,Rock,Rock fall,NA
634,HP/HAM/53A06/2018/1,Himachal Pradesh,Hamirpur,Nadaun-Hamirpur road,31.716975,76.469127,Debris,Slide,NA
635,HP/HAM/53A09/2018/22,Himachal Pradesh,Hamirpur,SH 04,31.759194,76.746972,Debris,Slide,NA
636,HP/HAM/53A05/2018/35,Himachal Pradesh,Hamirpur,INDRUNAG Jhing,31.77735,76.4334,Rock,Slide,NA
637,HP/HAM/53A05/2018/39,Himachal Pradesh,Hamirpur,,31.78653,76.44692,Debris,Slide,NA
638,HP/HAM/53A09/2018/68,Himachal Pradesh,Hamirpur,Sivnagar - Kotlu road,31.875,76.587417,Debris,Slide,NA
639,HP/HAM/53A09/2018/74,Himachal Pradesh,Hamirpur,Marhi-Dharampur road,31.883417,76.606889,Debris,Slide,NA
640,HP/HAM/53A09/2018/90,Himachal Pradesh,Hamirpur,SH-05,31.905472,76.531028,Debris,Slide,2018
641,HP/HAM/53A09/2018/92,Himachal Pradesh,Hamirpur,SH 05,31.908556,76.510389,Debris,Slide,2018
642,HP/HAM/53A09/2018/106,Himachal Pradesh,Hamirpur,SH-04,31.919444,76.511111,Debris,Slide,2018
643,HP/HAM/53A09/2018/117,Himachal Pradesh,Hamirpur,Sivnagar - Kotlu road,31.925194,76.689694,Debris,Slide,NA
644,HP/KAN/53A05/2018/57,Himachal Pradesh,Kangra,,31.77341,76.29802,Debris,Slide,NA
645,HP/KAN/53A01/2018/32,Himachal Pradesh,Kangra,"South of Dhaliana,NH 503",31.8336,76.177107,Debris,Slide,NA
646,HP/KAN/53A01/2018/18,Himachal Pradesh,Kangra,South of Dhaliara,31.841447,76.170445,Debris,Slide,NA
647,HP/KAN/53A01/2018/19,Himachal Pradesh,Kangra,South of Dhaliara,31.841784,76.170539,Debris,Slide,NA
648,HP/KAN/53A05/2018/13,Himachal Pradesh,Kangra,,31.84863,76.3423,Debris,Slide,NA
649,HP/KAN/53A01/2018/23,Himachal Pradesh,Kangra,Nahran punkhet,31.848767,76.207107,Debris,Slide,NA
650,HP/KAN/53A01/2018/26,Himachal Pradesh,Kangra,"Dhaliara, NH 503",31.848792,76.196615,Debris,Slide,NA
651,HP/KAN/52D08/2018/6,Himachal Pradesh,Kangra,,31.8504,76.34558,Debris,Slide,NA
652,HP/KAN/53A05/2018/20,Himachal Pradesh,Kangra,,31.85124,76.350416,Debris,Slide,NA
653,HP/KAN/52D08/2018/22,Himachal Pradesh,Kangra,,31.85157,76.33873,Debris,Slide,NA
654,HP/KAN/52D08/2018/34,Himachal Pradesh,Kangra,TIHRI ROAD,31.85651,76.33841,Debris,Slide,NA
655,HP/KAN/53A09/2018/50,Himachal Pradesh,Kangra,Lambagaon- ropri road,31.864472,76.6375,Debris,Slide,NA
656,HP/KAN/44M13/2020/2,Himachal Pradesh,Kangra,Amroh,31.88,75.95,Debris,Slide,NA
657,HP/KAN/53A09/2018/73,Himachal Pradesh,Kangra,Lamborgan- kosri road,31.883167,76.700028,Debris,Slide,NA
658,HP/KAN/53A09/2018/75,Himachal Pradesh,Kangra,,31.883417,76.606889,Debris,Slide,NA
659,HP/KAN/53A05/2018/2,Himachal Pradesh,Kangra,SAPRI ROAD,31.89185,76.3107,Rock,Slide,NA
660,HP/KAN/53A09/2018/84,Himachal Pradesh,Kangra,Kathla-Rajnagar road,31.894528,76.629194,Debris,Slide,NA
661,HP/KAN/52D08/2018/5,Himachal Pradesh,Kangra,SAPRI ROAD,31.89548,76.30475,Rock,Slide,NA
662,HP/KAN/53A05/2018/47,Himachal Pradesh,Kangra,JWALAJI ROAD,31.914864,76.286644,Debris,Slide,NA
663,HP/Kangra/53A/05/2025/05,Himachal Pradesh,Kangra,Manjha Buhla Challah slide Link road (Thurel to Challah),31.92544444,76.44583611,Debris,Slide,7 July 2025
664,HP/KAN/53A05/2018/18,Himachal Pradesh,Kangra,,31.94383,76.40533,Debris,Slide,NA
665,HP/KAN/53A09/2018/129,Himachal Pradesh,Kangra,Tinbar- Rajnagar road,31.945972,76.569639,Debris,Slide,NA
666,HP/KAN/44M13/2020/7,Himachal Pradesh,Kangra,Ghatti village,31.95,75.94,Rock,Slide,NA
667,HP/KAN/53A05/2018/52,Himachal Pradesh,Kangra,,31.95512,76.43623,Debris,Slide,NA
668,HP/Kangra/52D/08/2025/03,Himachal Pradesh,Kangra,Bhadrol bridge slide Link road,32.015,76.44056944,Debris,Slide,01 July 2025
669,HP/KAN/52D04/2018/12,Himachal Pradesh,Kangra,Rasu,32.018607,76.227711,Debris,Slide,NA
670,HP/KAN/52D04/2018/2,Himachal Pradesh,Kangra,Near Kahra,32.020477,76.239295,Rock,Slide,NA
671,HP/KAN/52D04/2018/7,Himachal Pradesh,Kangra,"SH 23,NW of Rasu",32.021435,76.231333,Debris,Slide,NA
672,HP/KAN/52D08/2018/133,Himachal Pradesh,Kangra,KHAROTA,32.03572,76.4133,Debris,Slide,NA
673,HP/KAN/52D08/2018/37,Himachal Pradesh,Kangra,SULLAH-NANAUN ROAD,32.035754,76.462657,Debris,Slide,NA
674,HP/KAN/52D08/2018/132,Himachal Pradesh,Kangra,KHAROTA,32.036624,76.411489,Debris,Slide,NA
675,HP/KAN/52D08/2018/57,Himachal Pradesh,Kangra,TIHRI SULLAH-NANAUN ROAD,32.038093,76.463837,Debris,Slide,NA
676,HP/KAN/43P16/2020/7,Himachal Pradesh,Kangra,Diothi,32.05,75.83,Debris,Slide,2010
677,HP/KAN/43P16/2020/13,Himachal Pradesh,Kangra,Badukhar,32.05,75.82,Debris,Slide,NA
678,HP/KAN/43P16/2020/10,Himachal Pradesh,Kangra,Badukhar,32.06,75.82,Debris,Slide,2000
679,HP/KAN/52D08/2018/95,Himachal Pradesh,Kangra,NH 20,32.0834,76.44958,Debris,Slide,NA
680,HP/KAN/52D04/2018/135,Himachal Pradesh,Kangra,South of Lanj,32.085287,76.131158,Debris,Slide,NA
681,HP/KAN/52D08/2018/101,Himachal Pradesh,Kangra,KANGRA FORT ROAD,32.096995,76.267409,Rock,Slide,NA
682,HP/KAN/52D04/2018/26,Himachal Pradesh,Kangra,South of Nagruth,32.104952,76.188823,Debris,Slide,NA
683,HP/KAN/52D12/2020/21,Himachal Pradesh,Kangra,Binwa,32.11,76.66,Debris,Slide,NA
684,HP/KAN/52D04/2018/130,Himachal Pradesh,Kangra,"Manol, SH 23",32.113208,76.137608,Rock,Slide,NA
685,HP/KAN/52D08/2018/145,Himachal Pradesh,Kangra,RAJHAUN BHAGOTLA,32.116842,76.489831,Debris,Slide,NA
686,HP/KAN/52D04/2018/165,Himachal Pradesh,Kangra,Badhala,32.13397,76.027752,Debris,Slide,NA
687,HP/KAN/52D04/2018/39,Himachal Pradesh,Kangra,Kolha,32.146207,76.191258,Debris,Slide,NA
688,HP/KAN/52D04/2018/123,Himachal Pradesh,Kangra,Thehr P.F,32.158584,76.129886,Rock,Slide,NA
689,HP/KAN/52D08/2018/36,Himachal Pradesh,Kangra,,32.16547,76.45073,Debris,Slide,NA
690,HP/KAN/52D08/2018/39,Himachal Pradesh,Kangra,,32.1664,76.44601,Debris,Slide,NA
691,HP/KAN/52D08/2018/59,Himachal Pradesh,Kangra,,32.16747,76.42822,Debris,Slide,NA
692,HP/KAN/52D08/2018/109,Himachal Pradesh,Kangra,SIKOH-GAGGAL ROAD,32.169553,76.301266,Debris,,NA
693,HP/KAN/52D04/2018/158,Himachal Pradesh,Kangra,North of Khabbal,32.173645,76.042366,Rock,Slide,NA
694,HP/KAN/52D08/2018/12,Himachal Pradesh,Kangra,TILLU MDR 44,32.17448,76.3077,Debris,Slide,NA
695,HP/KAN/52D04/2018/150,Himachal Pradesh,Kangra,Padav,32.178645,76.099215,Debris,Slide,NA
696,HP/KAN/52D08/2018/34,Himachal Pradesh,Kangra,TIHRI ROAD,32.19309,76.38886,Debris,Slide,NA
697,HP/KAN/52D08/2018/62,Himachal Pradesh,Kangra,,32.19677,76.32115,Debris,Slide,NA
698,HP/KAN/52D04/2018/157,Himachal Pradesh,Kangra,Anuhi,32.206463,76.03277,Rock,Slide,NA
699,HP/KAN/52D08/2018/76,Himachal Pradesh,Kangra,MDR 45,32.21783,76.31423,Debris,Slide,NA
700,HP/KAN/52D08/2018/73,Himachal Pradesh,Kangra,DHARAMSHALA EDUCATION BOARD INDRUNAG ROAD,32.22135,76.33962,Debris,Slide,NA
701,HP/KAN/52D04/2018/45,Himachal Pradesh,Kangra,"East of Bhali, NH 20",32.2219,76.116505,Debris,Slide,NA
702,HP/KAN/52D04/2018/70,Himachal Pradesh,Kangra,North of Thamba,32.222086,76.235258,Debris,Slide,NA
703,HP/KAN/52D08/2018/63,Himachal Pradesh,Kangra,INDRUNAG ROAD,32.22248,76.33828,Debris,Slide,NA
704,HP/KAN/52D08/2018/11,Himachal Pradesh,Kangra,KHAROTA INDRUNAG BANGOTU ROAD,32.2233,76.33993,Debris,Slide,NA
705,HP/KAN/52D04/2018/53,Himachal Pradesh,Kangra,Sihuni,32.224578,76.084915,Rock,Slide,NA
706,HP/KAN/52D04/2018/62,Himachal Pradesh,Kangra,"South of Trilokpur, NH 20",32.228067,76.075445,Rock,Slide,NA
707,HP/KAN/52D08/2018/52,Himachal Pradesh,Kangra,NH 503; MCLEODGANJ ROAD,32.229462,76.306245,Debris,Slide,NA
708,HP/KAN/52D04/2018/34,Himachal Pradesh,Kangra,Sihuni,32.229936,76.081364,Rock,Slide,NA
709,HP/KAN/52D08/2018/135,Himachal Pradesh,Kangra,NH 503; MCLEODGANJ ROAD,32.23,76.31095,Debris,Slide,NA
710,HP/KAN/52D04/2018/119,Himachal Pradesh,Kangra,Sarna,32.231994,76.210051,Debris,Slide,NA
711,HP/KAN/52D04/2018/73,Himachal Pradesh,Kangra,Boru,32.234083,76.224395,Debris,Slide,NA
712,HP/KAN/52D04/2018/72,Himachal Pradesh,Kangra,Boru,32.23514,76.224429,Debris,Slide,NA
713,HP/KAN/52D04/2018/121,Himachal Pradesh,Kangra,Basa,32.242818,76.21532,Debris,Slide,NA
714,HP/KAN/52D04/2018/112,Himachal Pradesh,Kangra,Bahnala P.F,32.24419,76.187058,Debris,Slide,NA
715,HP/KAN/52D04/2018/122,Himachal Pradesh,Kangra,Basa,32.244451,76.211477,Debris,Slide,NA
716,HP/KAN/52D04/2018/114,Himachal Pradesh,Kangra,Bahnala R.F,32.247324,76.189124,Debris,Slide,NA
717,HP/KAN/52D04/2018/59,Himachal Pradesh,Kangra,"NW of Balha, NH 20",32.249596,76.029911,Debris,Slide,NA
718,HP/KAN/52D07/2020/140,Himachal Pradesh,Kangra,Kareri link road,32.28,76.28,Rock,Slide,NA
719,HP/KAN/43P15/2020/84,Himachal Pradesh,Kangra,Maira village,32.33,75.82,Debris,Slide,2010
720,HP/KAN/43P15/2020/89,Himachal Pradesh,Kangra,Maira village,32.34,75.83,Debris,Slide,NA
721,HP/KAN/43P15/2020/93,Himachal Pradesh,Kangra,Danni Khadater Village,32.37,75.95,Debris,Slide,1987
722,HP/KAN/43P15/2020/78,Himachal Pradesh,Kangra,Haral uprali Chakki-Aundi link road,32.37,75.85,Debris,Slide,2015
723,HP/KAN/43P15/2020/80,Himachal Pradesh,Kangra,Suliali near Suliali village,32.39,75.89,Debris,Slide,2017
724,HP/KAN/43P15/2020/82,Himachal Pradesh,Kangra,Baduni,32.39,75.94,Debris,Slide,NA
725,HP/KIN/53E14/2016/34,Himachal Pradesh,Kinnaur,Near Chot - Kanda village,31.5085,77.9697,Debris,Slide,2004
726,HP/KIN/53E15/2016/21,Himachal Pradesh,Kinnaur,Right bank of Solding Khad,31.529,77.9162,Debris,Slide,2011
727,HP/KIN/53E14/2016/53,Himachal Pradesh,Kinnaur,"Nichar Chot, Nichar - Chout",31.5393,77.9861,Rock,Slide,NA
728,HP/KIN/53E14/2016/36,Himachal Pradesh,Kinnaur,Right bank of Solding Khad,31.5459,77.9135,Debris,Slide,2011
729,HP/KIN/53E14/2016/1,Himachal Pradesh,Kinnaur,Right bank of Solding Khad(,31.5471,77.9101,Debris,Slide,2014
730,HP/KIN/53E14/2016/56,Himachal Pradesh,Kinnaur,"Near Kangos village, Nichar link",31.5521,77.9635,Debris,Slide,NA
731,HP/KIN/53E14/2016/50,Himachal Pradesh,Kinnaur,Near Solding NH-22,31.5523,77.9152,Debris,Slide,NA
732,HP/KIN/53E14/2016/69,Himachal Pradesh,Kinnaur,NH-72,31.5608,77.9771,Rock,Rock fall,NA
733,HP/KIN/53E14/2025/15,Himachal Pradesh,Kinnaur,Nathpa NH-05,31.5625,77.98194444,Rock,Slide,"27 October 2023, 1, 26 August 2025"
734,HP/KIN/53E14/2016/68,Himachal Pradesh,Kinnaur,"Near Nathpa dam, NH-22",31.5634,77.9697,Debris,Slide,NA
735,HP/KIN/53E14/2016/15,Himachal Pradesh,Kinnaur,Near Garsugarsu - Chota Kamba,31.5659,77.9139,Debris,Slide,NA
736,HP/KIN/53E14/2016/38,Himachal Pradesh,Kinnaur,Near Kandhar village,31.5679,77.9892,Rock,Slide,NA
737,HP/KIN/53E14/2016/18,Himachal Pradesh,Kinnaur,"Near Garsu village, Garsu-",31.5705,77.8968,Debris,Slide,2014
738,HP/KIN/53E14/2016/32,Himachal Pradesh,Kinnaur,Khachrang foot track,31.5742,77.9422,Debris,Slide,2014
739,HP/KIN/53E14/2016/102,Himachal Pradesh,Kinnaur,Linge Dogri,31.578054,77.847901,Debris,Slide,NA
740,HP/KIN/53E14/2016/46,Himachal Pradesh,Kinnaur,"Near forst RH, Kachrang, Left",31.5857,77.9423,Debris,Slide,2014
741,HP/KINN/53I09/2025/12,Himachal Pradesh,Kinnaur,Maling Nala (Left Bank) NH-505,31.90333333,78.63166667,Debris,Slide,
742,HP/KUL/53E7/2023/16,Himachal Pradesh,Kullu,Gungi ---,31.40355556,77.4475,Debris,Subsidence,2023
743,HP/KUL/53E07/2016/33,Himachal Pradesh,Kullu,"ANI,NH-305",31.404009,77.413987,Rock,Slide,NA
744,HP/KUL/53E07/2016/1,Himachal Pradesh,Kullu,"ROPRI,NH-305",31.44175,77.425528,Debris,Slide,NA
745,HP/KUL/53E06/2016/91,Himachal Pradesh,Kullu,Dogri,31.507,77.409,Debris,Slide,NA
746,HP/KUL/53E06/2016/4,Himachal Pradesh,Kullu,Shahi gad Shahi Gad,31.519512,77.417872,Debris,Slide,2003
747,HP/KUL/53E10/2016/36,Himachal Pradesh,Kullu,Dogri,31.522011,77.686259,Rock,Slide,NA
748,HP/KUL/53E06/2016/58,Himachal Pradesh,Kullu,"Gal,NH 305",31.522647,77.402893,Debris,Slide,NA
749,HP/KUL/53E10/2016/11,Himachal Pradesh,Kullu,South of Chhilar,31.528093,77.564507,Rock,Rock fall,NA
750,HP/KUL/53E10/2016/14,Himachal Pradesh,Kullu,Chhilar,31.533,77.574,Rock,Slide,NA
751,HP/KUL/53E06/2016/22,Himachal Pradesh,Kullu,North of Buwai,31.533677,77.393729,Debris,Slide,NA
752,HP/KUL/53E10/2016/6,Himachal Pradesh,Kullu,Damah,31.546743,77.566484,Debris,Slide,NA
753,HP/KUL/53E10/2016/15,Himachal Pradesh,Kullu,Sarahan,31.555057,77.527401,Rock,Rock fall,NA
754,HP/KUL/53E10/2016/31,Himachal Pradesh,Kullu,Bahan,31.556553,77.664333,Debris,Slide,NA
755,HP/KUL/53E06/2016/46,Himachal Pradesh,Kullu,"Shojha,NH 305",31.558414,77.370131,Debris,Slide,NA
756,HP/KUL/53E06/2016/143,Himachal Pradesh,Kullu,"Shojha,NH 305",31.55925,77.368416,Debris,Slide,NA
757,HP/KUL/53E06/2016/43,Himachal Pradesh,Kullu,"Shojha,NH 305",31.559267,77.368416,Debris,Slide,NA
758,HP/KUL/53E06/2016/24,Himachal Pradesh,Kullu,"Shojha, NH 305",31.566679,77.371747,Debris,Slide,NA
759,HP/KUL/53E06/2016/119,Himachal Pradesh,Kullu,Ballidhar,31.569,77.316,Rock,Slide,NA
760,HP/KUL/53E06/2016/54,Himachal Pradesh,Kullu,Chhabra P.F.,31.574,77.31,Debris,Slide,NA
761,HP/KUL/53E10/2016/34,Himachal Pradesh,Kullu,Dimajan P.F.,31.594,77.584,Debris,Slide,NA
762,HP/KUL/53E06/2016/72,Himachal Pradesh,Kullu,Rangoot,31.604115,77.375841,Rock,Slide,2010
763,HP/KUL/53E06/2016/74,Himachal Pradesh,Kullu,Rupa,31.643344,77.389657,Rock,Rock fall,1905
764,HP/KUL/53E06/2016/21,Himachal Pradesh,Kullu,N of Bulbagi,31.653166,77.385799,Rock,Slide,2000
765,HP/KUL/53E06/2016/45,Himachal Pradesh,Kullu,Sapnil,31.659024,77.387225,Rock,Slide,NA
766,HP/KUL/53E06/2016/14,Himachal Pradesh,Kullu,S of Ghatghar,31.664402,77.335612,Rock,Slide,NA
767,HP/Kullu/53E06/2025/06,Himachal Pradesh,Kullu,Dukhan Dukhan,31.665,77.34027778,Debris,Subsidence,15 August 2025
768,HP/KUL/53E06/2016/71,Himachal Pradesh,Kullu,N of Gopalpur,31.69202,77.307156,Rock,Slide,NA
769,HP/KUL/53E06/2016/93,Himachal Pradesh,Kullu,NW of Bali,31.695367,77.279277,Debris,Slide,NA
770,HP/KUL/53E06/2016/103,Himachal Pradesh,Kullu,SE of Hurla,31.702517,77.276447,Rock,Slide,NA
771,HP/KUL/53E06/2016/33,Himachal Pradesh,Kullu,S of Baraul,31.707404,77.310826,Debris,Slide,NA
772,HP/Kullu/53E06/2025/05,Himachal Pradesh,Kullu,Maror Maror,31.71194444,77.3125,Debris,Subsidence,2025
773,HP/Man-kul/2024/6,Himachal Pradesh,Kullu,15- Mile NH-03,31.71223611,77.31291389,Debris,Slide,08 July 2023
774,HP/KUL/53E06/2016/55,Himachal Pradesh,Kullu,S of pinhar,31.712689,77.312981,Debris,Slide,NA
775,HP/Man-kul/2024/2,Himachal Pradesh,Kullu,Banala NH-03,31.759575,77.20756667,Rock,Rock fall,11 July 2023
776,HP/Kullu/53E05/2025/04,Himachal Pradesh,Kullu,Matla Matla,31.78138889,77.33666667,Debris,Subsidence,28 August 2025
777,HP/KUL/53E01/2015/93,Himachal Pradesh,Kullu,Banala-Shiah road,31.847639,77.144861,Debris,Slide,NA
778,HP/KUL/53E01/2015/83,Himachal Pradesh,Kullu,Parashar road,31.850306,77.134917,Debris,Slide,NA
779,HP/KUL/53E01/2015/80,Himachal Pradesh,Kullu,Parashar road,31.850917,77.134167,Debris,Slide,NA
780,HP/KUL/53E01/2015/49,Himachal Pradesh,Kullu,NH21,31.85225,77.2395,Debris,Slide,2007
781,HP/KUL/53E01/2015/62,Himachal Pradesh,Kullu,,31.959528,77.072056,Rock,Slide,NA
782,HP/KUL/53E01/2015/59,Himachal Pradesh,Kullu,PMGSY Rarhi road,31.961333,77.082861,Debris,Slide,NA
783,HP/KUL/53E01/2015/69,Himachal Pradesh,Kullu,,31.961861,77.060889,Rock,Slide,NA
784,HP/KUL/53E01/2015/55,Himachal Pradesh,Kullu,Manikaran road,31.963806,77.089167,Rock,Slide,NA
785,HP/KUL/52H04/2015/194,Himachal Pradesh,Kullu,Kais-Soil road,32.0221,77.1396,Debris,Slide,NA
786,HP/KUL/52H04/2015/152,Himachal Pradesh,Kullu,Jadawan village road,32.025,77.1081,Debris,Slide,NA
787,HP/KUL/52H04/2015/164,Himachal Pradesh,Kullu,Manali-Naggar Road,32.033,77.1365,Debris,Slide,NA
788,HP/KUL/52H04/2015/203,Himachal Pradesh,Kullu,Kais-Soil road,32.0362,77.1472,Debris,Slide,NA
789,HP/KUL/52H04/2015/179,Himachal Pradesh,Kullu,Manali-Naggar Road,32.0575,77.1641,Debris,Slide,NA
790,HP/KUL/52H04/2015/50,Himachal Pradesh,Kullu,Kullu0Manali NH-21,32.0676,77.1316,Debris,Slide,NA
791,HP/KUL/52H04/2015/180,Himachal Pradesh,Kullu,Manali-Naggar Road,32.0703,77.1577,Debris,Slide,NA
792,HP/KUL/52D16/2015/220,Himachal Pradesh,Kullu,Lohardi-Barot link road,32.0745,76.8585,Rock,Slide,NA
793,HP/KUL/52H04/2015/181,Himachal Pradesh,Kullu,Manali-Naggar Road,32.0793,77.1531,Debris,Subsidence,NA
794,HP/KUL/52H04/2015/182,Himachal Pradesh,Kullu,Manali-Naggar Road,32.0796,77.1557,Debris,Subsidence,NA
795,HP/KUL/52D16/2015/219,Himachal Pradesh,Kullu,Lohardi-Barot link road,32.0798,76.8577,Debris,Slide,NA
796,HP/KUL/52H04/2015/136,Himachal Pradesh,Kullu,NH21,32.1241,77.151,Debris,Slide,NA
797,HP/KUL/52H04/2015/132,Himachal Pradesh,Kullu,Kathor-Shil road,32.1401,77.1184,Rock,Slide,NA
798,HP/KUL/52H04/2015/159,Himachal Pradesh,Kullu,NH21,32.2179,77.1925,Debris,Slide,NA
799,HP/KUL/52H03/2015/87,Himachal Pradesh,Kullu,Basitha-Manali Road NH-22,32.2524,77.1895,Debris,Slide,NA
800,HP/KUL/52H03/2015/126,Himachal Pradesh,Kullu,Majhach Road,32.2809,77.1687,Debris,Slide,NA
801,HP/KUL/52H03/2015/125,Himachal Pradesh,Kullu,Majhach Road,32.2829,77.1677,Debris,Slide,NA
802,HP/KUL/52H03/2015/79,Himachal Pradesh,Kullu,Kulang-Manali Road NH-21,32.2956,77.1825,Debris,Slide,NA
803,HP/KUL/52H03/2015/78,Himachal Pradesh,Kullu,Marhi-Palchan Road NH-21,32.3145,77.1829,Debris,Slide,NA
804,HP/KUL/52H03/2015/47,Himachal Pradesh,Kullu,Palchan-Rohtang Tunnel,32.3196,77.1526,Debris,Slide,NA
805,HP/KUL/52H03/2015/70,Himachal Pradesh,Kullu,Marhi-Palchan Road NH-21,32.3312,77.2123,Rock,,NA
806,HP/KUL/52H03/2015/116,Himachal Pradesh,Kullu,Solang-Rohtang Tunnel Road,32.3463,77.1382,Debris,Slide,NA
807,HP/KUL/52H03/2015/104,Himachal Pradesh,Kullu,Solang-Rohtang Tunnel Road,32.3516,77.1312,Debris,Slide,NA
808,H.P./Kullu/52H03/2019/31,Himachal Pradesh,Kullu,Marhi 1 landslide Manali –Palchan Road.,32.35410833,77.21353889,,Slide,2019
809,HP/KUL/52H03/2015/59,Himachal Pradesh,Kullu,Rohtang-Marhi Road NH-21,32.3547,77.223,Debris,Slide,NA
810,H.P./Kullu/52H03/2019/32,Himachal Pradesh,Kullu,Marhi 2 landslide Manali – Palchan Road.,32.35631667,77.22593889,,Slide,2019
811,HP/KUL/52H03/2015/55,Himachal Pradesh,Kullu,Rohtang-Marhi Road NH-21,32.3579,77.2162,Rock,,NA
812,HP/LSP/53L04/2018/8,Himachal Pradesh,Lahaul,& Spiti Dhankar,32.04823,78.2313,Debris,Slide,NA
813,HP/LSP/53L12/2018/2,Himachal Pradesh,Lahaul,& Spiti Near Sumdo,32.04836,78.59797,Debris,Slide,NA
814,HP/LSP/52H15/2018/15,Himachal Pradesh,Lahaul,& Spiti North of Pangmo,32.37843,77.93781,Debris,Slide,NA
815,HP/LSP/52H15/2018/13,Himachal Pradesh,Lahaul,& Spiti North of Pangmo,32.38086,77.93791,Debris,Slide,NA
816,HP/LAH/52H03/2015/36,Himachal Pradesh,Lahaul,& Spiti Koksar-Rohtang,32.3934,77.2566,Rock,Slide,NA
817,HP/LAH/52H03/2015/32,Himachal Pradesh,Lahaul,& Spiti Koksar-Kulti,32.4141,77.2416,Debris,Slide,NA
818,HP/LAH/52H03/2015/2,Himachal Pradesh,Lahaul,& Spiti Koksar-Keylong NH21,32.4144,77.2358,Rock,Slide,NA
819,HP/LAH/52H03/2015/14,Himachal Pradesh,Lahaul,& Spiti Koksar-Keylong NH21,32.4563,77.1572,Debris,Slide,NA
820,HP/LAH/52H03/2015/10,Himachal Pradesh,Lahaul,& Spiti Koksar-Keylong NH21,32.458,77.1425,Rock,Slide,NA
821,HP/LAH/52H03/2015/23,Himachal Pradesh,Lahaul,& Spiti Koksar-Keylong NH21,32.4655,77.137,Debris,Slide,NA
822,HP/LAH/52H03/2015/20,Himachal Pradesh,Lahaul,& Spiti Koksar-Keylong NH21,32.4813,77.1271,Debris,Slide,NA
823,HP/LAH/52H03/2015/16,Himachal Pradesh,Lahaul,& Spiti Koksar-Keylong NH21,32.4919,77.0936,Debris,Slide,NA
824,HP/LAH/52H03/2015/15,Himachal Pradesh,Lahaul,& Spiti Koksar-Keylong NH21,32.5013,77.0621,Debris,Slide,NA
825,HP/LAH/52D14/2025/01,Himachal Pradesh,Lahaul,& Spiti Lindoor Lindoor village,32.64833333,76.87694444,Debris,Slide,
826,H.P./Lahaul &,Himachal Pradesh,Lahaul,& Spiti Rangyo slide zone -1 Keylong – Zing Zing Bar Road.,32.69951944,77.22338611,Debris,Slide,2019
827,H.P./Lahaul &,Himachal Pradesh,Lahaul,& Spiti Deepak Tal slide -1 Keylong – Zing Zing Bar Road.,32.74058889,77.24786667,,Slide,2019
828,HP/MAN/53E03/2015/167,Himachal Pradesh,Mandi,,31.289331,77.094557,Debris,Slide,NA
829,HP/MAN/53E03/2015/210,Himachal Pradesh,Mandi,,31.302158,77.053029,Debris,Slide,NA
830,HP/MAN/53E03/2015/108,Himachal Pradesh,Mandi,,31.302194,77.022833,Debris,Slide,NA
831,HP/MAN/53A15/2015/70,Himachal Pradesh,Mandi,,31.308051,76.983487,Debris,Slide,NA
832,HP/MAN/53E03/2015/275,Himachal Pradesh,Mandi,,31.313139,77.131,Debris,Slide,NA
833,HP/MAN/53E03/2015/191,Himachal Pradesh,Mandi,,31.322694,77.03775,Debris,Slide,NA
834,HP/MAN/53E03/2015/190,Himachal Pradesh,Mandi,,31.325518,77.029832,Debris,Slide,NA
835,HP/MAN/53E03/2015/48,Himachal Pradesh,Mandi,,31.353679,77.012941,Debris,Slide,NA
836,HP/MAN/53E03/2015/332,Himachal Pradesh,Mandi,,31.355139,77.01675,Rock,Slide,NA
837,HP/MAN/53E03/2015/339,Himachal Pradesh,Mandi,,31.364056,77.020861,Debris,Slide,NA
838,HP/MAN/53E03/2015/246,Himachal Pradesh,Mandi,,31.365167,77.065167,Rock,Slide,NA
839,HP/MAN/53A15/2015/48,Himachal Pradesh,Mandi,,31.366101,76.879948,Debris,Slide,NA
840,HP/MAN/53A15/2015/45,Himachal Pradesh,Mandi,,31.373887,76.872571,Debris,Slide,NA
841,HP/MAN/53A15/2015/64,Himachal Pradesh,Mandi,,31.37664,76.879788,Rock,Slide,NA
842,HP/MAN/53E03/2015/6,Himachal Pradesh,Mandi,,31.384292,77.040894,Debris,Slide,NA
843,HP/MAN/53E03/2015/353,Himachal Pradesh,Mandi,,31.384667,77.029833,Debris,Slide,NA
844,HP/MAN/53E03/2015/247,Himachal Pradesh,Mandi,,31.397972,77.08575,Debris,Slide,NA
845,HP/MAN/53E03/2015/93,Himachal Pradesh,Mandi,,31.399291,77.18943,Debris,Slide,NA
846,HP/MAN/53E03/2015/266,Himachal Pradesh,Mandi,,31.399444,77.157833,Rock,Slide,2015
847,HP/MAN/53A15/2015/60,Himachal Pradesh,Mandi,,31.42545,76.896104,Debris,Slide,NA
848,HP/MAN/53A15/2015/318,Himachal Pradesh,Mandi,,31.4255,76.917811,Debris,Slide,NA
849,HP/MAN/53A15/2015/101,Himachal Pradesh,Mandi,,31.432333,76.867957,Debris,Slide,NA
850,HP/MAN/53A15/2015/100,Himachal Pradesh,Mandi,,31.433129,76.867694,Debris,Slide,NA
851,HP/MAN/53A15/2015/99,Himachal Pradesh,Mandi,,31.433787,76.870047,Debris,Slide,NA
852,HP/MAN/53A15/2015/59,Himachal Pradesh,Mandi,,31.435607,76.884127,Debris,Slide,NA
853,HP/MAN/53A15/2015/315,Himachal Pradesh,Mandi,,31.437806,76.915083,Rock,Slide,2015
854,HP/MAN/53E03/2015/240,Himachal Pradesh,Mandi,,31.438194,77.060472,Debris,Slide,2015
855,HP/MAN/53A15/2015/29,Himachal Pradesh,Mandi,,31.440618,76.851247,Debris,Slide,NA
856,HP/MAN/53A15/2015/189,Himachal Pradesh,Mandi,,31.448762,76.863025,Debris,Slide,NA
857,HP/MAN/53E03/2015/149,Himachal Pradesh,Mandi,,31.451389,77.037222,Debris,Slide,NA
858,HP/MAN/53E03/2015/228,Himachal Pradesh,Mandi,,31.451944,77.049722,Rock,Slide,NA
859,HP/MAN/53E03/2015/106,Himachal Pradesh,Mandi,,31.45475,77.04325,Rock,Slide,NA
860,HP/MAN/53A15/2015/182,Himachal Pradesh,Mandi,,31.465122,76.943879,Debris,Slide,NA
861,HP/MAN/53E03/2015/320,Himachal Pradesh,Mandi,,31.466806,77.023694,Rock,Slide,NA
862,HP/MAN/53A15/2015/143,Himachal Pradesh,Mandi,,31.476072,76.972735,Debris,Slide,NA
863,HP/MAN/53A15/2015/221,Himachal Pradesh,Mandi,,31.476556,76.982306,Rock,Rock fall,NA
864,HP/MAN/53A15/2015/222,Himachal Pradesh,Mandi,,31.483667,76.979833,Rock,Slide,NA
865,HP/MAN/53E03/2015/330,Himachal Pradesh,Mandi,,31.491389,77.018611,Debris,Slide,NA
866,HP/MAN/53A15/2015/52,Himachal Pradesh,Mandi,,31.49602,76.930852,Debris,Slide,NA
867,H.P./MANDI/53A014/2018/08,Himachal Pradesh,Mandi,Chumukha Landslide NH-21/Chumukha/5.2km away,31.50016194,76.87331194,Debris,Slide,03 August 2018
868,HP/MAN/53A14/2015/323,Himachal Pradesh,Mandi,"Chaumukhi,NH 21",31.500456,76.873523,Rock,Slide,NA
869,HP/MAN/53E06/2016/144,Himachal Pradesh,Mandi,Kandidhar,31.523,77.292,Rock,Slide,NA
870,HP/MAN/53A14/2015/350,Himachal Pradesh,Mandi,Near Leda,31.542453,76.835807,Rock,Slide,NA
871,HP/MAN/53E02/2015/150,Himachal Pradesh,Mandi,Bagi village road,31.546056,77.076611,Debris,Slide,NA
872,HP/MAN/53E02/2015/126,Himachal Pradesh,Mandi,Lag valley,31.546611,77.20825,Debris,Slide,NA
873,HP/MAN/53E02/2015/131,Himachal Pradesh,Mandi,Chail Chawk-Gogar Pandoh,31.558722,77.194167,Debris,Slide,NA
874,HP/MAN/53E02/2015/141,Himachal Pradesh,Mandi,Chail Chawk-Gogar Pandoh,31.567583,77.167417,Debris,Slide,NA
875,HP/MAN/53A14/2015/349,Himachal Pradesh,Mandi,"Sidhkot P.F, milestone-leda 3km",31.569361,76.819838,Rock,Slide,NA
876,HP/MAN/53E02/2015/144,Himachal Pradesh,Mandi,Bagi village road,31.573917,77.155611,Debris,Slide,NA
877,HP/MAN/53A14/2015/324,Himachal Pradesh,Mandi,"Near Baggi,SH 13",31.579519,76.989374,Rock,Slide,NA
878,HP/MAN/53A14/2015/310,Himachal Pradesh,Mandi,"Dhol Khan,SH 32",31.584163,76.790932,Rock,Slide,NA
879,HP/MAN/53A14/2015/308,Himachal Pradesh,Mandi,"West of Gammun,SH 32",31.590036,76.809541,Debris,Slide,NA
880,HP/MAN/53A14/2015/307,Himachal Pradesh,Mandi,"West of Gammun,SH 32",31.59263,76.809827,Rock,Slide,NA
881,HP/MAN/53A14/2015/304,Himachal Pradesh,Mandi,"Gammun,SH 32",31.596669,76.819335,Debris,Slide,NA
882,HP/MAN/53E02/2015/154,Himachal Pradesh,Mandi,Badal Road,31.610444,77.065111,Debris,Slide,NA
883,HP/MAN/53E02/2015/156,Himachal Pradesh,Mandi,Badal Road,31.610444,77.065111,Debris,Slide,NA
884,HP/MAN/53E06/2016/97,Himachal Pradesh,Mandi,Swof Tikki,31.610519,77.266669,Debris,Slide,NA
885,HP/MAN/53E02/2015/157,Himachal Pradesh,Mandi,Bagi village road,31.616722,77.065,Debris,Slide,NA
886,HP/MAN/53E02/2015/162,Himachal Pradesh,Mandi,Bagi village road,31.621139,77.06725,Debris,Slide,NA
887,HP/MAN/53A14/2015/301,Himachal Pradesh,Mandi,"Gadwahan,SH 32",31.621741,76.825403,Debris,Slide,NA
888,HP/MAN/53E02/2015/208,Himachal Pradesh,Mandi,Larji-Sainj road,31.623806,77.19325,Debris,Slide,NA
889,HP/MAN/53A14/2015/295,Himachal Pradesh,Mandi,"East of Rewalsar,SH 32",31.636746,76.841414,Rock,Slide,2013
890,HP/MAN/53A14/2015/292,Himachal Pradesh,Mandi,"NE of Gahor, SH32",31.642319,76.874738,Rock,Slide,NA
891,HP/MAN/53E02/2015/195,Himachal Pradesh,Mandi,,31.648889,77.123333,Debris,Slide,NA
892,HP/MAN/53E02/2015/197,Himachal Pradesh,Mandi,,31.648889,77.123333,Debris,Slide,NA
893,HP/MAN/53E02/2015/194,Himachal Pradesh,Mandi,,31.64925,77.122333,Debris,Slide,NA
894,HP/MAN/53E02/2015/190,Himachal Pradesh,Mandi,Village road,31.652056,77.123333,Debris,Slide,NA
895,HP/MAN/53E02/2015/184,Himachal Pradesh,Mandi,,31.653028,77.117917,Debris,Slide,NA
896,HP/MAN/53E02/2015/122,Himachal Pradesh,Mandi,,31.656333,77.102417,Debris,Slide,NA
897,HP/MAN/53E02/2015/169,Himachal Pradesh,Mandi,Bagi village road,31.659333,77.103639,Debris,Slide,NA
898,HP/MAN/53A14/2015/298,Himachal Pradesh,Mandi,"Mandlog,Near milestone 8 of",31.662,76.901,Rock,Slide,NA
899,HP/MAN/53E06/2016/49,Himachal Pradesh,Mandi,"Dari,NH 305",31.674453,77.29229,Debris,Subsidence,NA
900,H.P./Mandi/53E02/2019/05,Himachal Pradesh,Mandi,"RD Km 216+750m Near Pandoh, Dist. Mandi, H.P.",31.67725,77.07725,Debris,Slide,2019
901,HP/MAN/53E02/2015/228,Himachal Pradesh,Mandi,Bhawash road,31.684611,77.080417,Debris,Slide,NA
902,HP/MAN/53E02/2015/231,Himachal Pradesh,Mandi,Bajaura-Mandi road,31.689194,77.084639,Debris,Slide,NA
903,HP/MAN/53E02/2024/,Himachal Pradesh,Mandi,"Soja Slide (Chainage 209+450) NH-03, Soja",31.68921944,77.04186111,Debris,Slide,NA
904,HP/MAN/53E02/2015/234,Himachal Pradesh,Mandi,Batheri road,31.689389,77.086389,Debris,Slide,NA
905,HP/MAN/53A14/2015/287,Himachal Pradesh,Mandi,"South of Mandi, SH 32",31.692658,76.92238,Rock,Slide,2010
906,HP/MAN/53A10/2018/11,Himachal Pradesh,Mandi,NH-70,31.699889,76.721444,Debris,Slide,NA
907,HP/MAN/53A14/2023/,Himachal Pradesh,Mandi,"Tarna Hill debris slide Near Hotel Koyal, Mangwai",31.70522,76.933442,Debris,Slide,14 August 2023 (Morning)
908,HP/MAN/53A14/2015/284,Himachal Pradesh,Mandi,Ropar,31.707092,76.961163,Debris,Slide,NA
909,HP/MAN/53E06/2016/114,Himachal Pradesh,Mandi,S of Dhamta,31.710319,77.251154,Rock,Slide,NA
910,HP/MAN/53E06/2016/34,Himachal Pradesh,Mandi,"Dhamta, NH 305",31.712599,77.251876,Debris,Slide,NA
911,HP/MAN/53E02/2015/213,Himachal Pradesh,Mandi,Larji-Sainj road,31.725472,77.220556,Debris,Slide,NA
912,HP/MAN/53E02/2015/218,Himachal Pradesh,Mandi,Larji-Sainj road,31.729083,77.227028,Debris,Slide,NA
913,HP/Mandi/53A14/2025/04,Himachal Pradesh,Mandi,Patrai Galu Patrai Galu,31.73972222,76.75388889,Debris,Slide,6 September 2025
914,HP/MAN/53A13/2015/17,Himachal Pradesh,Mandi,"Near Kotli,NH 70",31.754244,76.875833,Rock,Slide,NA
915,HP/MAN/53E1/2024/02,Himachal Pradesh,Mandi,Prashar Lake Landslide --,31.75555556,77.11,Debris,Slide,2023
916,HP/MAN/53A13/2015/137,Himachal Pradesh,Mandi,"East of Kamla Dev,NH 70",31.764087,76.857922,Rock,Slide,NA
917,HP/MAN/53A13/2023/,Himachal Pradesh,Mandi,Bhadyar Slide Chhatter Road,31.76694,76.7675,Debris,Slide,14 August 2023
918,HP/MAN/53E01/2015/13,Himachal Pradesh,Mandi,,31.770444,77.174167,Debris,Slide,NA
919,HP/MAN/53A13/2015/252,Himachal Pradesh,Mandi,Matrer,31.772,76.951,Debris,Slide,NA
920,HP/MAN/53A13/2015/265,Himachal Pradesh,Mandi,Kamand,31.77203,76.979781,Rock,Slide,NA
921,HP/MAN/53A13/2015/262,Himachal Pradesh,Mandi,Kamand,31.775934,76.982092,Rock,Slide,NA
922,HP/MAN/53A13/2015/276,Himachal Pradesh,Mandi,Laswan,31.779084,76.910045,Rock,Slide,NA
923,HP/MAN/53A13/2023/,Himachal Pradesh,Mandi,"Baral Slide Baral Village, Riyur-Baroti Road",31.78083,76.77722,Debris,Slide,14 August 2023
924,HP/MAN/53A13/2023/,Himachal Pradesh,Mandi,--- Didnu road,31.781418,76.756217,Debris,Slide,14 August 2023
925,HP/MAN/53E01/2015/33,Himachal Pradesh,Mandi,SH15,31.786667,77.073111,Debris,Slide,NA
926,HP/MAN/53E01/2015/30,Himachal Pradesh,Mandi,SH15,31.791944,77.062778,Rock,,NA
927,HP/MAN/53A13/2015/213,Himachal Pradesh,Mandi,"South of Dharampur,NH 70",31.79273,76.75188,Debris,Slide,NA
928,HP/MAN/53A13/2015/192,Himachal Pradesh,Mandi,Dharampur,31.79865,76.75331,Rock,Slide,NA
929,HP/MAN/53A13/2015/247,Himachal Pradesh,Mandi,Hallu,31.800152,76.95474,Rock,Slide,NA
930,HP/MAN/53A13/2015/79,Himachal Pradesh,Mandi,"Saroli,SH19",31.8027,76.76624,Debris,Slide,NA
931,HP/MAN/53A13/2015/174,Himachal Pradesh,Mandi,"North of Saroli,SH 19",31.80557,76.76895,Rock,Slide,NA
932,HP/MAN/53A13/2015/237,Himachal Pradesh,Mandi,NE of Kohiyar,31.80641,76.85201,Rock,Slide,NA
933,HP/MAN/53A13/2015/180,Himachal Pradesh,Mandi,"Sapri,SH19",31.81234,76.77314,Debris,Slide,NA
934,HP/MAN/53A10/2018/17,Himachal Pradesh,Mandi,NH-70,31.815472,76.727333,Debris,Debris flow,NA
935,HP/MAN/53A13/2015/187,Himachal Pradesh,Mandi,Rora SH-19,31.81645,76.77537,Debris,Slide,NA
936,HP/MAN/53A13/2015/14,Himachal Pradesh,Mandi,"Chhamaill, SH 17",31.81707,76.76057,Debris,Slide,NA
937,HP/MAN/53A13/2015/78,Himachal Pradesh,Mandi,Rora SH-19,31.81717,76.77777,Rock,Slide,NA
938,HP/MAN/53E01/2015/2,Himachal Pradesh,Mandi,NH21,31.823611,77.172778,Rock,Slide,NA
939,HP/MAN/53A10/2018/20,Himachal Pradesh,Mandi,NH-70,31.830222,76.604833,Debris,Slide,NA
940,HP/MAN/53A13/2015/152,Himachal Pradesh,Mandi,"Near Kotla ,SH 28",31.83195,76.78039,Rock,Slide,NA
941,HP/MAN/53A13/2015/129,Himachal Pradesh,Mandi,"Neri,SH 19",31.83223,76.77492,Debris,Slide,NA
942,HP/MAN/53A13/2015/159,Himachal Pradesh,Mandi,"Kotla,SH 19",31.83253,76.78349,Rock,Slide,NA
943,HP/MAN/53A13/2015/9,Himachal Pradesh,Mandi,"Chimnun,SH 19",31.83335,76.78524,Rock,Slide,NA
944,HP/MAN/53A13/2015/10,Himachal Pradesh,Mandi,"Chimnun,SH 19",31.83368,76.78564,Rock,Slide,NA
945,HP/MAN/53A13/2015/126,Himachal Pradesh,Mandi,"Near Saman,SH-19",31.84933,76.78247,Debris,Slide,NA
946,HP/MAN/53A13/2015/15,Himachal Pradesh,Mandi,"Near Samnan, SH 19",31.84966,76.78436,Rock,Slide,NA
947,HP/MAN/53A13/2015/125,Himachal Pradesh,Mandi,"Near Saman,SH-19",31.85034,76.78274,Debris,Slide,NA
948,HP/MAN/53A13/2015/122,Himachal Pradesh,Mandi,"Saman,SH 19",31.85285,76.78841,Rock,Slide,NA
949,HP/MAN/53A13/2015/8,Himachal Pradesh,Mandi,"Near Samnan, SH 19",31.85446,76.7907,Rock,Slide,NA
950,HP/MAN/53A13/2015/119,Himachal Pradesh,Mandi,"South of Chirchakha,SH 19",31.856,76.79309,Rock,Slide,NA
951,HP/MAN/53A13/2015/113,Himachal Pradesh,Mandi,"Chirchakha,SH19,20m from",31.85961,76.78532,Rock,Slide,NA
952,HP/MAN/53A13/2015/114,Himachal Pradesh,Mandi,"Chirchakha,SH 19,50m from",31.85979,76.78658,Rock,Slide,NA
953,HP/MAN/53A13/2015/117,Himachal Pradesh,Mandi,"Chirchakha,SH 19",31.86,76.78702,Debris,Slide,NA
954,HP/MAN/53A13/2015/109,Himachal Pradesh,Mandi,"Chirchakha,SH19",31.86077,76.78314,Rock,Slide,NA
955,HP/MAN/53A10/2018/24,Himachal Pradesh,Mandi,NH-70,31.869361,76.576,Debris,Slide,NA
956,HP/MAN/53A13/2015/64,Himachal Pradesh,Mandi,"west of Kharion, NH 20",31.871,76.936,Earth,Slide,NA
957,HP/MAN/53A13/2015/90,Himachal Pradesh,Mandi,"Baraili,SH19",31.877056,76.778528,Rock,Slide,NA
958,HP/MAN/53A13/2015/32,Himachal Pradesh,Mandi,"Padhar,NH 20,30m from S195",31.884434,76.914288,Debris,Slide,NA
959,HP/MAN/53A09/2018/79,Himachal Pradesh,Mandi,Lad Badol-Kothi Rd,31.885889,76.733222,Debris,Slide,NA
960,HP/MAN/53A09/2018/85,Himachal Pradesh,Mandi,Lad Badol-Kothi Rd,31.896111,76.736583,Debris,Slide,2018
961,HP/MAN/53A10/2018/27,Himachal Pradesh,Mandi,,31.9105,76.667972,Debris,Slide,NA
962,HP/MAN/53A09/2018/113,Himachal Pradesh,Mandi,Lad Badol-Utpur Rd,31.924028,76.689556,Debris,Slide,NA
963,HP/MAN/53A09/2018/116,Himachal Pradesh,Mandi,,31.924556,76.565,Debris,Slide,NA
964,HP/MAN/53A13/2015/58,Himachal Pradesh,Mandi,"Hiyun, NH 20",31.9333,76.8765,Earth,Slide,NA
965,HP/MAN/53A13/2015/56,Himachal Pradesh,Mandi,"North of Hiyun, NH 20",31.9351,76.8765,Debris,Slide,NA
966,HP/MAN/53A13/2015/204,Himachal Pradesh,Mandi,"Markhan,Barot road",31.94785,76.89723,Rock,Slide,NA
967,HP/MAN/53A13/2015/54,Himachal Pradesh,Mandi,"Guma, NH 20",31.9553,76.8537,Debris,Slide,NA
968,HP/MAN/53A09/2018/141,Himachal Pradesh,Mandi,,31.965944,76.564194,Debris,Slide,NA
969,HP/MAN/53A13/2015/68,Himachal Pradesh,Mandi,"Chirang, NH 20",31.974,76.847,Debris,Slide,NA
970,HP/MAN/53A13/2015/48,Himachal Pradesh,Mandi,"Shanan,NH 20",31.99,76.814,Debris,Slide,NA
971,HP/MAN/53A09/2018/151,Himachal Pradesh,Mandi,Kothi- Baijnath road,31.990222,76.619167,Debris,Slide,NA
972,HP/MAN/53A13/2015/51,Himachal Pradesh,Mandi,north of Ganain,31.997,76.831,Rock,Slide,NA
973,HP/MAN/53A13/2015/46,Himachal Pradesh,Mandi,"NW of Joginder nagar,NH 20",31.998167,76.779903,Rock,Rock fall,NA
974,HP/MAN/52D16/2015/208,Himachal Pradesh,Mandi,NH-154,32.002,76.7715,Rock,,NA
975,HP/MAN/52D16/2015/207,Himachal Pradesh,Mandi,NH-154,32.0053,76.7721,Rock,Slide,NA
976,HP/MAN/52D16/2015/210,Himachal Pradesh,Mandi,Galu link road,32.0201,76.7798,Debris,Slide,NA
977,HP/MAN/52D16/2015/234,Himachal Pradesh,Mandi,Barot-Bargrah road,32.0481,76.8344,Rock,Rock fall,NA
978,HP/MAN/52D12/2020/23,Himachal Pradesh,Mandi,Bir-Billing Road,32.05,76.74,Debris,Slide,NA
979,HP/MAN/52D16/2015/227,Himachal Pradesh,Mandi,Barot-Bargrah road,32.0578,76.8183,Debris,Slide,NA
980,HP/SHM/53F09/2017/48,Himachal Pradesh,Shimla,Panog,30.759694,77.609639,Debris,Slide,NA
981,HP/SHM/53F09/2017/27,Himachal Pradesh,Shimla,Tikiri Dasakna,30.767344,77.560942,Debris,Slide,NA
982,HP/SHM/53F09/2017/38,Himachal Pradesh,Shimla,"Tikiri Dasakna,",30.768222,77.569083,Debris,Slide,NA
983,HP/SHM/53F09/2017/25,Himachal Pradesh,Shimla,Haripurdhar,30.771619,77.554289,Debris,Slide,NA
984,HP/SHI/53F13/2016/21,Himachal Pradesh,Shimla,ANTROULI-GUMMA ROAD,30.8233,77.7506,Debris,Slide,NA
985,HP/SHI/53F13/2016/7,Himachal Pradesh,Shimla,ANTROULI-GUMMA ROAD,30.8235,77.7514,Debris,Slide,NA
986,HP/SHI/53F13/2016/6,Himachal Pradesh,Shimla,NEAR CHOINYAN,30.8306,77.7571,Debris,Slide,NA
987,HP/SHM/53F09/2017/81,Himachal Pradesh,Shimla,Kulath link road,30.832486,77.586469,Debris,Slide,NA
988,HP/SHM/53F09/2017/78,Himachal Pradesh,Shimla,Jannu link road,30.8371,77.6023,Debris,Slide,NA
989,HP/SHM/53F09/2017/80,Himachal Pradesh,Shimla,Kupvi link road,30.842864,77.598411,Debris,Slide,NA
990,HP/SHM/53F09/2017/64,Himachal Pradesh,Shimla,Bhanal village road,30.898306,77.626883,Debris,Slide,NA
991,HP/SHI/53F13/2016/14,Himachal Pradesh,Shimla,NEAR CHANNOG CHANNOG-NH-,30.9051,77.7624,Debris,Slide,NA
992,HP/SHI/53F13/2016/19,Himachal Pradesh,Shimla,THANGAR VILLAGE,30.906,77.7937,Debris,Slide,NA
993,HP/SHI/53F13/2016/5,Himachal Pradesh,Shimla,NEAR MANEWATI VILLAGE,30.916,77.8022,Debris,Subsidence,NA
994,HP/SHI/53F13/2016/9,Himachal Pradesh,Shimla,TIKRI VILLAGE,30.9166,77.7581,Debris,Slide,NA
995,HP/SHM/53F09/2017/17,Himachal Pradesh,Shimla,Bamrar Tikiri link road,30.934269,77.597369,Debris,Slide,NA
996,HP/SHM/53F09/2017/3,Himachal Pradesh,Shimla,"SH 8, ChaukiyaJinkinpul road",30.962953,77.587925,Debris,Slide,NA
997,HP/SHM/53F09/2017/52,Himachal Pradesh,Shimla,Kotla bangi,30.967364,77.321517,Debris,Slide,NA
998,HP/SHM/53F09/2017/14,Himachal Pradesh,Shimla,Tharoch link road,30.981986,77.683294,Debris,Slide,NA
999,HP/SHI/53E04/2017/1,Himachal Pradesh,Shimla,RAULI,31.022861,77.214306,Rock,Slide,NA
1000,HP/SHI/53E04/2017/11,Himachal Pradesh,Shimla,NH 22,31.035389,77.120861,Rock,Slide,NA
1001,HP/SHI/53E04/2017/193,Himachal Pradesh,Shimla,NH 88,31.05175,77.154444,Rock,Slide,NA
1002,HP/SHI/53E04/2017/196,Himachal Pradesh,Shimla,NUNHATTI MAMLING KUFAR,31.053556,77.155,Debris,Slide,NA
1003,HP/SHI/53E04/2017/45,Himachal Pradesh,Shimla,"SH 13,NALDERA",31.056333,77.134361,Rock,Slide,NA
1004,HP/SHI/53E04/2017/201,Himachal Pradesh,Shimla,SANJAULI,31.057,77.15025,Debris,Slide,NA
1005,HP/SHI/53E04/2017/182,Himachal Pradesh,Shimla,NH 88,31.057389,77.132444,Rock,Slide,NA
1006,HP/SHI/53E04/2017/218,Himachal Pradesh,Shimla,"NH 88,JUTOGH",31.05975,77.182861,Debris,Slide,NA
1007,HP/SHI/53E16/2016/103,Himachal Pradesh,Shimla,NH-72,31.06,77.82216,Debris,Slide,NA
1008,HP/SHI/53E04/2017/203,Himachal Pradesh,Shimla,ANJI,31.061194,77.149889,Rock,Slide,NA
1009,HP/SHI/53E16/2016/15,Himachal Pradesh,Shimla,NEAR SNAILNH-72,31.0629,77.8214,Debris,Fall,NA
1010,HP/SHI/53E08/2016/27,Himachal Pradesh,Shimla,"Tikkar, SH-5",31.062944,77.336197,Debris,Slide,NA
1011,HP/SHI/53E08/2016/63,Himachal Pradesh,Shimla,"Baddar, SH-8",31.068392,77.39164,Rock,Slide,NA
1012,HP/SHI/53E04/2017/210,Himachal Pradesh,Shimla,"NH 22, TARADEVI",31.069028,77.168694,Debris,Slide,NA
1013,HP/SHI/53E16/2016/50,Himachal Pradesh,Shimla,SNAIL,31.0714,77.8118,Debris,Slide,NA
1014,HP/SHI/53E04/2017/23,Himachal Pradesh,Shimla,NH 22,31.081616,77.185323,Rock,Slide,NA
1015,HP/SHI/53E04/2017/21,Himachal Pradesh,Shimla,SHIMLA,31.08525,77.190972,Rock,Slide,NA
1016,HP/SHI/53E12/2016/22,Himachal Pradesh,Shimla,Kariali Village road,31.091306,77.729639,Debris,Slide,NA
1017,HP/SHI/53E16/2016/58,Himachal Pradesh,Shimla,NEAR KUDDUNH-72-,31.0925,77.7918,Debris,Slide,NA
1018,HP/SHI/53E16/2016/21,Himachal Pradesh,Shimla,NH-72NH-72,31.0926,77.7936,Debris,Slide,NA
1019,HP/SHI/53E04/2017/149,Himachal Pradesh,Shimla,SH 16,31.094167,77.110528,Rock,Slide,NA
1020,HP/SHI/53E12/2016/25,Himachal Pradesh,Shimla,Mehana Village road,31.094278,77.737361,Debris,Slide,NA
1021,HP/SHI/53E16/2016/80,Himachal Pradesh,Shimla,DHANASAR,31.0946,77.8298,Debris,Slide,NA
1022,H.P./SHIMLA/53E04/2023/05,Himachal Pradesh,Shimla,"Himland Cart Road, opposite to HPSIDC",31.09527778,77.17333333,Debris,Slide,2023
1023,HP/SHI/53E12/2016/20,Himachal Pradesh,Shimla,Dhapli Village road,31.095333,77.740444,Debris,Slide,NA
1024,HP/SHI/53E08/2016/65,Himachal Pradesh,Shimla,"Gumma, NH-5",31.096874,77.421112,Rock,Slide,NA
1025,HP/SHI/53E16/2016/65,Himachal Pradesh,Shimla,JILTARI VILLAGEJILTARI LINK,31.097,77.813,Debris,Slide,NA
1026,HP/SHI/53E12/2016/2,Himachal Pradesh,Shimla,close to LS99,31.09768,77.64944,Debris,Slide,NA
1027,HP/SHI/53E12/2016/1,Himachal Pradesh,Shimla,SH-10,31.09796,77.63983,Debris,Slide,NA
1028,HP/SHI/53E12/2016/27,Himachal Pradesh,Shimla,"Sanawa, SH-10",31.09796,77.63983,Debris,Slide,NA
1029,HP/SHI/53E12/2016/4,Himachal Pradesh,Shimla,"Pola, SH-10",31.0982,77.65271,Debris,Slide,NA
1030,HP/SHI/53E12/2016/28,Himachal Pradesh,Shimla,"Sanawa, SH-10",31.09853,77.64067,Debris,Slide,NA
1031,HP/SHI/53E08/2016/58,Himachal Pradesh,Shimla,"Talai, SH-10; Theog Rohru Road",31.098639,77.37999,Debris,Slide,NA
1032,HP/SHI/53E12/2016/5,Himachal Pradesh,Shimla,PolaSH-10,31.09941,77.65573,Debris,Slide,NA
1033,HP/SHI/53E12/2016/59,Himachal Pradesh,Shimla,Baina,31.09971,77.63147,Debris,Slide,NA
1034,HP/SHI/53E08/2016/69,Himachal Pradesh,Shimla,near Haat Bus StopTheog-,31.100106,77.406006,Debris,Slide,NA
1035,HP/SHI/53E08/2016/68,Himachal Pradesh,Shimla,Haat Theog-Hatkoti Road,31.100467,77.406944,Debris,Slide,NA
1036,HP/SHI/53E04/2017/15,Himachal Pradesh,Shimla,"NH 22,DHALLI",31.101,77.206139,Rock,Slide,NA
1037,HP/SHI/53E08/2016/32,Himachal Pradesh,Shimla,SH-10; Theog Rohru Road,31.101723,77.372231,Debris,Slide,NA
1038,HP/SHI/53E08/2016/47,Himachal Pradesh,Shimla,"Upslope of Dasaun village, SH-",31.102173,77.369621,Debris,Slide,NA
1039,HP/SHI/53E08/2016/35,Himachal Pradesh,Shimla,"Upslope of Dasaun village, SH-",31.102497,77.3703,Rock,Slide,NA
1040,HP/SHI/53E08/2016/52,Himachal Pradesh,Shimla,Bishnog Theog-Hatkoti Road,31.1035,77.401056,Debris,Slide,NA
1041,HP/SHI/53E08/2016/21,Himachal Pradesh,Shimla,BishnogTheog-Hatkoti Road,31.104056,77.401944,Debris,Slide,NA
1042,HP/SHI/53E16/2016/151,Himachal Pradesh,Shimla,NEAR CHANDERPUR,31.1047,77.7585,Rock,Slide,NA
1043,HP/SHI/53E04/2017/191,Himachal Pradesh,Shimla,NH 88,31.106083,77.11275,Rock,Slide,NA
1044,HP/SHI/53E08/2016/33,Himachal Pradesh,Shimla,"Near LS75, SH-10",31.106157,77.369286,Debris,Slide,NA
1045,HP/SHI/53E08/2016/75,Himachal Pradesh,Shimla,SH-10,31.107083,77.387167,Debris,Slide,NA
1046,HP/SHI/53E08/2016/16,Himachal Pradesh,Shimla,Kufri; near Indian Hotel,31.1071,77.255264,Debris,Slide,NA
1047,HP/SHI/53E08/2016/83,Himachal Pradesh,Shimla,Kufri Bus StopNH-5,31.109556,77.251861,Debris,Slide,NA
1048,HP/SHI/53E16/2016/54,Himachal Pradesh,Shimla,NEAR GILTARI,31.1132,77.8314,Debris,Slide,NA
1049,HP/SHI/53E12/2016/37,Himachal Pradesh,Shimla,"Down slope of Kotla village, SH-",31.116238,77.521728,Debris,Slide,NA
1050,HP/SHI/53E12/2016/30,Himachal Pradesh,Shimla,SH-10,31.117325,77.507385,Rock,Slide,NA
1051,HP/SHI/53E04/2017/8,Himachal Pradesh,Shimla,NH 22,31.118194,77.237917,Rock,Rock fall,NA
1052,HP/SHI/53E08/2016/23,Himachal Pradesh,Shimla,Nangal Devi templeNH-22,31.118944,77.335991,Rock,Slide,NA
1053,HP/SHI/53E12/2016/57,Himachal Pradesh,Shimla,SH-10,31.11918,77.70919,Debris,Slide,NA
1054,HP/SHI/53E16/2016/175,Himachal Pradesh,Shimla,NEAR JARSALI VILLAGENH-72-,31.12,77.8145,Debris,Slide,NA
1055,HP/SHI/53E16/2016/44,Himachal Pradesh,Shimla,NEAR JARSALI VILLAGE,31.1215,77.8138,Debris,Slide,NA
1056,HP/SHI/53E12/2016/41,Himachal Pradesh,Shimla,HatkotiKatasu Rd,31.12551,77.74635,Debris,Slide,NA
1057,HP/SHI/53E04/2017/152,Himachal Pradesh,Shimla,SH 16,31.128639,77.093028,Rock,Slide,NA
1058,HP/SHI/53E04/2017/155,Himachal Pradesh,Shimla,SH 16,31.131778,77.109611,Rock,Slide,NA
1059,HP/SHI/53E04/2017/153,Himachal Pradesh,Shimla,SH 16,31.132,77.108778,Debris,Slide,NA
1060,HP/SHI/53E04/2017/32,Himachal Pradesh,Shimla,SH 13,31.132639,77.224444,Rock,Slide,NA
1061,HP/SHI/53E12/2016/52,Himachal Pradesh,Shimla,Hatkoti,31.13437,77.74463,Debris,Slide,NA
1062,HP/SHI/53E12/2016/46,Himachal Pradesh,Shimla,30m north of L101,31.134847,77.498431,Debris,Slide,NA
1063,HP/SHI/53E16/2016/127,Himachal Pradesh,Shimla,NH-72-JHARSALI LINK ROADNH-,31.1366,77.7826,Debris,Subsidence,NA
1064,HP/SHI/53E08/2016/6,Himachal Pradesh,Shimla,Downslope of Khanas DeviNH-,31.138346,77.384682,Rock,Slide,NA
1065,HP/SHI/53E04/2017/36,Himachal Pradesh,Shimla,SH 13,31.14225,77.221056,Rock,Slide,NA
1066,HP/SHI/53E12/2016/50,Himachal Pradesh,Shimla,Riyog,31.142284,77.498573,Debris,Slide,NA
1067,HP/SHI/53E04/2017/37,Himachal Pradesh,Shimla,SH 13,31.143389,77.216389,Debris,Slide,NA
1068,HP/SHI/53E12/2016/14,Himachal Pradesh,Shimla,Andreli,31.145028,77.403833,Debris,Slide,NA
1069,HP/SHI/53E16/2016/84,Himachal Pradesh,Shimla,NEAR BHOLAR VILLAGE BHOLAR,31.1463,77.7777,Debris,Slide,NA
1070,HP/SHI/53E04/2017/167,Himachal Pradesh,Shimla,"SH 13,NALDERA",31.148806,77.07625,Debris,Slide,NA
1071,HP/SHI/53E16/2016/91,Himachal Pradesh,Shimla,NEAR BHOLAR VILLAGE BHOLAR,31.1541,77.7837,Debris,Slide,NA
1072,HP/SHI/53E04/2017/118,Himachal Pradesh,Shimla,NH 88,31.154194,77.032944,Rock,Slide,NA
1073,HP/SHI/53E16/2016/72,Himachal Pradesh,Shimla,NEAR BHOLAR VILLAGE BHOLAR,31.1549,77.7844,Debris,Slide,NA
1074,HP/SHI/53E04/2017/87,Himachal Pradesh,Shimla,BASANTPUR KARIALI ROAD,31.161389,77.053167,Rock,Slide,NA
1075,HP/SHI/53E16/2016/60,Himachal Pradesh,Shimla,NEAR BAKHIRNA VILLAGE,31.1617,77.7577,Debris,Slide,NA
1076,HP/SHI/53E04/2017/172,Himachal Pradesh,Shimla,JUTOGH PAHL ROAD,31.161722,77.045528,Debris,Slide,NA
1077,HP/SHI/53E04/2017/114,Himachal Pradesh,Shimla,NATLI KANDA,31.164972,77.232889,Rock,Rock fall,NA
1078,HP/SHI/53E16/2016/12,Himachal Pradesh,Shimla,SIDROTINH-72-SIDROTI LINK,31.1666,77.7634,Debris,Subsidence,NA
1079,HP/SHI/53E16/2016/99,Himachal Pradesh,Shimla,NEAR SIDROTI VILLAGRE,31.1684,77.767,Debris,Fall,NA
1080,HP/SHI/53E04/2017/121,Himachal Pradesh,Shimla,GHANDAL HALOG ROAD,31.169361,77.036639,Rock,Slide,NA
1081,HP/SHI/53E04/2017/122,Himachal Pradesh,Shimla,JAMOG,31.182528,77.031278,Rock,Slide,NA
1082,HP/SHI/53E08/2016/40,Himachal Pradesh,Shimla,Annu Chalanag-Annu road,31.185091,77.359528,Debris,Slide,NA
1083,HP/SHI/53E04/2017/42,Himachal Pradesh,Shimla,"SH 13,NALDERA",31.1875,77.170472,Debris,Slide,NA
1084,HP/SHI/53E04/2017/108,Himachal Pradesh,Shimla,BASANTPUR KARIALI ROAD,31.193417,77.212417,Rock,Slide,NA
1085,HP/SHI/53E04/2017/130,Himachal Pradesh,Shimla,HALOG SILAHARA ROAD,31.201306,77.057139,Rock,Slide,NA
1086,HP/SHI/53E16/2016/146,Himachal Pradesh,Shimla,NEAR CHANSIL GHATITIKRI-,31.203,77.9897,Debris,Slide,NA
1087,HP/SHI/53E04/2017/144,Himachal Pradesh,Shimla,#N/A #N/A,31.203194,77.136056,Rock,Slide,NA
1088,HP/SHI/53E04/2017/132,Himachal Pradesh,Shimla,HALOG SILAHARA ROAD,31.205528,77.059861,Rock,Slide,NA
1089,HP/SHI/53E04/2017/134,Himachal Pradesh,Shimla,HALOG SILAHARA ROAD,31.207278,77.068278,Rock,Slide,NA
1090,HP/SHI/53E16/2016/106,Himachal Pradesh,Shimla,"Near Sainji, Sandsu - Kashdhar",31.2079,77.7975,Debris,Slide,NA
1091,HP/SHI/53E04/2017/86,Himachal Pradesh,Shimla,BASANTPUR KARIALI ROAD,31.208306,77.202472,Rock,Slide,NA
1092,HP/SHI/53E16/2016/134,Himachal Pradesh,Shimla,NEAR CHANSIL GHATITIKRI-,31.2091,77.9937,Debris,Slide,NA
1093,HP/SHI/53E16/2016/139,Himachal Pradesh,Shimla,NEAR CHANSIL GHATITIKRI-,31.2106,77.9853,Debris,Slide,NA
1094,HP/SHI/53E16/2016/138,Himachal Pradesh,Shimla,NEAR CHANSIL GHATITIKRI-,31.2108,77.986,Debris,Slide,NA
1095,HP/SHI/53E16/2016/132,Himachal Pradesh,Shimla,NEAR CHANSIL GHATITIKRI-,31.2125,77.9966,Debris,Slide,NA
1096,HP/SHI/53E16/2016/147,Himachal Pradesh,Shimla,NEAR CHANSIL GHATITIKRI-,31.2133,77.9814,Debris,Slide,NA
1097,HP/SHI/53E04/2017/55,Himachal Pradesh,Shimla,SH 13,31.213556,77.122222,Rock,Slide,NA
1098,HP/SHI/53E16/2016/202,Himachal Pradesh,Shimla,ROHRU-CHIRGAONNH-72,31.2143,77.7957,Rock,Slide,NA
1099,HP/SHI/53E08/2016/39,Himachal Pradesh,Shimla,Kuinal villageBharana link road,31.216143,77.365433,Debris,Slide,NA
1100,HP/SHI/53E08/2016/55,Himachal Pradesh,Shimla,Batlog Bharana link road,31.216203,77.371254,Debris,Slide,NA
1101,HP/SHI/53E16/2016/113,Himachal Pradesh,Shimla,NEAR AMBOIAMBOI ROAD,31.2193,77.8303,Debris,Slide,NA
1102,HP/SHI/53E04/2017/140,Himachal Pradesh,Shimla,HALOG SILAHARA ROAD,31.219667,77.124639,Rock,Slide,NA
1103,HP/SHI/53E04/2017/77,Himachal Pradesh,Shimla,NH 88,31.22225,77.2165,Rock,Slide,NA
1104,HP/SHI/53E16/2016/130,Himachal Pradesh,Shimla,BADIYARA BRIDGEBADIYARA,31.2247,77.845,Rock,Rock fall,NA
1105,HP/SHI/53E04/2017/91,Himachal Pradesh,Shimla,SH 13,31.225944,77.134611,Debris,Slide,NA
1106,HP/SHI/53E04/2017/60,Himachal Pradesh,Shimla,KHAIRA,31.244083,77.179278,Rock,Slide,NA
1107,HP/SHI/53E16/2016/97,Himachal Pradesh,Shimla,NEAR DENWARI,31.249,77.9008,Debris,Slide,NA
1108,HP/SHI/53E07/2016/85,Himachal Pradesh,Shimla,Narkanda,31.251583,77.464861,Debris,Slide,NA
1109,HP/SHI/53E07/2016/40,Himachal Pradesh,Shimla,Alta Khad,31.258028,77.598556,Rock,Slide,NA
1110,HP/SHI/53E11/2016/90,Himachal Pradesh,Shimla,South of Nagadhar,31.258722,77.515111,Rock,Slide,NA
1111,HP/SHI/53E11/2016/50,Himachal Pradesh,Shimla,South of Nagadhar,31.25875,77.516278,Debris,Slide,NA
1112,HP/SHI/53E07/2016/57,Himachal Pradesh,Shimla,Panewar,31.259861,77.300167,Debris,Slide,NA
1113,HP/SHI/53E11/2016/49,Himachal Pradesh,Shimla,Jatral,31.265222,77.55075,Rock,Slide,NA
1114,HP/SHI/53E07/2016/15,Himachal Pradesh,Shimla,Pharnal,31.26925,77.451222,Debris,Slide,NA
1115,HP/SHI/53E07/2016/72,Himachal Pradesh,Shimla,North of Narkanda - NH-05,31.276056,77.451972,Rock,Slide,NA
1116,HP/SHI/53E07/2016/96,Himachal Pradesh,Shimla,Odi,31.276389,77.448333,Rock,Slide,NA
1117,HP/SHI/53E11/2016/73,Himachal Pradesh,Shimla,Dhopa Dhar,31.277111,77.507194,Rock,Slide,NA
1118,HP/SHI/53E07/2016/43,Himachal Pradesh,Shimla,Kungal Khad,31.279389,77.620472,Debris,Slide,NA
1119,HP/SHI/53E11/2016/21,Himachal Pradesh,Shimla,Butti Khad,31.285417,77.513333,Earth,Slide,NA
1120,HP/SHI/53E15/2016/9,Himachal Pradesh,Shimla,Goansari village,31.2896,77.8852,Rock,Rock fall,NA
1121,HP/SHI/53E07/2016/93,Himachal Pradesh,Shimla,"Bhanalag, NH-05",31.289972,77.442917,Debris,Slide,NA
1122,HP/SHI/53E07/2016/60,Himachal Pradesh,Shimla,"Bhanalag, NH-05",31.290667,77.451222,Rock,Slide,NA
1123,HP/SHI/53E16/2016/23,Himachal Pradesh,Shimla,NH-72-DUMRERA LINK ROAD,31.3006,77.8016,Debris,Slide,NA
1124,HP/SHI/53E11/2016/53,Himachal Pradesh,Shimla,Shalech,31.310833,77.539528,Rock,Slide,NA
1125,HP/SHI/53E15/2016/74,Himachal Pradesh,Shimla,Near Tandiwal,31.3205,77.884,Debris,Slide,NA
1126,HP/SHI/53E15/2016/10,Himachal Pradesh,Shimla,"Near Hingori, right bank NH-72-",31.3227,77.8874,Debris,Slide,NA
1127,HP/SHI/53E07/2016/47,Himachal Pradesh,Shimla,South of Chakhati,31.329444,77.611639,Rock,Slide,NA
1128,HP/SHI/53E07/2016/2,Himachal Pradesh,Shimla,Kingal,31.331278,77.41675,Rock,Slide,NA
1129,HP/SHI/53E07/2016/52,Himachal Pradesh,Shimla,Jhamol,31.339056,77.394611,Rock,Slide,NA
1130,HP/SHI/53E07/2016/55,Himachal Pradesh,Shimla,Chakhati,31.344556,77.609028,Debris,Slide,NA
1131,HP/SHI/53E11/2016/7,Himachal Pradesh,Shimla,South of Chikri,31.372889,77.718194,Rock,Slide,NA
1132,HP/SHI/53E11/2016/3,Himachal Pradesh,Shimla,Khanortu,31.377444,77.703889,Rock,Slide,NA
1133,HP/SHI/53E11/2016/56,Himachal Pradesh,Shimla,Khanortu,31.378306,77.7035,Rock,Slide,NA
1134,HP/SHI/53E15/2016/109,Himachal Pradesh,Shimla,Near Jogni - Punar road,31.3998,77.7807,Rock,Slide,NA
1135,HP/SHI/53E11/2016/84,Himachal Pradesh,Shimla,Bangu Jhakhar,31.400028,77.429222,Rock,Slide,NA
1136,HP/SHI/53E15/2016/56,Himachal Pradesh,Shimla,Pat - Punar track,31.403,77.7945,Debris,Slide,NA
1137,HP/SHI/53E15/2016/13,Himachal Pradesh,Shimla,Punar - Jogni road,31.4054,77.7749,Rock,Slide,NA
1138,HP/SHI/53E15/2016/119,Himachal Pradesh,Shimla,Munish - Jogni road,31.406,77.7573,Debris,Slide,NA
1139,HP/SHI/53E15/2016/125,Himachal Pradesh,Shimla,Near Munish Link road,31.4125,77.7637,Debris,Slide,NA
1140,HP/SHI/53E11/2016/110,Himachal Pradesh,Shimla,"Shatal, MDR-28",31.414361,77.623056,Rock,,NA
1141,HP/SHI/53E15/2016/117,Himachal Pradesh,Shimla,Near Munish - Jogni road,31.415,77.7682,Rock,Slide,NA
1142,HP/SHI/53E15/2016/51,Himachal Pradesh,Shimla,Rama village,31.4493,77.7752,Debris,Slide,2008
1143,HP/SHI/53E15/2016/137,Himachal Pradesh,Shimla,Near Majehwali -,31.4674,77.7572,Debris,Slide,NA
1144,HP/SHI/53E15/2016/65,Himachal Pradesh,Shimla,Rampur -Mishnu road,31.4724,77.7515,Debris,Slide,2011
1145,HP/SHI/53E15/2016/46,Himachal Pradesh,Shimla,Mashnu - Gharat road,31.4825,77.7813,Debris,Slide,2013
1146,HP/SHI/53E15/2016/97,Himachal Pradesh,Shimla,Near Pithwi road,31.4836,77.787,Debris,Slide,2013
1147,HP/SHI/53E11/2017/01,Himachal Pradesh,Shimla,"Jhakri (Baroni Nala) Landslide Jhakri Village, Dist. Shimla,",31.48377222,77.69446667,Debris,Slide,NA
1148,HP/SHI/53E11/2016/91,Himachal Pradesh,Shimla,Jhakri,31.484361,77.693722,Rock,Slide,NA
1149,HP/SHI/53E11/2016/15,Himachal Pradesh,Shimla,Jakhi,31.486889,77.693083,Debris,Slide,NA
1150,HP/SHI/53E11/2016/27,Himachal Pradesh,Shimla,Goplapur,31.488833,77.748639,Debris,Slide,NA
1151,HP/SHI/53E11/2016/35,Himachal Pradesh,Shimla,Jhakri,31.494694,77.696083,Rock,Slide,NA
1152,HP/SHI/53E14/2016/126,Himachal Pradesh,Shimla,West of Kotla,31.516133,77.753339,Rock,Slide,NA
1153,HP/SHI/53E14/2016/105,Himachal Pradesh,Shimla,Shinti,31.542803,77.77108,Rock,Slide,NA
1154,HP/SHI/53E14/2016/94,Himachal Pradesh,Shimla,Kandri,31.578991,77.740336,Debris,Slide,NA
1155,HP/KUL/53E10/2016/38,Himachal Pradesh,Shimla,S of Nandi,31.61025,77.723806,Debris,Slide,NA
1156,HP/SIR/53F07/2017/9,Himachal Pradesh,Sirmur,Mehtawala,30.448658,77.379747,Debris,Slide,NA
1157,HP/SIR/53F07/2017/8,Himachal Pradesh,Sirmur,Mehtawala,30.454318,77.374081,Debris,Slide,NA
1158,HP/SIR/53F07/2017/13,Himachal Pradesh,Sirmur,North of Haripur,30.467475,77.39639,Debris,Slide,NA
1159,HP/SIR/53F06/2017/387,Himachal Pradesh,Sirmur,Dhaduwala,30.517019,77.272756,Rock,Slide,NA
1160,HP/SIR/53F06/2017/383,Himachal Pradesh,Sirmur,Dhaduwala,30.520144,77.277889,Rock,Slide,NA
1161,HP/SIR/53F06/2017/32,Himachal Pradesh,Sirmur,Ganyoni R.F.,30.52474,77.459892,Rock,Slide,NA
1162,HP/SIR/53F06/2017/27,Himachal Pradesh,Sirmur,Ganyoni R.F.,30.525249,77.472139,Rock,Slide,NA
1163,HP/SIR/53F06/2017/23,Himachal Pradesh,Sirmur,Ganyoni R.F.,30.525856,77.470907,Rock,Slide,NA
1164,HP/SIR/53F06/2017/26,Himachal Pradesh,Sirmur,Ganyoni R.F.,30.526138,77.470413,Rock,Slide,NA
1165,HP/SIR/53F06/2017/29,Himachal Pradesh,Sirmur,Ganyoni R.F.,30.529605,77.468104,Rock,Slide,NA
1166,HP/SIR/53F02/2017/56,Himachal Pradesh,Sirmur,BurmaParaliNahan road,30.532209,77.250743,Rock,Slide,NA
1167,HP/SIR/53F06/2017/41,Himachal Pradesh,Sirmur,North of Dhaduwala,30.53231,77.283089,Rock,Slide,NA
1168,HP/SIR/53F02/2017/49,Himachal Pradesh,Sirmur,BurmaParaliNahan road,30.536602,77.158932,Rock,Slide,NA
1169,HP/SIR/53F14/2017/4,Himachal Pradesh,Sirmur,North of Kalawar,30.546948,77.817488,Debris,Slide,NA
1170,HP/SIR/53F10/2017/131,Himachal Pradesh,Sirmur,Rajpur,30.547872,77.722184,Rock,Slide,NA
1171,HP/SIR/53F10/2017/223,Himachal Pradesh,Sirmur,North of Dhamaun,30.548739,77.685628,Rock,Slide,NA
1172,HP/SIR/53F10/2017/280,Himachal Pradesh,Sirmur,Janjli R.F.,30.551531,77.654451,Debris,Slide,NA
1173,HP/SIR/53F10/2017/71,Himachal Pradesh,Sirmur,"Sataun, SataunPaonta road",30.55236,77.630377,Rock,Slide,NA
1174,HP/SIR/53F10/2017/204,Himachal Pradesh,Sirmur,West of Sataun,30.556238,77.619771,Rock,Slide,NA
1175,HP/SIR/53F14/2017/11,Himachal Pradesh,Sirmur,Dharnogh,30.557803,77.780068,Rock,Slide,NA
1176,HP/SIR/53F14/2017/10,Himachal Pradesh,Sirmur,Dharnogh,30.558109,77.7811,Rock,Slide,NA
1177,HP/SIR/53F10/2017/186,Himachal Pradesh,Sirmur,South of Detar,30.558135,77.551492,Debris,Slide,NA
1178,HP/SIR/53F/10 /2017/04,Himachal Pradesh,Sirmur,"19.550 to 19.750 Km. Landslide 19.550 to 19.750 Km., Paonta",30.56023056,77.64343333,Debris,Slide,NA
1179,HP/SIR/53F10/2017/168,Himachal Pradesh,Sirmur,South of Rudane,30.560251,77.747453,Rock,Slide,NA
1180,HP/SIR/53F10/2017/187,Himachal Pradesh,Sirmur,South of Detar,30.561102,77.553012,Rock,Slide,NA
1181,HP/SIR/53F02/2017/80,Himachal Pradesh,Sirmur,,30.564892,77.17274,Rock,Slide,NA
1182,HP/SIR/53F02/2017/85,Himachal Pradesh,Sirmur,,30.565364,77.177537,Rock,Slide,NA
1183,HP/SIR/53F06/2017/292,Himachal Pradesh,Sirmur,"Daghera R.F., NahanBirla road",30.565619,77.385726,Rock,Slide,NA
1184,HP/SIR/53F10/2017/126,Himachal Pradesh,Sirmur,"Chilon, PaontaShillai road",30.56571,77.648572,Rock,Slide,NA
1185,HP/SIR/53F10/2017/179,Himachal Pradesh,Sirmur,Salri,30.566166,77.570773,Debris,Slide,NA
1186,HP/SIR/53F06/2017/380,Himachal Pradesh,Sirmur,Rohas,30.566663,77.399032,Rock,Slide,NA
1187,HP/SIR/53F02/2017/34,Himachal Pradesh,Sirmur,Bahar link road,30.567039,77.237415,Rock,Slide,NA
1188,HP/SIR/53F06/2017/299,Himachal Pradesh,Sirmur,"Rama, NahanRama Don road",30.56707,77.380899,Rock,Slide,NA
1189,HP/SIR/53F14/2017/16,Himachal Pradesh,Sirmur,Nigali R.F.,30.567458,77.766471,Rock,Slide,NA
1190,HP/SIR/53F02/2017/64,Himachal Pradesh,Sirmur,LehiKaulawala bhood road,30.568351,77.187204,Rock,Slide,NA
1191,HP/SIR/53F06/2017/361,Himachal Pradesh,Sirmur,Kansar R.F.,30.568784,77.497862,Debris,Slide,NA
1192,HP/SIR/53F06/2017/365,Himachal Pradesh,Sirmur,Torwali,30.569842,77.476005,Rock,Slide,NA
1193,HP/SIR/53F02/2017/67,Himachal Pradesh,Sirmur,NarayangadMajara road,30.570745,77.189116,Rock,Slide,NA
1194,HP/SIR/53F06/2017/285,Himachal Pradesh,Sirmur,"Kanaun, NahanRama Don road",30.570842,77.326262,Rock,Slide,NA
1195,HP/SIR/53F10/2017/45,Himachal Pradesh,Sirmur,"Sataun, DadahuSataun road",30.571093,77.629904,Rock,Slide,NA
1196,HP/SIR/53F10/2017/24,Himachal Pradesh,Sirmur,Jandnian,30.571409,77.55816,Debris,Slide,NA
1197,HP/SIR/53F06/2017/279,Himachal Pradesh,Sirmur,"Serta, NahanRamaDon road",30.576191,77.304949,Rock,Slide,NA
1198,HP/SIR/53F10/2017/233,Himachal Pradesh,Sirmur,North of Kufar,30.578562,77.737415,Rock,Slide,NA
1199,HP/SIR/53F06/2017/250,Himachal Pradesh,Sirmur,Tanlog,30.579006,77.488884,Rock,Slide,NA
1200,HP/SIR/53F06/2017/282,Himachal Pradesh,Sirmur,"Serta, NahanRamaDon road",30.580003,77.306849,Rock,Slide,NA
1201,HP/SIR/53F10/2017/237,Himachal Pradesh,Sirmur,North of Kufar,30.580069,77.733593,Rock,Slide,NA
1202,HP/SIR/53F10/2017/23,Himachal Pradesh,Sirmur,Abra Slide Abra,30.58039,77.554812,Debris,Slide,NA
1203,HP/SIR/53F10/2017/210,Himachal Pradesh,Sirmur,Abra,30.581942,77.553009,Rock,Slide,NA
1204,HP/SIR/53F06/2017/20,Himachal Pradesh,Sirmur,Mehat,30.582889,77.47487,Debris,Slide,NA
1205,HP/SIR/53F06/2017/107,Himachal Pradesh,Sirmur,"Jangirub, Nahan",30.584164,77.296146,Rock,Slide,NA
1206,HP/SIR/53F10/2017/41,Himachal Pradesh,Sirmur,Okhaltu,30.585005,77.622296,Rock,Slide,NA
1207,HP/SIR/53F10/2017/227,Himachal Pradesh,Sirmur,Banor,30.585161,77.744139,Rock,Slide,NA
1208,HP/SIR/53F06/2017/21,Himachal Pradesh,Sirmur,South of Khala,30.58601,77.497446,Rock,Slide,NA
1209,HP/SIR/53F10/2017/22,Himachal Pradesh,Sirmur,Chandni Slide Chandni,30.586342,77.537132,Debris,Slide,NA
1210,HP/SIR/53F10/2017/232,Himachal Pradesh,Sirmur,Banor,30.587111,77.741816,Rock,Slide,NA
1211,HP/SIR/53F06/2017/92,Himachal Pradesh,Sirmur,"South of Khala,",30.588312,77.49624,Rock,Slide,NA
1212,HP/SIR/53F/10 /2017/02,Himachal Pradesh,Sirmur,"26.650 to 26.800 Km. Landslide 26.650 to 26.800 Km., Paonta",30.58992778,77.65168056,Debris,Slide,NA
1213,HP/SIR/53F10/2017/21,Himachal Pradesh,Sirmur,"Pharuwala Falls,",30.592253,77.511167,Rock,Slide,NA
1214,HP/SIR/53F06/2017/222,Himachal Pradesh,Sirmur,South of Renuka Ji,30.592306,77.46919,Rock,Slide,NA
1215,HP/SIR/53F02/2017/6,Himachal Pradesh,Sirmur,NainatikkarSarahan road,30.592505,77.198119,Rock,Rock fall,NA
1216,HP/SIR/53F10/2017/153,Himachal Pradesh,Sirmur,Pamta P.F.,30.592774,77.712653,Rock,Slide,NA
1217,HP/SIR/53F10/2017/1,Himachal Pradesh,Sirmur,Baicha,30.592957,77.50229,Rock,Slide,NA
1218,HP/SIR/53F06/2017/102,Himachal Pradesh,Sirmur,"North of Chawahan,",30.593993,77.296802,Rock,Slide,NA
1219,HP/SIR/53F06/2017/220,Himachal Pradesh,Sirmur,South of Renuka Ji,30.595264,77.457866,Rock,Slide,NA
1220,HP/SIR/53F10/2017/156,Himachal Pradesh,Sirmur,Behaldhar,30.595658,77.700842,Rock,Slide,NA
1221,HP/SIR/53F06/2017/185,Himachal Pradesh,Sirmur,"South of Kanoti, SH1",30.596311,77.285489,Debris,Slide,NA
1222,HP/SIR/53F10/2017/159,Himachal Pradesh,Sirmur,Kankot,30.597011,77.691497,Rock,Slide,NA
1223,HP/SIR/53F06/2017/97,Himachal Pradesh,Sirmur,"North of Chawahan,",30.597663,77.292783,Rock,Slide,NA
1224,HP/SIR/53F06/2017/12,Himachal Pradesh,Sirmur,Kashoga R.F.,30.597859,77.393373,Rock,Slide,NA
1225,HP/SIR/53F06/2017/214,Himachal Pradesh,Sirmur,South of Renuka Ji,30.598333,77.456253,Rock,Slide,NA
1226,HP/SIR/53F06/2017/83,Himachal Pradesh,Sirmur,"East of Jamta,",30.599502,77.322055,Debris,Slide,NA
1227,HP/SIR/53F06/2017/16,Himachal Pradesh,Sirmur,South of Baneri,30.600043,77.389038,Rock,Slide,NA
1228,HP/SIR/53F06/2017/212,Himachal Pradesh,Sirmur,South of Renuka Ji,30.600488,77.455023,Rock,Slide,NA
1229,HP/SIR/53F06/2017/72,Himachal Pradesh,Sirmur,"South of Gharania,",30.602615,77.403778,Rock,Slide,NA
1230,HP/SIR/53F10/2017/248,Himachal Pradesh,Sirmur,Anrog,30.603572,77.725189,Rock,Slide,NA
1231,HP/SIR/53F06/2017/6,Himachal Pradesh,Sirmur,North of Shamlog,30.604016,77.490669,Rock,Slide,NA
1232,HP/SIR/53F06/2017/124,Himachal Pradesh,Sirmur,Dadahu,30.605298,77.419272,Rock,Slide,NA
1233,HP/SIR/53F06/2017/357,Himachal Pradesh,Sirmur,North of Dadahu,30.607565,77.445101,Rock,Slide,NA
1234,HP/SIR/53F06/2017/7,Himachal Pradesh,Sirmur,North of Shamlog,30.608075,77.495495,Rock,Slide,NA
1235,HP/SIR/53F6/2024/03,Himachal Pradesh,Sirmur,Shili Sanari landslide NH-907A,30.60813889,77.28898889,Debris,Slide,2020
1236,HP/SIR/53F06/2017/320,Himachal Pradesh,Sirmur,N/A #N/A,30.608342,77.481049,Rock,Slide,NA
1237,HP/SIR/53F14/2017/50,Himachal Pradesh,Sirmur,Jamana Pobhar R.F.,30.608982,77.757142,Rock,Slide,NA
1238,HP/SIR/53F06/2017/89,Himachal Pradesh,Sirmur,"Near Bhagara Falls,",30.610916,77.3749,Rock,Slide,NA
1239,HP/SIR/53F06/2017/336,Himachal Pradesh,Sirmur,Gharjara,30.612887,77.370368,Rock,Slide,NA
1240,HP/SIR/53F06/2017/257,Himachal Pradesh,Sirmur,North of Kyarta,30.614221,77.493873,Rock,Slide,NA
1241,HP/SIR/53F14/2017/41,Himachal Pradesh,Sirmur,Masu,30.615065,77.766885,Rock,Slide,NA
1242,HP/SIR/53F06/2017/359,Himachal Pradesh,Sirmur,North of Dadahu,30.615243,77.441305,Rock,Slide,NA
1243,HP/SIR/53F06/2017/326,Himachal Pradesh,Sirmur,Kharari,30.615398,77.395485,Rock,Slide,NA
1244,HP/SIR/53F06/2017/36,Himachal Pradesh,Sirmur,North of Dadahu,30.61546,77.438366,Rock,Slide,NA
1245,HP/SIR/53F06/2017/256,Himachal Pradesh,Sirmur,North of Kyarta,30.61551,77.483981,Rock,Slide,NA
1246,HP/SIR/53F06/2017/254,Himachal Pradesh,Sirmur,North of Kyarta,30.615636,77.483127,Rock,Slide,NA
1247,HP/SIR/53F06/2017/255,Himachal Pradesh,Sirmur,North of Kyarta,30.615639,77.483592,Rock,Slide,NA
1248,HP/SIR/53F06/2017/86,Himachal Pradesh,Sirmur,South of kamlar,30.616294,77.378369,Debris,Slide,NA
1249,HP/SIR/53F06/2017/333,Himachal Pradesh,Sirmur,Katal,30.616979,77.37327,Rock,Slide,NA
1250,HP/SIR/53F06/2017/331,Himachal Pradesh,Sirmur,Katal,30.617212,77.374076,Rock,Slide,NA
1251,HP/SIR/53F06/2017/88,Himachal Pradesh,Sirmur,South of kamlar,30.61805,77.376938,Debris,Slide,NA
1252,HP/SIR/53F06/2017/346,Himachal Pradesh,Sirmur,Anji,30.621144,77.357198,Rock,Slide,NA
1253,HP/SIR/53F14/2017/45,Himachal Pradesh,Sirmur,Masu,30.621326,77.767548,Rock,Slide,NA
1254,HP/SIR/53F06/2017/198,Himachal Pradesh,Sirmur,"Kangar, SH1, NahanSolan road",30.621682,77.285782,Rock,Slide,NA
1255,HP/SIR/53F06/2017/209,Himachal Pradesh,Sirmur,"Sanara, Bacheri ka bagh",30.62315,77.431452,Rock,Slide,NA
1256,HP/SIR/53F10/2017/105,Himachal Pradesh,Sirmur,"Jamna, KotiKaffota road",30.625873,77.739205,Rock,Slide,NA
1257,HP/SIR/53F02/2017/1,Himachal Pradesh,Sirmur,,30.625875,77.190204,Rock,Rock fall,NA
1258,HP/SIR/53F06/2017/133,Himachal Pradesh,Sirmur,"East of Kharkuli,",30.627188,77.465038,Rock,Slide,NA
1259,HP/SIR/53F06/2017/130,Himachal Pradesh,Sirmur,Aliyan,30.631394,77.475749,Rock,Slide,NA
1260,HP/SIR/53F14/2017/34,Himachal Pradesh,Sirmur,Kyontha,30.644488,77.774026,Rock,Slide,NA
1261,HP/SIR/53F06/2017/144,Himachal Pradesh,Sirmur,"Kakog, Dadahu",30.648535,77.441542,Rock,Slide,NA
1262,HP/SIR/53F10/2017/80,Himachal Pradesh,Sirmur,"Jathyan, PaontaShillai road",30.648912,77.658136,Rock,Slide,NA
1263,HP/SIR/53F14/2017/25,Himachal Pradesh,Sirmur,West of Koti,30.653296,77.767848,Rock,Slide,NA
1264,HP/SIR/53F02/2017/15,Himachal Pradesh,Sirmur,SH02,30.65704,77.224474,Rock,Slide,NA
1265,HP/SIR/53F14/2017/29,Himachal Pradesh,Sirmur,West of Koti,30.657058,77.789386,Rock,Slide,NA
1266,HP/SIR/53F10/2017/93,Himachal Pradesh,Sirmur,"South of Tikar, PaontaShillai",30.66285,77.679174,Rock,Slide,NA
1267,HP/SIR/53F06/2017/145,Himachal Pradesh,Sirmur,"North of Guhana,",30.665618,77.427879,Rock,Slide,NA
1268,HP/SIR/53F10/2017/84,Himachal Pradesh,Sirmur,"Larao, paontaShillai road",30.667588,77.667401,Rock,Slide,NA
1269,HP/SIR/53F10/2017/97,Himachal Pradesh,Sirmur,"South of Tikar, PaontaShillai",30.668724,77.688054,Rock,Slide,NA
1270,HP/SIR/53F10/2017/100,Himachal Pradesh,Sirmur,"Shillai, PaontaShillai road",30.674109,77.692476,Rock,Slide,NA
1271,HP/SIR/53F10/2017/101,Himachal Pradesh,Sirmur,"Shillai, PaontaShillai road",30.676765,77.692873,Rock,Slide,NA
1272,HP/SIR/53F10/2017/254,Himachal Pradesh,Sirmur,Chyali R.F.,30.690784,77.695169,Rock,Slide,NA
1273,HP/SIR/53F10/2017/262,Himachal Pradesh,Sirmur,Chyali R.F.,30.69744,77.666865,Rock,Slide,NA
1274,HP/SIR/53F06/2017/176,Himachal Pradesh,Sirmur,West of Sangrah,30.697882,77.401767,Rock,Slide,NA
1275,HP/SIR/53F06/2017/151,Himachal Pradesh,Sirmur,North of Siyun,30.698436,77.386015,Rock,Slide,NA
1276,HP/SIR/53F06/2017/178,Himachal Pradesh,Sirmur,West of Sangrah,30.698511,77.403403,Rock,Slide,NA
1277,HP/SIR/53F10/2017/261,Himachal Pradesh,Sirmur,Chyali R.F.,30.698544,77.665919,Rock,Slide,NA
1278,HP/SIR/53F06/2017/177,Himachal Pradesh,Sirmur,West of Sangrah,30.69914,77.402305,Rock,Slide,NA
1279,HP/SIR/53F10/2017/258,Himachal Pradesh,Sirmur,Chyali R.F.,30.70086,77.661464,Rock,Slide,NA
1280,HP/SIR/53F06/2017/154,Himachal Pradesh,Sirmur,South of Chinar,30.710037,77.380767,Rock,Slide,NA
1281,HP/SIR/53F06/2017/156,Himachal Pradesh,Sirmur,South of Chinar,30.712014,77.38795,Rock,Slide,NA
1282,HP/SIR/53F06/2017/155,Himachal Pradesh,Sirmur,South of Chinar,30.713057,77.386936,Rock,Slide,NA
1283,HP/SIR/53F5/2025/3,Himachal Pradesh,Sirmur,Matahan landslide Matahan,30.71638889,77.22888889,Debris,Slide,3 September 2025
1284,HP/SIR/53F06/2017/267,Himachal Pradesh,Sirmur,East of Kufar,30.722552,77.367069,Rock,Slide,NA
1285,HP/SIR/53F10/2017/146,Himachal Pradesh,Sirmur,West of Tikar,30.723534,77.675492,Rock,Slide,NA
1286,HP/SIR/53F06/2017/277,Himachal Pradesh,Sirmur,Khurkuna,30.72611,77.332449,Rock,Slide,NA
1287,HP/SIR/53F10/2017/142,Himachal Pradesh,Sirmur,Katara,30.730258,77.678059,Rock,Slide,NA
1288,HP/SIR/53F06/2017/261,Himachal Pradesh,Sirmur,North of Kufar,30.731873,77.355672,Rock,Slide,NA
1289,HP/SIR/53F10/2017/139,Himachal Pradesh,Sirmur,Katara,30.732812,77.675608,Debris,Slide,NA
1290,HP/SIR/53F10/2017/140,Himachal Pradesh,Sirmur,Katara,30.733797,77.675748,Rock,Slide,NA
1291,HP/SIR/53F06/2017/269,Himachal Pradesh,Sirmur,Khurkuna,30.733869,77.329447,Rock,Slide,NA
1292,HP/SIR/53F10/2017/141,Himachal Pradesh,Sirmur,Katara,30.737838,77.675959,Rock,Slide,NA
1293,HP/SIR/53F05/2017/90,Himachal Pradesh,Sirmur,Kotla mangan,30.756844,77.317569,Debris,Slide,NA
1294,HP/SIR/53F09/2017/39,Himachal Pradesh,Sirmur,"Tikiri Dasakna,",30.761308,77.603703,Debris,Slide,NA
1295,HP/SIR/53F05/2017/43,Himachal Pradesh,Sirmur,Naichana,30.762094,77.437281,Rock,Rock fall,NA
1296,HP/SIR/53F05/2017/49,Himachal Pradesh,Sirmur,"Khairi,MDR3",30.769636,77.300794,Rock,Rock fall,NA
1297,HP/SIR/53F05/2017/6,Himachal Pradesh,Sirmur,"Soda Dhayari, link road",30.79053,77.299,Debris,Slide,NA
1298,HP/SIR/53F05/2017/5,Himachal Pradesh,Sirmur,Ravna Village,30.801506,77.260769,Debris,Slide,2004
1299,HP/SIR/53F05/2017/3,Himachal Pradesh,Sirmur,Choures/MDR2,30.808833,77.458667,Debris,Slide,NA
1300,HP/SIR/53F05/2017/30,Himachal Pradesh,Sirmur,Rajgarh,30.847778,77.297667,Debris,Slide,NA
1301,HP/SIR/53F05/2017/94,Himachal Pradesh,Sirmur,"Juniyo kanogta,MDR2",30.877289,77.266139,Debris,Slide,NA
1302,HP/SIR/53F05/2017/52,Himachal Pradesh,Sirmur,Sathah,30.889944,77.344389,Debris,Slide,NA
1303,HP/SIR/53F05/2017/74,Himachal Pradesh,Sirmur,Dhaniya Ser,30.953506,77.327781,Debris,Slide,NA
1304,HP/SIR/53F05/2017/73,Himachal Pradesh,Sirmur,Chandol,30.95365,77.327764,Debris,Slide,NA
1305,HP/SIR/53F05/2017/61,Himachal Pradesh,Sirmur,Sangthara,30.953656,77.327689,Debris,Slide,NA
1306,HP/SIR/53F05/2017/78,Himachal Pradesh,Sirmur,Rori,30.9537,77.327589,Debris,Slide,NA
1307,HP/SIR/53F05/2017/59,Himachal Pradesh,Sirmur,Koti Mawga,30.961372,77.326417,Debris,Slide,NA
1308,HP/SIR/53F05/2017/60,Himachal Pradesh,Sirmur,ChailaKumarhatti Road,30.964125,77.325186,Debris,Slide,NA
1309,HP/SIR/53F05/2017/53,Himachal Pradesh,Sirmur,Kotla Bangi,30.964175,77.325281,Debris,Slide,NA
1310,HP/SIR/53F05/2017/63,Himachal Pradesh,Sirmur,Shilabag,30.971519,77.323575,Debris,Slide,NA
1311,HP/SOL/53F01/2018/001,Himachal Pradesh,Solan,NH22/ RD: 87+480 NH22/ RD: 87+480/3km away,30.083917,79.799694,Debris,Slide,NA
1312,HP/SOL/53F02/2017/98,Himachal Pradesh,Solan,NarayangadMajara road,30.709138,77.195191,Rock,Slide,NA
1313,HP/SOL/53F01/2017/318,Himachal Pradesh,Solan,KumarhattiNahan road,30.784137,77.141954,Rock,Slide,NA
1314,HP/SOL/53F01/2017/265,Himachal Pradesh,Solan,KumarhattiNahan road,30.788977,77.134107,Rock,Slide,NA
1315,HP/SOL/53F01/2017/21,Himachal Pradesh,Solan,KumarhattiNahan road,30.808098,77.115981,Rock,Rock fall,NA
1316,HP/SOL/53F01/2017/259,Himachal Pradesh,Solan,KumarhattiNahan road,30.811467,77.113814,Rock,Slide,NA
1317,HP/SOL/53F01/2017/374,Himachal Pradesh,Solan,NainatikkarNarag road,30.811624,77.124285,Rock,Slide,NA
1318,HP/SOL/53F01/2017/373,Himachal Pradesh,Solan,NaragOcchghat road,30.811938,77.186154,Rock,Slide,NA
1319,HP/SOL/53F01/2017/189,Himachal Pradesh,Solan,NH22,30.817883,77.002769,Rock,Slide,NA
1320,HP/SOL/53F01/2017/48,Himachal Pradesh,Solan,KumarhattiNahan road,30.819357,77.101985,Debris,Slide,NA
1321,HP/SOL/53F01/2017/10,Himachal Pradesh,Solan,KumarhattiNahan road,30.820494,77.100911,Rock,Rock fall,NA
1322,HP/SOL/53F01/2017/301,Himachal Pradesh,Solan,BhojnagarChakki road,30.823072,77.020249,Rock,Slide,NA
1323,HP/SOL/53B13/2017/124,Himachal Pradesh,Solan,Opposite of Timber Trial,30.82874,76.990386,Rock,Slide,NA
1324,HP/SOL/53B13/2017/49,Himachal Pradesh,Solan,NH22,30.8359,76.9796,Rock,Slide,NA
1325,HP/SOL/53F01/2017/382,Himachal Pradesh,Solan,left bank of Giri River,30.836,77.250384,Rock,Slide,NA
1326,HP/SOL/53B13/2017/91,Himachal Pradesh,Solan,NH22,30.83645,76.982895,Rock,Slide,NA
1327,HP/SOL/53F01/2017/380,Himachal Pradesh,Solan,left bank of Giri River,30.837003,77.248815,Rock,Slide,NA
1328,HP/SOL/53F01/2017/5,Himachal Pradesh,Solan,BhojnagarChakki road,30.838323,77.059828,Rock,Rock fall,NA
1329,HP/SOL/53F01/2017/156,Himachal Pradesh,Solan,NaragOcchghat road,30.842717,77.16416,Rock,Slide,NA
1330,HP/SOL/53B13/2017/23,Himachal Pradesh,Solan,,30.844873,76.998686,Debris,Slide,NA
1331,HP/SOL/53F01/2017/363,Himachal Pradesh,Solan,SolanDharja road,30.845193,77.18806,Rock,Slide,NA
1332,HP/SOL/53F01/2017/345,Himachal Pradesh,Solan,NaragOcchghat road,30.848116,77.160188,Rock,Slide,NA
1333,H.P./SOL/53F01/2018/15,Himachal Pradesh,Solan,NH-22/ RD: 70+750 to 70+950 NH-22/ RD: 70+750 to,30.85055,76.99801667,Debris,Slide,
1334,HP/SOL/53F01/2017/271,Himachal Pradesh,Solan,left bank of Giri River,30.851205,77.238581,Rock,Slide,NA
1335,HP/SOL/53F01/2017/289,Himachal Pradesh,Solan,BhojnagarTarol road,30.856188,77.046687,Rock,Slide,NA
1336,HP/SOL/53F01/2017/158,Himachal Pradesh,Solan,GadiyarChakki road,30.860287,77.008933,Rock,Slide,NA
1337,HP/SOL/53F01/2017/159,Himachal Pradesh,Solan,GadiyarChakki road,30.86112,77.005487,Rock,Slide,NA
1338,HP/SOL/53F01/2017/59,Himachal Pradesh,Solan,GharyarChakki road,30.8649,77.032752,Debris,Slide,NA
1339,HP/SOL/53F01/2017/398,Himachal Pradesh,Solan,,30.870571,77.082666,Rock,Slide,NA
1340,HP/SOL/53F01/2017/242,Himachal Pradesh,Solan,SH06,30.870602,77.136248,Rock,Slide,NA
1341,HP/SOL/53B13/2017/13,Himachal Pradesh,Solan,#N/A #N/A,30.870987,76.996028,Debris,Slide,NA
1342,HP/SOL/53F01/2017/24,Himachal Pradesh,Solan,SH06,30.872072,77.205302,Rock,Rock fall,NA
1343,HP/SOL/53F01/2017/135,Himachal Pradesh,Solan,NH22,30.872208,77.092553,Rock,Slide,NA
1344,HP/SOL/53F01/2017/134,Himachal Pradesh,Solan,NH22,30.873126,77.089995,Rock,Slide,NA
1345,HP/SOL/53F01/2017/171,Himachal Pradesh,Solan,DharampurKyarad link road,30.87398,77.045171,Rock,Slide,NA
1346,HP/SOL/53F01/2017/386,Himachal Pradesh,Solan,left bank of Giri River,30.874809,77.226634,Rock,Slide,NA
1347,HP/SOL/53F01/2017/172,Himachal Pradesh,Solan,DharampurKyarad link road,30.87498,77.044745,Rock,Slide,NA
1348,HP/SOL/53F01/2017/70,Himachal Pradesh,Solan,SH06,30.875108,77.210774,Debris,Slide,NA
1349,HP/SOL/53F01/2017/39,Himachal Pradesh,Solan,SH06,30.875108,77.210774,Rock,Rock fall,NA
1350,HP/SOL/53F01/2017/221,Himachal Pradesh,Solan,NH22,30.876069,77.00195,Rock,Slide,NA
1351,HP/SOL/53F01/2017/133,Himachal Pradesh,Solan,NH22,30.876389,77.086098,Rock,Slide,NA
1352,HP/SOL/53F01/2017/234,Himachal Pradesh,Solan,NH22,30.879744,77.08285,Rock,Slide,NA
1353,HP/SOL/53F01/2017/131,Himachal Pradesh,Solan,NH22,30.880362,77.080617,Rock,Slide,NA
1354,HP/SOL/53F01/2017/384,Himachal Pradesh,Solan,left bank of Giri River,30.880846,77.224926,Rock,Slide,NA
1355,HP/SOL/53F01/2017/364,Himachal Pradesh,Solan,SolanDharja road,30.88272,77.201607,Rock,Slide,NA
1356,HP/SOL/53F01/2017/128,Himachal Pradesh,Solan,NH22,30.88309,77.075793,Rock,Slide,NA
1357,HP/SOL/53B13/2017/80,Himachal Pradesh,Solan,ParwanooKasauli road,30.884103,76.954557,Rock,Slide,NA
1358,HP/SOL/53F01/2017/149,Himachal Pradesh,Solan,NH22,30.884699,77.090993,Rock,Slide,NA
1359,HP/SOL/53F01/2017/83,Himachal Pradesh,Solan,NH22,30.887145,77.073009,Rock,Slide,NA
1360,HP/SOL/53F01/2017/82,Himachal Pradesh,Solan,NH22,30.888215,77.057795,Rock,Slide,NA
1361,HP/SOL/53F01/2017/177,Himachal Pradesh,Solan,DharampurKyarad link road,30.888216,77.037925,Rock,Slide,NA
1362,HP/SOL/53F01/2017/178,Himachal Pradesh,Solan,DharampurKyarad link road,30.889016,77.034311,Rock,Slide,NA
1363,HP/SOL/53F01/2017/193,Himachal Pradesh,Solan,NH22,30.889134,76.996536,Rock,Slide,NA
1364,HP/Solan/53F01/2023/01,Himachal Pradesh,Solan,Shamti Slide Along Solan-Rajgarh Link Road,30.88944444,77.10583333,Debris,Subsidence,NA
1365,HP/SOL/53F01/2017/102,Himachal Pradesh,Solan,NH22,30.890226,77.070981,Rock,Slide,NA
1366,H.P./SOL/53F01/2018/12,Himachal Pradesh,Solan,NH-22/ RD: 87+480 NH-22/ RD: 87+480/3km away,30.89131667,77.04311667,Debris,Slide,2018
1367,HP/SOL/53B13/2017/182,Himachal Pradesh,Solan,ParwanooGunaiPatta road,30.892617,76.941135,Rock,Slide,NA
1368,HP/SOL/53F01/2017/116,Himachal Pradesh,Solan,NH22,30.894492,77.003009,Rock,Slide,NA
1369,HP/SOL/53F01/2017/180,Himachal Pradesh,Solan,NH22,30.896613,77.073648,Rock,Slide,NA
1370,HP/SOL/53B13/2017/31,Himachal Pradesh,Solan,GarkhalDeoni road,30.902975,76.980774,Debris,Slide,NA
1371,HP/SOL/53F01/2017/91,Himachal Pradesh,Solan,ChailYashwantnagar link road,30.907223,77.22755,Rock,Slide,NA
1372,HP/SOL/53F01/2017/404,Himachal Pradesh,Solan,SolanShilli road,30.908706,77.122519,Rock,Slide,NA
1373,HP/SOL/53F01/2017/89,Himachal Pradesh,Solan,ChailYashwantnagar link road,30.909269,77.222942,Rock,Slide,NA
1374,HP/SOL/53F01/2017/55,Himachal Pradesh,Solan,DharampurSubathu Road,30.910091,77.027754,Debris,Slide,NA
1375,HP/SHI/53E04/2023/,Himachal Pradesh,Solan,Mohan Mekin Landslide NH-05,30.92333333,77.11111111,Debris,Slide,2023
1376,HP/SOL/53F01/2017/211,Himachal Pradesh,Solan,GodaChail road,30.92471,77.226922,Rock,Slide,NA
1377,HP/SOL/53B13/2017/177,Himachal Pradesh,Solan,PattaHaripur road,30.927068,76.879745,Rock,Slide,NA
1378,HP/SOL/53F01/2017/357,Himachal Pradesh,Solan,Ashwini khadShilli road,30.928619,77.159695,Rock,Slide,NA
1379,HP/SOL/53F01/2017/67,Himachal Pradesh,Solan,Ashni khadChail road,30.954873,77.17745,Debris,Slide,NA
1380,HP/SOL/53B13/2017/166,Himachal Pradesh,Solan,KuthadMairapatta road,30.957539,76.914894,Rock,Slide,NA
1381,HP/SOL/53B13/2017/167,Himachal Pradesh,Solan,Mairapatta,30.95937,76.906912,Rock,Slide,NA
1382,HP/SOL/53B13/2017/24,Himachal Pradesh,Solan,KuthadMairapatta road,30.960088,76.926241,Debris,Slide,NA
1383,HP/SOL/53B13/2017/158,Himachal Pradesh,Solan,SubathuKuthad road,30.969034,76.980295,Rock,Slide,NA
1384,HP/SOL/53F01/2017/430,Himachal Pradesh,Solan,KandaghatChail road,30.969805,77.12016,Rock,Slide,NA
1385,HP/SOL/53B13/2017/75,Himachal Pradesh,Solan,KuthadMairapatta road,30.970155,76.925414,Rock,Slide,NA
1386,HP/SOL/53F01/2017/418,Himachal Pradesh,Solan,SumanaKandaghat road,30.970598,77.084896,Rock,Slide,NA
1387,HP/SOL/53B13/2017/155,Himachal Pradesh,Solan,SubathuKuthad road,30.972031,76.980185,Rock,Slide,NA
1388,HP/SOLAN/53B/13/2025/11,Himachal Pradesh,Solan,Khalatu (falls under debris flow path) -,30.972278,76.985903,Debris,Debris flow,2023
1389,HP/SOL/53B13/2017/112,Himachal Pradesh,Solan,Near Subathu,30.974991,76.982327,Rock,Slide,NA
1390,HP/SOL/53F01/2017/307,Himachal Pradesh,Solan,,30.980393,77.083214,Rock,Slide,NA
1391,HP/SOL/53F01/2017/306,Himachal Pradesh,Solan,SanjNH22 link road,30.989036,77.085864,Rock,Slide,NA
1392,HP/SOL/53A16/2017/250,Himachal Pradesh,Solan,NUNHATTI MAMLING KUFAR,31.020083,76.984528,Rock,Slide,NA
1393,HP/SOL/53A16/2017/5,Himachal Pradesh,Solan,"SH 9, NUNHATTI",31.022278,76.9615,Rock,Slide,NA
1394,HP/SOL/53E04/2017/247,Himachal Pradesh,Solan,KASUMPTI CHAURI ROAD,31.027694,77.002306,Rock,Slide,NA
1395,HP/SOL/53A16/2017/239,Himachal Pradesh,Solan,BORTI,31.032833,76.910278,Rock,Slide,NA
1396,HP/SOL/53A16/2017/195,Himachal Pradesh,Solan,SWANI,31.034944,76.826639,Debris,Slide,NA
1397,HP/SOL/53A16/2017/191,Himachal Pradesh,Solan,BASIAN KANAITA,31.035861,76.842528,Debris,Slide,NA
1398,HP/SOL/53A16/2017/190,Himachal Pradesh,Solan,BASIAN KANAITA,31.039583,76.842611,Debris,Slide,NA
1399,HP/SOL/53A16/2017/237,Himachal Pradesh,Solan,BHAWANIPUR,31.040278,76.909444,Debris,Slide,NA
1400,HP/SOL/53E04/2017/251,Himachal Pradesh,Solan,KASUMPTI CHAURI ROAD,31.043917,77.041361,Debris,Slide,NA
1401,HP/SOL/53A16/2017/236,Himachal Pradesh,Solan,BHAWANIPUR,31.044306,76.910222,Debris,Slide,NA
1402,HP/SOL/53A16/2017/196,Himachal Pradesh,Solan,JABAL,31.045,76.817833,Debris,Slide,NA
1403,HP/SOL/53A16/2017/7,Himachal Pradesh,Solan,SH 9,31.046917,76.959194,Rock,Slide,NA
1404,HP/SOL/53A16/2017/188,Himachal Pradesh,Solan,BEPAD,31.055778,76.838278,Debris,Slide,NA
1405,HP/SOL/53A12/2017/47,Himachal Pradesh,Solan,"SH 16,SERI",31.062833,76.738917,Rock,Slide,NA
1406,HP/SOL/53A12/2017/48,Himachal Pradesh,Solan,"SH 16,KUSRI",31.064806,76.742056,Debris,Slide,NA
1407,HP/SOL/53A16/2017/53,Himachal Pradesh,Solan,SH 9,31.065167,76.91425,Debris,Slide,NA
1408,HP/SOL/53A12/2017/53,Himachal Pradesh,Solan,"SH 16,KUSRI",31.065194,76.666444,Debris,Slide,NA
1409,HP/SOL/53E04/2017/233,Himachal Pradesh,Solan,SHOGI KASUMPTI ROAD,31.065472,77.003861,Rock,Slide,NA
1410,HP/SOL/53A16/2017/48,Himachal Pradesh,Solan,SH 9,31.074361,76.938806,Debris,Slide,NA
1411,HP/SOL/53A16/2017/186,Himachal Pradesh,Solan,TAMU,31.074417,76.821556,Debris,Slide,NA
1412,HP/SOL/53A16/2017/47,Himachal Pradesh,Solan,SH 9,31.074639,76.939194,Rock,Slide,NA
1413,HP/SOL/53A16/2017/185,Himachal Pradesh,Solan,RAMSHAHR,31.076222,76.802222,Debris,Slide,NA
1414,HP/SOL/53A16/2017/198,Himachal Pradesh,Solan,BAKRUDI,31.076528,76.778306,Rock,Slide,NA
1415,HP/SOL/53A16/2017/43,Himachal Pradesh,Solan,"KOTHI,SH 9",31.080667,76.953278,Rock,Slide,NA
1416,HP/SOL/53A16/2017/215,Himachal Pradesh,Solan,SH 16,31.084083,76.863167,Debris,Slide,NA
1417,HP/SOL/53A16/2017/181,Himachal Pradesh,Solan,SH 16,31.085611,76.77825,Debris,Slide,NA
1418,HP/SOL/53A16/2017/57,Himachal Pradesh,Solan,SH 9,31.087167,76.883083,Debris,Slide,NA
1419,HP/SOL/53A16/2017/70,Himachal Pradesh,Solan,BHANER,31.087722,76.849583,Debris,Slide,NA
1420,HP/SOL/53A16/2017/75,Himachal Pradesh,Solan,MATULI,31.087917,76.834194,Debris,Slide,NA
1421,HP/SOL/53A16/2017/66,Himachal Pradesh,Solan,SH 16,31.089083,76.856528,Debris,Slide,NA
1422,HP/SOL/53A16/2017/204,Himachal Pradesh,Solan,MATULI,31.089444,76.83,Rock,Slide,NA
1423,HP/SOL/53A16/2017/62,Himachal Pradesh,Solan,SH 16,31.094889,76.864972,Debris,Slide,NA
1424,HP/SOL/53A16/2017/172,Himachal Pradesh,Solan,KANOLA,31.127222,76.759222,Rock,Slide,NA
1425,HP/SOL/53A16/2017/222,Himachal Pradesh,Solan,OKHU,31.129583,76.857278,,,NA
1426,HP/SOL/53A16/2017/163,Himachal Pradesh,Solan,RAMSHAHR SWARGHAT ROAD,31.132583,76.764806,Debris,Slide,NA
1427,HP/SOL/53E04/2017/243,Himachal Pradesh,Solan,SHOGI KASUMPTI ROAD,31.163444,77.015667,Debris,Slide,NA
1428,HP/SOL/53A16/2017/108,Himachal Pradesh,Solan,CHAMARDI,31.164222,76.861083,Debris,Slide,NA
1429,HP/SOL/53E04/2017/244,Himachal Pradesh,Solan,KASUMPTI,31.164444,77.010111,Debris,Slide,2017
1430,HP/SOL/53E04/2017/245,Himachal Pradesh,Solan,KASUMPTI,31.164833,77.006861,Debris,Slide,NA
1431,HP/SOL/53E04/2017/246,Himachal Pradesh,Solan,KASUMPTI,31.165417,77.005194,Debris,Slide,NA
1432,HP/SOL/53A16/2017/134,Himachal Pradesh,Solan,PANHARU,31.171167,76.891417,Rock,Slide,NA
1433,HP/SOL/53A12/2017/45,Himachal Pradesh,Solan,"NH 21A,JHARNI",31.179639,76.694444,Debris,Slide,NA
1434,HP/SOL/53A16/2017/251,Himachal Pradesh,Solan,NH 88,31.186556,76.990861,Rock,Slide,NA
1435,HP/SOL/53A12/2017/43,Himachal Pradesh,Solan,"NH 21A,KUNDLU",31.187833,76.694444,Debris,Slide,NA
1436,HP/SOL/53A16/2017/127,Himachal Pradesh,Solan,DAYOTHAL,31.189111,76.896333,Rock,Slide,NA
1437,HP/SOL/53A12/2017/64,Himachal Pradesh,Solan,BHINI,31.199,76.703861,Debris,Slide,NA
1438,HP/SOL/53A12/2017/60,Himachal Pradesh,Solan,NH 21,31.214833,76.715722,Rock,Slide,NA
1439,HP/SOL/53A12/2017/59,Himachal Pradesh,Solan,NH 21,31.217722,76.723611,Rock,Slide,NA
1440,HP/SOL/53A16/2017/82,Himachal Pradesh,Solan,NH 21,31.22075,76.777861,Rock,Slide,NA
1441,HP/SOL/53A16/2017/34,Himachal Pradesh,Solan,NH 88,31.220972,76.947972,Rock,Slide,NA
1442,HP/SOL/53A16/2017/154,Himachal Pradesh,Solan,NH 21,31.228194,76.759889,Debris,Slide,NA
1443,HP/SOL/53A16/2017/98,Himachal Pradesh,Solan,LAG,31.228944,76.791472,Debris,Slide,NA
1444,HP/SOL/53A16/2017/156,Himachal Pradesh,Solan,NH 21,31.230111,76.760194,Debris,Slide,NA
1445,HP/SOL/53A15/2015/203,Himachal Pradesh,Solan,,31.360083,76.894611,Debris,Slide,NA
1446,HP/UNA/53A7/2025/18,Himachal Pradesh,Una,PMGSY L18 Landslide PMGSY,31.49135,76.400659,Debris,Slide,2025
1447,HP/UNA/53A02/2018/9,Himachal Pradesh,Una,Pallian R.F,31.591357,76.221398,Debris,Slide,NA
1448,HP/UNA/53A02/2018/7,Himachal Pradesh,Una,Chauki Maniar R.F,31.601136,76.223583,Rock,Slide,NA
1449,HP/UNA/53A02/2018/21,Himachal Pradesh,Una,Chauki maniar P.F,31.604466,76.205983,Rock,Slide,NA
1450,HP/UNA/53A02/2018/15,Himachal Pradesh,Una,West of Gagret,31.649169,76.034143,Debris,Slide,NA
1451,3436,Jammu & Kashmir,(UT),Kathua NULL NULL,32.442188,75.531513,Debris,Slide,17 August 2025
1452,JK/KAT/43P10/2016/53,Jammu & Kashmir,(UT),Kathua,32.524611,75.672704,Debris,Slide,NA
1453,JK/KAT/43P14/2017/278,Jammu & Kashmir,(UT),Kathua,32.528533,75.809419,Debris,Slide,NA
1454,JK/KAT/43P14/2017/108,Jammu & Kashmir,(UT),Kathua,32.535879,75.833399,Debris,Slide,NA
1455,7614,Jammu & Kashmir,(UT),Kathua Chhota Nala,32.542082,75.813698,Debris,Slide,NA
1456,JK/KAT/43P14/2017/162,Jammu & Kashmir,(UT),Kathua,32.542776,75.805908,Debris,Slide,NA
1457,7618,Jammu & Kashmir,(UT),Kathua Samman,32.543271,75.823804,Debris,Slide,NA
1458,7611,Jammu & Kashmir,(UT),Kathua Jiter,32.547277,75.815593,Rock,Slide,NA
1459,JK/KAT/43P14/2017/232,Jammu & Kashmir,(UT),Kathua,32.549375,75.812259,Debris,Slide,NA
1460,JK/KAT/43P14/2017/276,Jammu & Kashmir,(UT),Kathua,32.554004,75.795209,Debris,Slide,NA
1461,JK/KAT/43P10/2016/56,Jammu & Kashmir,(UT),Kathua,32.554167,75.701389,Rock,Slide,NA
1462,JK/KAT/43P14/2017/111,Jammu & Kashmir,(UT),Kathua,32.555317,75.751679,Debris,Slide,NA
1463,JK/KAT/43P14/2017/294,Jammu & Kashmir,(UT),Kathua,32.55554,75.84294,Debris,Slide,NA
1464,JK/KAT/43P10/2016/61,Jammu & Kashmir,(UT),Kathua,32.555779,75.69729,Rock,Slide,NA
1465,JK/KAT/43P14/2017/163,Jammu & Kashmir,(UT),Kathua,32.558107,75.793111,Debris,Slide,NA
1466,JK/KAT/43P10/2016/59,Jammu & Kashmir,(UT),Kathua,32.558668,75.693047,Rock,Slide,NA
1467,JK/KAT/43P14/2017/209,Jammu & Kashmir,(UT),Kathua,32.55927,75.842837,Debris,Slide,NA
1468,JK/KAT/43P14/2017/167,Jammu & Kashmir,(UT),Kathua,32.56173,75.794849,Debris,Slide,NA
1469,JK/KAT/43P10/2016/62,Jammu & Kashmir,(UT),Kathua,32.564089,75.688217,Rock,Slide,NA
1470,JK/KAT/43P14/2017/119,Jammu & Kashmir,(UT),Kathua,32.57038,75.832323,Debris,Slide,NA
1471,JK/KAT/43P14/2017/251,Jammu & Kashmir,(UT),Kathua,32.572752,75.883575,Debris,Slide,NA
1472,JK/KAT/43P14/2017/147,Jammu & Kashmir,(UT),Kathua,32.588394,75.801445,Debris,Slide,NA
1473,JK/KAT/43P14/2017/230,Jammu & Kashmir,(UT),Kathua,32.591631,75.79749,Debris,Slide,NA
1474,JK/KAT/43P14/2017/143,Jammu & Kashmir,(UT),Kathua,32.600101,75.890776,Debris,Slide,NA
1475,JK/JAM/43P02/2015/170,Jammu & Kashmir,(UT),Jammu,32.600272,75.202697,Debris,Slide,NA
1476,JK/KAT/43P14/2017/78,Jammu & Kashmir,(UT),Kathua,32.602455,75.799916,Debris,Slide,NA
1477,JK/KAT/43P14/2017/192,Jammu & Kashmir,(UT),Kathua,32.605454,75.773655,Debris,Slide,NA
1478,JK/KAT/43P14/2017/65,Jammu & Kashmir,(UT),Kathua,32.606705,75.801923,Debris,Slide,NA
1479,JK/KAT/43P14/2017/67,Jammu & Kashmir,(UT),Kathua,32.608896,75.77641,Debris,Slide,NA
1480,JK/KAT/43P14/2017/62,Jammu & Kashmir,(UT),Kathua,32.608944,75.803977,Debris,Slide,NA
1481,JK/KAT/43P9/2023/04,Jammu & Kashmir,(UT),Kathua Bhoond Basholi- Bani Road,32.611194,75.821472,Debris,Slide,19 July 2023 at 17:30 hrs.
1482,JK/KAT/43P14/2017/246,Jammu & Kashmir,(UT),Kathua,32.618314,75.813598,Debris,Slide,NA
1483,JK/KAT/43P14/2017/290,Jammu & Kashmir,(UT),Kathua,32.625505,75.878622,Rock,Slide,NA
1484,JK/KAT/43P14/2017/297,Jammu & Kashmir,(UT),Kathua,32.62697,75.880511,Rock,Slide,NA
1485,JK/KAT/43P14/2017/224,Jammu & Kashmir,(UT),Kathua,32.628418,75.844739,Debris,Slide,NA
1486,JK/KAT/43P14/2017/70,Jammu & Kashmir,(UT),Kathua,32.62877,75.913315,Rock,Slide,NA
1487,JK/KAT/43P14/2017/281,Jammu & Kashmir,(UT),Kathua,32.630465,75.8888,Rock,Slide,NA
1488,JK/KAT/43P14/2017/242,Jammu & Kashmir,(UT),Kathua,32.636698,75.890484,Debris,Slide,NA
1489,JK/KAT/43P14/2017/101,Jammu & Kashmir,(UT),Kathua,32.643682,75.766732,Debris,Slide,NA
1490,JK/KAT/43P10/2016/17,Jammu & Kashmir,(UT),Kathua Takound,32.645617,75.608667,Rock,Rock fall,NA
1491,JK/KAT/43P14/2017/234,Jammu & Kashmir,(UT),Kathua,32.646852,75.914818,Debris,Slide,NA
1492,JK/KAT/43P14/2017/289,Jammu & Kashmir,(UT),Kathua,32.647025,75.927177,Debris,Slide,NA
1493,JK/KAT/43P10/2016/20,Jammu & Kashmir,(UT),Kathua,32.649197,75.609478,Rock,Slide,NA
1494,JK/UDH/43P06/2015/204,Jammu & Kashmir,(UT),Udhampur,32.650944,75.383092,Debris,Slide,NA
1495,JK/KAT/43P14/2017/191,Jammu & Kashmir,(UT),Kathua,32.651262,75.813809,Debris,Slide,NA
1496,JK/KAT/43P14/2017/222,Jammu & Kashmir,(UT),Kathua,32.651808,75.884742,Debris,Slide,NA
1497,JK/JAM/43P02/2015/148,Jammu & Kashmir,(UT),Jammu,32.654261,75.036581,Debris,Slide,NA
1498,JK/JAM/43P02/2015/147,Jammu & Kashmir,(UT),Jammu,32.658249,75.035934,Debris,Slide,NA
1499,JK/JAM/43P02/2015/150,Jammu & Kashmir,(UT),Jammu,32.659008,75.154711,Rock,Slide,NA
1500,JK/KAT/43P14/2017/104,Jammu & Kashmir,(UT),Kathua,32.66189,75.926471,Rock,Slide,NA
1501,JK/KAT/43P14/2017/125,Jammu & Kashmir,(UT),Kathua,32.663781,75.857279,Rock,Rock fall,NA
1502,JK/KAT/43P14/2017/92,Jammu & Kashmir,(UT),Kathua,32.664102,75.836647,Rock,Rock fall,NA
1503,JK/KAT/43P14/2017/69,Jammu & Kashmir,(UT),Kathua,32.665221,75.853054,Rock,Rock fall,NA
1504,JK/KAT/43P14/2017/124,Jammu & Kashmir,(UT),Kathua,32.666927,75.768577,Debris,Slide,NA
1505,JK/KAT/43P14/2017/126,Jammu & Kashmir,(UT),Kathua,32.669276,75.761662,Debris,Slide,NA
1506,JK/UDH/43P06/2015/197,Jammu & Kashmir,(UT),Udhampur,32.671269,75.370872,Debris,Slide,NA
1507,JK/KAT/43P14/2017/85,Jammu & Kashmir,(UT),Kathua,32.671522,75.900305,Rock,Slide,NA
1508,JK/SAM/43P02/2025/086,Jammu & Kashmir,(UT),Samba Bindu-Peda village,32.67428333,75.16099167,Debris,Slide,27 August 2025
1509,JK/JAM/43P02/2015/157,Jammu & Kashmir,(UT),Jammu,32.674333,75.161283,Rock,Slide,NA
1510,JK/JAM/43P02/2015/158,Jammu & Kashmir,(UT),Jammu,32.676817,75.159864,Rock,Slide,NA
1511,JK/JAM/43P02/2015/160,Jammu & Kashmir,(UT),Jammu,32.678003,75.157814,Rock,Slide,NA
1512,JK/KAT/43P14/2017/235,Jammu & Kashmir,(UT),Kathua,32.68187,75.787816,Rock,Slide,NA
1513,JK/KAT/43P10/2016/21,Jammu & Kashmir,(UT),Kathua PMGYS road Gugund,32.688225,75.625381,Rock,Slide,NA
1514,JK/KAT/43P10/2016/42,Jammu & Kashmir,(UT),Kathua,32.688622,75.662128,Rock,Slide,NA
1515,JK/JAM/43P02/2015/139,Jammu & Kashmir,(UT),Jammu,32.688792,75.060386,Debris,Slide,NA
1516,JK/KAT/43P10/2016/40,Jammu & Kashmir,(UT),Kathua,32.689108,75.660572,Rock,Slide,NA
1517,JK/KAT/43P10/2016/47,Jammu & Kashmir,(UT),Kathua,32.689383,75.669056,Rock,Slide,NA
1518,JK/KAT/43P10/2016/41,Jammu & Kashmir,(UT),Kathua,32.690008,75.660408,Rock,Slide,NA
1519,JK/KAT/43P10/2016/39,Jammu & Kashmir,(UT),Kathua,32.690067,75.658478,Debris,Slide,NA
1520,JK/KAT/43P10/2016/46,Jammu & Kashmir,(UT),Kathua,32.690158,75.668658,Rock,Slide,NA
1521,JK/KAT/43P10/2016/34,Jammu & Kashmir,(UT),Kathua,32.692933,75.651372,Debris,Slide,NA
1522,JK/KAT/43P10/2016/36,Jammu & Kashmir,(UT),Kathua,32.693531,75.654092,Debris,Slide,NA
1523,JK/KAT/43P10/2016/44,Jammu & Kashmir,(UT),Kathua,32.694039,75.6603,Rock,Slide,NA
1524,JK/KAT/43P10/2016/38,Jammu & Kashmir,(UT),Kathua,32.694286,75.653406,Debris,Slide,NA
1525,JK/KAT/43P14/2017/219,Jammu & Kashmir,(UT),Kathua,32.696629,75.7786,Rock,Rock fall,NA
1526,JK/KAT/43P14/2017/220,Jammu & Kashmir,(UT),Kathua,32.700197,75.759305,Rock,Rock fall,NA
1527,JK/UDH/43P10/2016/105,Jammu & Kashmir,(UT),Udhampur,32.701733,75.591583,Rock,Slide,NA
1528,JK/KAT/43P14/2017/151,Jammu & Kashmir,(UT),Kathua,32.701788,75.754193,Rock,Rock fall,NA
1529,JK/JAM/43P02/2015/172,Jammu & Kashmir,(UT),Jammu,32.703877,75.153425,Rock,Slide,NA
1530,JK/UDH/43P10/2016/86,Jammu & Kashmir,(UT),Udhampur,32.704067,75.583261,Rock,Slide,NA
1531,JK/UDH/43P10/2016/107,Jammu & Kashmir,(UT),Udhampur,32.705336,75.594728,Debris,Slide,NA
1532,JK/UDH/43P10/2016/123,Jammu & Kashmir,(UT),Udhampur,32.706153,75.609686,Debris,Slide,NA
1533,JK/UDH/43P10/2016/108,Jammu & Kashmir,(UT),Udhampur,32.707039,75.594456,Rock,Slide,NA
1534,JK/JAM/43P02/2015/167,Jammu & Kashmir,(UT),Jammu,32.707675,75.110706,Rock,Slide,NA
1535,JK/UDH/43P10/2016/92,Jammu & Kashmir,(UT),Udhampur,32.708514,75.584411,Rock,Slide,NA
1536,JK/UDH/43P10/2016/98,Jammu & Kashmir,(UT),Udhampur,32.708794,75.582317,Rock,Slide,NA
1537,JK/KAT/43P14/2017/152,Jammu & Kashmir,(UT),Kathua,32.709153,75.760976,Debris,Slide,NA
1538,JK/UDH/43P10/2016/120,Jammu & Kashmir,(UT),Udhampur,32.712458,75.610922,Debris,Slide,NA
1539,JK/UDH/43P10/2016/117,Jammu & Kashmir,(UT),Udhampur Machedii-Chor road,32.715042,75.608211,Debris,Slide,NA
1540,JK/UDH/43P10/2016/118,Jammu & Kashmir,(UT),Udhampur Machedii-Chor road,32.719181,75.604963,Rock,Slide,NA
1541,JK/UDH/43P10/2016/140,Jammu & Kashmir,(UT),Udhampur,32.725053,75.608344,Rock,Slide,NA
1542,JK/JAM/43L14/2021/12,Jammu & Kashmir,(UT),Jammu Circular road subsidence Circular road Jammu,32.734316,74.872952,Debris,Subsidence,16 August 2020
1543,JK/JAM/43P02/2015/168,Jammu & Kashmir,(UT),Jammu,32.736539,75.095236,Rock,Slide,NA
1544,JK/KAT/43P14/2017/89,Jammu & Kashmir,(UT),Kathua,32.739245,75.785765,Rock,Slide,NA
1545,JK/KAT/43P14/2017/98,Jammu & Kashmir,(UT),Kathua,32.739633,75.787381,Rock,Slide,NA
1546,JK/KAT/43P14/2017/134,Jammu & Kashmir,(UT),Kathua,32.740061,75.782939,Rock,Slide,NA
1547,JK/UDH/43P10/2016/128,Jammu & Kashmir,(UT),Udhampur,32.741136,75.594397,Rock,Slide,NA
1548,JK/UDH/43P10/2016/127,Jammu & Kashmir,(UT),Udhampur,32.742874,75.608595,Debris,Slide,NA
1549,JK/KAT/43P14/2017/133,Jammu & Kashmir,(UT),Kathua,32.743835,75.925166,Debris,Slide,NA
1550,JK/KAT/43P14/2017/153,Jammu & Kashmir,(UT),Kathua,32.744031,75.819498,Rock,Slide,NA
1551,JK/KAT/43P14/2017/155,Jammu & Kashmir,(UT),Kathua,32.746567,75.757578,Rock,Slide,NA
1552,JK/JAM/43P01/2015/95,Jammu & Kashmir,(UT),Jammu,32.775,75.168056,Rock,Slide,NA
1553,JK/JAM/43P01/2015/98,Jammu & Kashmir,(UT),Jammu,32.784722,75.158333,Rock,Slide,NA
1554,JK/Manwal/43P/17/03.,Jammu & Kashmir,(UT),Udhampur High voltage transmission line at Manwal.,32.79666389,75.13683611,,Flow,NA
1555,JK/JAM/43P01/2015/92,Jammu & Kashmir,(UT),Jammu,32.804167,75.15,Rock,Slide,NA
1556,JK/KAT/43P13/2017/136,Jammu & Kashmir,(UT),Kathua,32.806906,75.822122,Debris,Slide,NA
1557,JK/KAT/43P13/2017/138,Jammu & Kashmir,(UT),Kathua,32.812651,75.811526,Debris,Slide,NA
1558,JK/KAT/43P13/2017/180,Jammu & Kashmir,(UT),Kathua,32.821151,75.83551,Debris,Slide,NA
1559,JK/KAT/43P13/2017/108,Jammu & Kashmir,(UT),Kathua,32.824959,75.837763,Debris,Slide,NA
1560,JK/UDH/43P09/2016/22,Jammu & Kashmir,(UT),Udhampur,32.828774,75.540791,Rock,Slide,NA
1561,JK/KAT/43P13/2017/106,Jammu & Kashmir,(UT),Kathua,32.829224,75.79239,Debris,Slide,NA
1562,JK/KAT/43P13/2017/113,Jammu & Kashmir,(UT),Kathua,32.829791,75.792167,Debris,Slide,NA
1563,JK/KAT/43P13/2017/160,Jammu & Kashmir,(UT),Kathua,32.831481,75.817318,Debris,Slide,NA
1564,JK/KAT/43P13/2017/173,Jammu & Kashmir,(UT),Kathua,32.835151,75.826928,Debris,Slide,NA
1565,JK/UDH/43P09/2016/17,Jammu & Kashmir,(UT),Udhampur,32.840009,75.525733,Debris,Slide,NA
1566,JK/UDH/43P09/2016/19,Jammu & Kashmir,(UT),Udhampur,32.840009,75.525733,Debris,Slide,NA
1567,JK/UDH/43P09/2016/21,Jammu & Kashmir,(UT),Udhampur,32.8418,75.528889,Rock,Slide,NA
1568,JK/UDH/43P09/2016/20,Jammu & Kashmir,(UT),Udhampur Dudu-Basantgarh road,32.841884,75.528635,Rock,Slide,NA
1569,JK/KAT/43P13/2017/174,Jammu & Kashmir,(UT),Kathua,32.844635,75.832338,Debris,Slide,NA
1570,JK/UDH/43P13/2017/140,Jammu & Kashmir,(UT),Udhampur,32.8538,75.821125,Debris,Slide,NA
1571,JK/DOD/43P13/2017/153,Jammu & Kashmir,(UT),Doda,32.860973,75.810135,Debris,Slide,NA
1572,JK/DOD/43P13/2017/152,Jammu & Kashmir,(UT),Doda,32.865474,75.784487,Debris,Slide,NA
1573,JK/UDH/43P09/2016/16,Jammu & Kashmir,(UT),Udhampur,32.867719,75.506811,Debris,Slide,NA
1574,PDLS/3,Jammu & Kashmir,(UT),Udhampur Domel slide Jammu-Srinagar National,32.86897222,74.95852778,Rock,Rock fall,NA
1575,JK/UDH/43P09/2016/13,Jammu & Kashmir,(UT),Udhampur Dudu-Basantgarh road,32.879272,75.524242,Rock,Slide,NA
1576,JK/UDH/43P09/2016/49,Jammu & Kashmir,(UT),Udhampur,32.883986,75.761414,Rock,Rock fall,NA
1577,JK/UDH/43P09/2016/27,Jammu & Kashmir,(UT),Udhampur,32.884145,75.523123,Debris,Slide,NA
1578,JK/UDH/43P01/2015/123,Jammu & Kashmir,(UT),Udhampur,32.884722,75.125,Earth,Slide,NA
1579,JK/DOD/43P13/2017/104,Jammu & Kashmir,(UT),Doda,32.885319,75.801398,Debris,Slide,NA
1580,JK/UDH/43P09/2016/36,Jammu & Kashmir,(UT),Udhampur,32.885397,75.524606,Debris,Slide,NA
1581,JK/UDH/43P09/2016/30,Jammu & Kashmir,(UT),Udhampur,32.886611,75.52714,Rock,Slide,NA
1582,JK/UDH/43P09/2016/29,Jammu & Kashmir,(UT),Udhampur,32.887231,75.527556,Rock,Slide,NA
1583,JK/DOD/43P13/2017/129,Jammu & Kashmir,(UT),Doda,32.894322,75.781233,Debris,Slide,NA
1584,JK/DOD/43P09/2021/72,Jammu & Kashmir,(UT),Doda Hamingarh -6 Bhaderwah-Bani Road,32.91782222,75.72585556,Rock,Slide,2021
1585,JK/DOD/43P13/2021/78,Jammu & Kashmir,(UT),Doda Sehari Bhuttla-5 Hamingarh-Thannala road,32.93471667,75.75188889,Rock,Slide,2021
1586,JK/DOD/43P13/2017/200,Jammu & Kashmir,(UT),Doda,32.939597,75.786623,Debris,Slide,NA
1587,JK/UDH/43P01/2015/101,Jammu & Kashmir,(UT),Udhampur,32.943056,75.158333,Debris,Slide,NA
1588,JK/DOD/43P13/2017/183,Jammu & Kashmir,(UT),Doda,32.945025,75.970425,Debris,Slide,NA
1589,JK/UDH/43P01/2015/75,Jammu & Kashmir,(UT),Udhampur,32.951389,75.086111,Rock,Slide,NA
1590,JK/DOD/43P13/2017/120,Jammu & Kashmir,(UT),Doda,32.952133,75.970375,Debris,Slide,NA
1591,JK/UDH/43O1/2025/075,Jammu & Kashmir,(UT),Udhampur Thard Landslide Thard,32.95504722,75.15861111,Debris,Slide,2 September 2025
1592,PDLS/21,Jammu & Kashmir,(UT),Udhampur Kheri (near Kheri Slide) GPS078 Jammu-Srinagar NH-44,32.95769444,75.16283333,Debris,Slide,13 January 2020
1593,JK/UDH/43P01/2015/109,Jammu & Kashmir,(UT),Udhampur,32.958667,75.163699,Debris,Slide,NA
1594,JK/UDH/43P01/2015/112,Jammu & Kashmir,(UT),Udhampur,32.964127,75.167042,Earth,Slide,NA
1595,JK/UDH/43P01/2015/72,Jammu & Kashmir,(UT),Udhampur,32.97,75.126667,Rock,Slide,NA
1596,PDLS/16,Jammu & Kashmir,(UT),Udhampur Tordi Udhampur – Srinagar,32.97438889,75.17311111,Debris,Slide,NA
1597,PDLS/31,Jammu & Kashmir,(UT),Udhampur Dhanoo-2 slide/Sumdrani Tikri-Katra road,32.98096389,74.98698611,Rock,Rock fall,NA
1598,JK/UDH/43P01/2015/76,Jammu & Kashmir,(UT),Udhampur,32.982629,75.01583,Rock,Slide,NA
1599,JK/DOD/43P09/2016/6,Jammu & Kashmir,(UT),Doda,32.983124,75.741043,Debris,Slide,NA
1600,JK/UDH/43P01/2015/70,Jammu & Kashmir,(UT),Udhampur,32.984722,75.133333,Debris,Slide,NA
1601,JK/DOD/43P13/2017/190,Jammu & Kashmir,(UT),Doda,32.985345,75.896522,Debris,Slide,NA
1602,JK/UDH/43P01/2015/78,Jammu & Kashmir,(UT),Udhampur,32.986667,75.036667,Earth,Slide,NA
1603,JK/UDH/43P01/2015/117,Jammu & Kashmir,(UT),Udhampur,32.987219,75.188945,Earth,Slide,NA
1604,JK/DOD/43P13/2017/132,Jammu & Kashmir,(UT),Doda,32.989433,75.878718,Debris,Slide,NA
1605,JK/DOD/43P09/2016/8,Jammu & Kashmir,(UT),Doda,32.98944,75.733622,Rock,Slide,NA
1606,JK/DOD/43P13/2017/197,Jammu & Kashmir,(UT),Doda,32.989637,75.877292,Debris,Slide,NA
1607,JK/UDH/43P01/2015/80,Jammu & Kashmir,(UT),Udhampur,32.989756,75.05253,Earth,Slide,NA
1608,PDLS/4,Jammu & Kashmir,(UT),Udhampur Maur Landslide near Balli nala Jammu-Srinagar National,32.99083333,75.19038889,Debris,Slide,NA
1609,JK/DOD/43P13/2017/134,Jammu & Kashmir,(UT),Doda,32.999436,75.823992,Debris,Slide,NA
1610,JK/DOD/43P09/2018/1,Jammu & Kashmir,(UT),Doda,33.000879,75.707118,Debris,Slide,NA
1611,JK/DOD/43O12/2018/411,Jammu & Kashmir,(UT),Doda,33.003776,75.703637,Debris,Slide,NA
1612,JK/DOD/43O16/2018/139,Jammu & Kashmir,(UT),Doda,33.008541,75.916838,Rock,Slide,NA
1613,JK/UDH/43O04/2025/21,Jammu & Kashmir,(UT),Udhampur Samroli NH-44,33.01029444,75.22261667,Debris,Slide,27 August 2025
1614,JK/DOD/43O16/2018/17,Jammu & Kashmir,(UT),Doda,33.010469,75.91844,Rock,Slide,NA
1615,JK/REA/43K16/2023/17,Jammu & Kashmir,(UT),Reasi Mansooh-II Left bank of River Chenab,33.015472,74.823889,Debris,Debris flow,NA
1616,JK/DOD/43O16/2018/217,Jammu & Kashmir,(UT),Doda,33.015956,75.915702,Debris,Slide,NA
1617,JK/REA/43K16/2016/9,Jammu & Kashmir,(UT),Reasi,33.022666,74.836296,Debris,Slide,NA
1618,JK/UDH/43O04/2015/39,Jammu & Kashmir,(UT),Udhampur,33.034194,75.132583,Debris,Debris flow,NA
1619,JK/UDH/43O8/2021/05,Jammu & Kashmir,(UT),Udhampur Rengi Chaneni - Sudhmahadev road,33.03530556,75.33466111,Debris,Slide,NA
1620,JK/UDH/43O08/2023/48,Jammu & Kashmir,(UT),Udhampur Rengi Chaneni - Sudhmahadev road,33.035306,75.334661,Debris,Slide,NA
1621,JK/UDH/43O04/2015/42,Jammu & Kashmir,(UT),Udhampur,33.040111,75.103667,Debris,Debris flow,NA
1622,JK/RAJ/43K07/2025/81,Jammu & Kashmir,(UT),Rajouri Bhamla,33.04161389,74.59126944,,Slide,26 August 2025
1623,JK/UDH/43O04/2023/56,Jammu & Kashmir,(UT),Udhampur Saddal-1 Udhampur - Saddal,33.043636,75.132647,Rock,,NA
1624,JK/UDH/43O04/2023/57,Jammu & Kashmir,(UT),Udhampur Saddal-2 Udhampur - Saddal,33.04397722,75.132435,Debris,Slide,NA
1625,JK/DOD/43O16/2018/70,Jammu & Kashmir,(UT),Doda,33.044078,75.979888,Debris,Slide,NA
1626,JK/UDH/43O04/2015/43,Jammu & Kashmir,(UT),Udhampur,33.046333,75.102833,Rock,,NA
1627,JK/UDH/43O04/2015/41,Jammu & Kashmir,(UT),Udhampur,33.046417,75.131028,Rock,,NA
1628,JK/JAM/43K12/2025/063,Jammu & Kashmir,(UT),Jammu Karol Baba Devsthan Jothal,33.046805,74.701774,,Subsidence,31 August 2025
1629,JK/REA/43K16/2016/20,Jammu & Kashmir,(UT),Reasi,33.046932,74.816154,Debris,Slide,NA
1630,JK/DOD/43O16/2018/110,Jammu & Kashmir,(UT),Doda,33.04709,75.908564,Rock,Slide,NA
1631,JK/KIS/43O16/2018/72,Jammu & Kashmir,(UT),Doda,33.04734,75.884386,Rock,Slide,NA
1632,PDLS/29,Jammu & Kashmir,(UT),"Jammu Dab Jagir, Kalidhar. (GPS 085) Jammu-Akhnoor-Rajouri",33.048,74.61683333,Debris,Slide,24 January 2019
1633,JK/REA/43K16/2016/21,Jammu & Kashmir,(UT),Reasi,33.051383,74.818878,Debris,Slide,NA
1634,JK/DOD/43O12/2018/294,Jammu & Kashmir,(UT),Doda,33.06222,75.624582,Debris,Slide,NA
1635,JK/KIS/43O16/2018/140,Jammu & Kashmir,(UT),Kishtwar,33.062477,75.976609,Rock,Slide,NA
1636,JK/REA/43O08/2022/12,Jammu & Kashmir,(UT),Reasi -- Katra-Reasi Road,33.064076,74.838455,Debris,Slide,2022
1637,JK/DOD/43O12/2018/386,Jammu & Kashmir,(UT),Doda,33.065248,75.623665,Rock,Slide,NA
1638,JK/KIS/43O16/2018/3,Jammu & Kashmir,(UT),Kishtwar,33.06543,75.979561,Rock,Rock fall,NA
1639,JK/KIS/43O16/2018/166,Jammu & Kashmir,(UT),Kishtwar,33.069683,75.916507,Debris,Slide,NA
1640,JK/REA/43K12/2025/048,Jammu & Kashmir,(UT),Reasi Shanpur LS 2,33.070198,74.744972,Debris,Slide,30 July 2025
1641,JK/REA/43K16/2016/23,Jammu & Kashmir,(UT),Reasi,33.072608,74.852455,Debris,Slide,NA
1642,JK/REA/43K16/2016/42,Jammu & Kashmir,(UT),Reasi,33.077831,74.811805,Rock,Slide,NA
1643,PDLS/17,Jammu & Kashmir,(UT),Reasi Aghar Balian/Baradari Slide (GPS 075) Katra-Reasi highway road,33.07787444,74.81106944,Debris,Slide,NA
1644,JK/REA/43K16/2016/22,Jammu & Kashmir,(UT),Reasi,33.079246,74.840927,Rock,Slide,NA
1645,JK/UDH/43O04/2015/54,Jammu & Kashmir,(UT),Udhampur,33.085,75.192778,Debris,Slide,NA
1646,JK/KIS/43O16/2018/147,Jammu & Kashmir,(UT),Kishtwar,33.085056,75.908156,Rock,Rock fall,NA
1647,JK/DOD/43O12/2018/315,Jammu & Kashmir,(UT),Doda,33.087569,75.600938,Debris,Slide,NA
1648,JK/UDH/43O04/2015/52,Jammu & Kashmir,(UT),Udhampur,33.087639,75.157972,Debris,Slide,NA
1649,PDLS/34,Jammu & Kashmir,(UT),Reasi Khera Lehar Slide (near Domail Bus Pauni-Akhnoor road,33.08934444,74.66441944,Debris,Slide,NA
1650,7212,Jammu & Kashmir,(UT),Udhampur,33.089695,75.329709,Debris,Slide,29 August 2025 at 15.30hrs
1651,JK/DOD/43O16/2022/14,Jammu & Kashmir,(UT),Doda -- Kahara,33.089997,75.861423,Debris,Debris flow,20 July 2022
1652,JK/UDH/43O04/2015/65,Jammu & Kashmir,(UT),Udhampur,33.090278,75.095389,Debris,Slide,NA
1653,JK/KIS/43O16/2018/137,Jammu & Kashmir,(UT),Kishtwar,33.09042,75.861881,Debris,Slide,NA
1654,JK/DOD/43O12/2018/31,Jammu & Kashmir,(UT),Doda,33.093763,75.603273,Debris,Slide,NA
1655,JK/KIS/43O16/2018/90,Jammu & Kashmir,(UT),Kishtwar,33.094818,75.884039,Debris,Slide,NA
1656,JK/KIS/43O16/2018/64,Jammu & Kashmir,(UT),Kishtwar,33.095137,75.876972,Rock,Slide,NA
1657,JK/REA/43K16/2016/73,Jammu & Kashmir,(UT),Reasi,33.0955,74.87223,Rock,Slide,NA
1658,JK/DOD/43O12/2018/201,Jammu & Kashmir,(UT),Doda,33.096544,75.573371,Debris,Slide,NA
1659,JK/DOD/43O12/2018/199,Jammu & Kashmir,(UT),Doda,33.09849,75.568684,Debris,Slide,NA
1660,JK/KIS/43O16/2018/155,Jammu & Kashmir,(UT),Kishtwar,33.101445,75.85871,Rock,Slide,NA
1661,JK/KIS/43O16/2018/41,Jammu & Kashmir,(UT),Kishtwar,33.10282,75.858672,Rock,Slide,NA
1662,JK/DOD/43O12/2021/56,Jammu & Kashmir,(UT),"Doda 5km milestone, Pul Doda Pul Doda - Bhaderwah road",33.10539722,75.57805833,Debris,Slide,2020
1663,JK/REA/43K16/2016/31,Jammu & Kashmir,(UT),Reasi,33.105987,74.841217,Debris,Slide,NA
1664,JK/DOD/43O12/2018/236,Jammu & Kashmir,(UT),Doda,33.106519,75.577256,Debris,Slide,NA
1665,JK/DOD/43O12/2018/224,Jammu & Kashmir,(UT),Doda,33.107937,75.576309,Debris,Slide,NA
1666,JK/DOD/43O12/2018/11,Jammu & Kashmir,(UT),Doda,33.111891,75.682782,Rock,Rock fall,NA
1667,JK/REA/43K16/2021/109,Jammu & Kashmir,(UT),Reasi Siar Baba Reasi-Salal road,33.11374722,74.78761667,Rock,Rock fall,2018
1668,JK/KIS/43O16/2018/203,Jammu & Kashmir,(UT),Kishtwar,33.114391,75.855881,Debris,Slide,NA
1669,JK/DOD/43O12/2018/243,Jammu & Kashmir,(UT),Doda,33.118687,75.573666,Debris,Slide,NA
1670,JK/DOD/43O12/2018/264,Jammu & Kashmir,(UT),Doda,33.122488,75.658141,Rock,Slide,NA
1671,JK/DOD/43O12/2018/35,Jammu & Kashmir,(UT),Doda,33.124581,75.635604,Debris,Slide,NA
1672,JK/DOD/43O12/2018/205,Jammu & Kashmir,(UT),Doda,33.129055,75.675734,Debris,Slide,NA
1673,JK/DOD/43O12/2018/391,Jammu & Kashmir,(UT),Doda,33.129863,75.579126,Debris,Slide,NA
1674,JK/DOD/43O12/2018/30,Jammu & Kashmir,(UT),Doda,33.129983,75.578806,Debris,Slide,NA
1675,JK/DOD/43O12/2018/34,Jammu & Kashmir,(UT),Doda,33.130563,75.563569,Debris,Slide,NA
1676,JK/KIS/43O16/2018/207,Jammu & Kashmir,(UT),Kishtwar,33.130819,75.929064,Debris,Slide,NA
1677,JK/DOD/43O12/2018/73,Jammu & Kashmir,(UT),Doda,33.13092,75.648163,Debris,Slide,NA
1678,JK/DOD/43O12/2018/321,Jammu & Kashmir,(UT),Doda,33.13189,75.564392,Debris,Slide,NA
1679,JK/DOD/43O12/2021/55,Jammu & Kashmir,(UT),Doda Bhatoli near Pul Doda Pul Doda - Bhaderwah road,33.13192222,75.56449722,Rock,Slide,2021
1680,JK/DOD/43O12/2018/13,Jammu & Kashmir,(UT),Doda,33.132097,75.516479,Rock,Rock fall,NA
1681,JK/DOD/43O12/2018/313,Jammu & Kashmir,(UT),Doda,33.132758,75.600389,Rock,Slide,NA
1682,JK/DOD/43O08/2015/30,Jammu & Kashmir,(UT),Doda,33.133072,75.3625,Rock,,NA
1683,JK/DOD/43O12/2018/33,Jammu & Kashmir,(UT),Doda,33.133093,75.519119,Debris,Slide,NA
1684,JK/KIS/43O16/2018/153,Jammu & Kashmir,(UT),Kishtwar,33.1332,75.909287,Debris,Slide,NA
1685,JK/DOD/43O12/2018/309,Jammu & Kashmir,(UT),Doda,33.133621,75.607594,Rock,Rock fall,NA
1686,JK/DOD/43O12/2018/343,Jammu & Kashmir,(UT),Doda,33.133804,75.598612,Debris,Slide,NA
1687,JK/KIS/43O16/2018/2,Jammu & Kashmir,(UT),Kishtwar,33.133898,75.916352,Rock,Rock fall,NA
1688,JK/UDH/43O04/2015/63,Jammu & Kashmir,(UT),Udhampur,33.134194,75.153278,Rock,,NA
1689,JK/DOD/43O12/2018/331,Jammu & Kashmir,(UT),Doda,33.13734,75.557663,Debris,Slide,NA
1690,JK/DOD/43O12/2022/17,Jammu & Kashmir,(UT),Doda -- Batote-Kishtwar road/Ghadsoo,33.138639,75.576971,Debris,Slide,2022
1691,JK/DOD/43O16/2018/5,Jammu & Kashmir,(UT),Doda,33.138649,75.755129,Rock,Rock fall,NA
1692,JK/KIS/43O16/2018/107,Jammu & Kashmir,(UT),Kishtwar,33.138663,75.840002,Debris,Slide,NA
1693,JK/DOD/43O12/2018/345,Jammu & Kashmir,(UT),Doda,33.138675,75.575876,Rock,Slide,NA
1694,JK/DOD/43O12/2018/390,Jammu & Kashmir,(UT),Doda,33.138713,75.50837,Debris,Slide,NA
1695,JK/DOD/43O12/2018/234,Jammu & Kashmir,(UT),Doda,33.138981,75.522962,Debris,Slide,NA
1696,JK/UDH/43O04/2015/62,Jammu & Kashmir,(UT),Udhampur,33.141889,75.152417,Debris,Slide,NA
1697,JK/DOD/43O12/2018/389,Jammu & Kashmir,(UT),Doda,33.14237,75.533657,Debris,Slide,NA
1698,JK/DOD/43O08/2015/14,Jammu & Kashmir,(UT),Doda,33.142471,75.472903,Rock,,NA
1699,JK/DOD/43O16/2018/81,Jammu & Kashmir,(UT),Doda,33.14251,75.750688,Debris,Slide,NA
1700,JK/DOD/43O16/2018/213,Jammu & Kashmir,(UT),Doda,33.144665,75.771217,Debris,Slide,NA
1701,JK/DOD/43O16/2018/113,Jammu & Kashmir,(UT),Doda,33.144788,75.770512,Debris,Slide,NA
1702,JK/DOD/43O12/2018/136,Jammu & Kashmir,(UT),Doda,33.146098,75.665529,Debris,Slide,NA
1703,JK/KIS/43O16/2018/219,Jammu & Kashmir,(UT),Kishtwar,33.146157,75.836433,Debris,Slide,NA
1704,JK/DOD/43O12/2018/340,Jammu & Kashmir,(UT),Doda,33.146234,75.538933,Debris,Slide,NA
1705,JK/DOD/43O12/2018/200,Jammu & Kashmir,(UT),Doda,33.146657,75.566366,Debris,Slide,NA
1706,JK/DOD/43O08/2015/23,Jammu & Kashmir,(UT),Doda,33.146672,75.336389,Rock,,NA
1707,JK/DOD/43O12/2018/115,Jammu & Kashmir,(UT),Doda,33.148148,75.668964,Debris,Slide,NA
1708,JK/DOD/43O12/2021/40,Jammu & Kashmir,(UT),Doda Sharni Doda-Kishtwar National,33.14871667,75.66985556,Rock,Slide,2020
1709,JK/DOD/43O12/2018/163,Jammu & Kashmir,(UT),Doda,33.148896,75.749341,Debris,Fall,NA
1710,JK/KIS/43O16/2018/214,Jammu & Kashmir,(UT),Kishtwar,33.150446,75.828978,Debris,Slide,NA
1711,JK/DOD/43O12/2018/299,Jammu & Kashmir,(UT),Doda,33.151167,75.554769,Debris,Slide,NA
1712,JK/DOD/43O16/2018/163,Jammu & Kashmir,(UT),Doda,33.152526,75.798608,Debris,Slide,NA
1713,JK/DOD/43O08/2021/91,Jammu & Kashmir,(UT),Doda Gangalwar Doda-Gangalwar road,33.15279722,75.44558611,Debris,Slide,2021
1714,JK/DOD/43O16/2018/148,Jammu & Kashmir,(UT),Doda,33.153351,75.775366,Debris,Slide,NA
1715,JK/DOD/43O12/2018/51,Jammu & Kashmir,(UT),Doda,33.153389,75.710382,Debris,Slide,NA
1716,JK/DOD/43O16/2018/221,Jammu & Kashmir,(UT),Doda,33.153404,75.798688,Debris,Slide,NA
1717,JK/RAM/43O8/2023/02,Jammu & Kashmir,(UT),Ramban Dolwas NH-44,33.15375,75.306858,Debris,Debris flow,6 July 2024
1718,JK/DOD/43O12/2018/54,Jammu & Kashmir,(UT),Doda,33.154032,75.745088,Debris,Slide,NA
1719,JK/DOD/43O12/2018/276,Jammu & Kashmir,(UT),Doda,33.154057,75.56666,Debris,Slide,NA
1720,JK/DOD/43O12/2018/145,Jammu & Kashmir,(UT),Doda,33.154191,75.682876,Debris,Slide,NA
1721,JK/DOD/43O08/2021/88,Jammu & Kashmir,(UT),Doda Kukrasu Doda-Gangalwar road,33.15471389,75.49139722,Debris,Slide,2021
1722,JK/UDH/43O04/2020/31,Jammu & Kashmir,(UT),Reasi Dalwas Udhampur-Dalwas road,33.15492778,75.30671111,Debris,Slide,2020
1723,JK/DOD/43O12/2018/14,Jammu & Kashmir,(UT),Doda,33.155983,75.586597,Rock,Rock fall,NA
1724,7606,Jammu & Kashmir,(UT),Doda Premnagar,33.157473,75.686986,Debris,Debris flow,06 July 2026 6.00hrs
1725,JK/DOD/43O16/2018/202,Jammu & Kashmir,(UT),Doda,33.158283,75.798864,Debris,Slide,NA
1726,JK/DOD/43O12/2018/398,Jammu & Kashmir,(UT),Doda,33.158318,75.702272,Rock,Slide,NA
1727,JK/DOD/43O12/2018/123,Jammu & Kashmir,(UT),Doda,33.159193,75.552495,Debris,Slide,NA
1728,JK/DOD/43O12/2018/206,Jammu & Kashmir,(UT),Doda,33.159621,75.582698,Debris,Fall,NA
1729,JK/DOD/43O12/2018/358,Jammu & Kashmir,(UT),Doda,33.159661,75.517171,Debris,Slide,NA
1730,JK/DOD/43O12/2018/357,Jammu & Kashmir,(UT),Doda,33.16019,75.516845,Debris,Slide,NA
1731,JK/DOD/43O12/2018/125,Jammu & Kashmir,(UT),Doda,33.160576,75.582283,Debris,Slide,NA
1732,JK/DOD/43O12/2018/233,Jammu & Kashmir,(UT),Doda,33.161068,75.590571,Debris,Slide,NA
1733,JK/DOD/43O12/2018/377,Jammu & Kashmir,(UT),Doda,33.162664,75.571394,Debris,Slide,NA
1734,JK/DOD/43O12/2018/158,Jammu & Kashmir,(UT),Doda,33.163501,75.647627,Debris,Slide,NA
1735,JK/DOD/43O12/2018/96,Jammu & Kashmir,(UT),Doda,33.163551,75.512463,Debris,Slide,NA
1736,JK/KIS/43O16/2018/182,Jammu & Kashmir,(UT),Kishtwar,33.166126,75.804385,Debris,Slide,NA
1737,JK/DOD/43O12/2018/141,Jammu & Kashmir,(UT),Doda,33.166569,75.566822,Debris,Slide,NA
1738,JK/DOD/43O12/2018/387,Jammu & Kashmir,(UT),Doda,33.166591,75.585463,Debris,Slide,NA
1739,JK/DOD/43O12/2018/269,Jammu & Kashmir,(UT),Doda,33.167976,75.671735,Debris,Slide,NA
1740,JK/REA/43O08/2022/10,Jammu & Kashmir,(UT),Reasi -- Kanthan-Khanikot road (KRCL,33.168013,74.985755,Rock,Slide,2022
1741,JK/DOD/43O08/2021/90,Jammu & Kashmir,(UT),Doda Kalaya Doda-Gangalwar road,33.16948611,75.45078611,Debris,Slide,2021
1742,JK/DOD/43O08/2015/26,Jammu & Kashmir,(UT),Doda,33.17014,75.35801,Rock,,NA
1743,JK/DOD/43O12/2018/22,Jammu & Kashmir,(UT),Doda,33.170984,75.558646,Debris,Slide,NA
1744,JK/DOD/43O12/2018/5,Jammu & Kashmir,(UT),Doda,33.17187,75.54138,Rock,Rock fall,NA
1745,JK/DOD/43O08/2015/24,Jammu & Kashmir,(UT),Doda,33.172336,75.338056,Rock,,NA
1746,JK/RAM/43O8/2025/11,Jammu & Kashmir,(UT),Ramban South portal of Peerah Tunnel NH-44 Jammu-Srinagar,33.17306667,75.29995556,Debris,Slide,"1 February 2025, 20 April 2025"
1747,JK/REA/43O08/2022/08,Jammu & Kashmir,(UT),Reasi -- Kanthan-Khanikot road (KRCL,33.174247,74.975147,Rock,Slide,NA
1748,JK/DOD/43O12/2018/207,Jammu & Kashmir,(UT),Doda,33.174387,75.580476,Debris,Slide,NA
1749,JK/DOD/43O12/2018/279,Jammu & Kashmir,(UT),Doda,33.178169,75.638603,Debris,Slide,NA
1750,JK/DOD/43O12/2018/37,Jammu & Kashmir,(UT),Doda,33.180165,75.546112,Debris,Slide,NA
1751,JK/KIS/43O16/2018/74,Jammu & Kashmir,(UT),Kishtwar,33.182867,75.829017,Debris,Slide,NA
1752,JK/DOD/43O12/2018/21,Jammu & Kashmir,(UT),Doda,33.185408,75.544237,Debris,Slide,NA
1753,JK/DOD/43O12/2018/166,Jammu & Kashmir,(UT),Doda,33.185904,75.574288,Debris,Slide,NA
1754,JK/KIS/43O16/2018/60,Jammu & Kashmir,(UT),Kishtwar,33.186069,75.81575,Debris,Slide,NA
1755,JK/DOD/43O12/2018/229,Jammu & Kashmir,(UT),Doda,33.188309,75.572626,Debris,Slide,NA
1756,JK/KIS/43O16/2018/132,Jammu & Kashmir,(UT),Kishtwar,33.188438,75.807163,Rock,Rock fall,NA
1757,JK/KIS/43O16/2018/228,Jammu & Kashmir,(UT),Kishtwar,33.189517,75.807236,Rock,Rock fall,NA
1758,JK/DOD/43O12/2018/171,Jammu & Kashmir,(UT),Doda,33.191066,75.601632,Debris,Slide,NA
1759,7217,Jammu & Kashmir,(UT),Ramban,33.195603,75.337746,Rock,Slide,01 September 2025
1760,JK/DOD/43O12/2018/121,Jammu & Kashmir,(UT),Doda,33.196877,75.634424,Debris,Slide,NA
1761,JK/DOD/43O12/2018/395,Jammu & Kashmir,(UT),Doda,33.197791,75.683185,Debris,Slide,NA
1762,JK/KIS/43O16/2018/220,Jammu & Kashmir,(UT),Kishtwar,33.198876,75.800871,Debris,Slide,NA
1763,JK/DOD/43O12/2018/191,Jammu & Kashmir,(UT),Doda,33.199372,75.570458,Debris,Slide,NA
1764,7222,Jammu & Kashmir,(UT),Ramban,33.201932,75.363243,Debris,Slide,30 August 2025
1765,JK/DOD/43O08/2015/10,Jammu & Kashmir,(UT),Doda,33.204722,75.286944,Rock,,NA
1766,JK/RAM/43O3/2025/068,Jammu & Kashmir,(UT),Ramban Tanger Tanger village,33.20537778,75.12690833,Debris,Slide,"12 September 2025, 13 September"
1767,PDLS/23,Jammu & Kashmir,(UT),Ramban Chanderkote (GPS 081) Peera – Ramban National,33.20588889,75.28227778,Debris,Slide,NA
1768,JK/DOD/43O12/2018/208,Jammu & Kashmir,(UT),Doda,33.209899,75.57294,Debris,Slide,NA
1769,7406,Jammu & Kashmir,(UT),Ramban Karol,33.214947,75.272822,Rock,,26 March 2026
1770,JK/DOD/43O12/2018/344,Jammu & Kashmir,(UT),Doda,33.222528,75.576502,Debris,Slide,NA
1771,JK/DOD/43O12/2018/44,Jammu & Kashmir,(UT),Doda,33.222961,75.570057,Debris,Slide,NA
1772,JK/DOD/43O12/2018/267,Jammu & Kashmir,(UT),Doda,33.22391,75.597577,Debris,Slide,NA
1773,JK/REA/43K16/2021/93,Jammu & Kashmir,(UT),Reasi Thuru-1 Arnas - Mahore road,33.23028333,74.83315,Debris,Slide,2021
1774,JK/KIS/43O16/2022/20,Jammu & Kashmir,(UT),Kishtwar -- Batote-Kishtwar road,33.23404,75.786592,Debris,Slide,2022
1775,JK/KIS/43O16/2018/149,Jammu & Kashmir,(UT),Kishtwar,33.23415,75.78663,Debris,Slide,NA
1776,JK/DOD/43O12/2018/192,Jammu & Kashmir,(UT),Doda,33.234952,75.604722,Debris,Slide,NA
1777,JK/RAM/43O4/2023/12,Jammu & Kashmir,(UT),Ramban Cafeteria- Mehar NH-44,33.23526,75.2456,Debris,Debris flow,17 October 2023
1778,JK/KIS/43O16/2018/61,Jammu & Kashmir,(UT),Kishtwar,33.236265,75.785492,Debris,Slide,NA
1779,JK/RAM/43O04/2025/01,Jammu & Kashmir,(UT),Ramban Chandhi Morh SH (Ramban-Gool),33.23699444,75.22344444,Debris,Debris flow,20 April 2025
1780,JK/DOD/43O12/2018/403,Jammu & Kashmir,(UT),Doda,33.249358,75.60751,Debris,Slide,NA
1781,JK/KIS/43O15/2020/23,Jammu & Kashmir,(UT),Kishtwar,33.25,75.78,Rock,Slide,NA
1782,JK/KIS/43O15/2020/18,Jammu & Kashmir,(UT),Kishtwar,33.25,75.78,Debris,Slide,NA
1783,JK/KIS/43O15/2020/19,Jammu & Kashmir,(UT),Kishtwar,33.25,75.78,Debris,Slide,NA
1784,JK/RAM/43O03/2018/81,Jammu & Kashmir,(UT),Ramban,33.257828,75.13826,Debris,Slide,NA
1785,JK/REA/43K15/2017/123,Jammu & Kashmir,(UT),Reasi,33.259333,74.89675,Debris,Slide,NA
1786,JK/KIS/43O15/2020/84,Jammu & Kashmir,(UT),Kishtwar,33.26,75.77,Rock,Slide,NA
1787,JK/RAM/43O03/2018/47,Jammu & Kashmir,(UT),Ramban,33.260193,75.169655,Rock,Rock fall,NA
1788,JK/RAM/43O03/2018/32,Jammu & Kashmir,(UT),Ramban,33.260441,75.122276,Debris,Slide,NA
1789,JK/RAM/43O03/2018/10,Jammu & Kashmir,(UT),Ramban,33.260563,75.03521,Debris,Slide,NA
1790,JK/RAM/43O03/2018/31,Jammu & Kashmir,(UT),Ramban,33.260818,75.121521,Debris,Slide,NA
1791,JK/RAM/43O03/2023/60,Jammu & Kashmir,(UT),Ramban Dharamkot Ramban – Sangaldhan road,33.26243167,75.021815,Debris,Slide,NA
1792,JK/RAM/43O03/2018/96,Jammu & Kashmir,(UT),Ramban,33.263344,75.052246,Debris,Slide,NA
1793,JK/RAM/43O03/2018/71,Jammu & Kashmir,(UT),Ramban,33.263599,75.153931,Debris,Slide,NA
1794,JK/RAM/43O03/2018/129,Jammu & Kashmir,(UT),Ramban,33.263809,75.022278,Debris,Slide,NA
1795,JK/RAM/43O03/2018/70,Jammu & Kashmir,(UT),Ramban,33.264259,75.118805,Debris,Slide,NA
1796,JK/RAM/43O03/2018/65,Jammu & Kashmir,(UT),Ramban,33.264355,75.05011,Debris,Slide,NA
1797,JK/REA/43K15/2017/85,Jammu & Kashmir,(UT),Reasi,33.265111,74.84397,Debris,Slide,NA
1798,JK/REA/43K15/2017/59,Jammu & Kashmir,(UT),Reasi,33.266056,74.85378,Debris,Slide,NA
1799,PDLS/50,Jammu & Kashmir,(UT),Near Marog Marog-2 Jammu- Srinagar National,33.26747222,75.18306944,Debris,Slide,NA
1800,JK/RAM/43O03/2018/19,Jammu & Kashmir,(UT),Ramban,33.267929,75.090553,Rock,Rock fall,NA
1801,JK/REA/43K15/2017/1,Jammu & Kashmir,(UT),Reasi,33.268696,74.855118,Debris,Slide,NA
1802,JK/REA/43K15/2017/86,Jammu & Kashmir,(UT),Reasi,33.269972,74.94356,Debris,Slide,NA
1803,JK/KIS/43O15/2020/59,Jammu & Kashmir,(UT),Kishtwar,33.27,75.78,Rock,Slide,NA
1804,JK/KIS/43O15/2020/43,Jammu & Kashmir,(UT),Kishtwar,33.27,75.77,Rock,Slide,NA
1805,JK/KIS/52C03/2021/52,Jammu & Kashmir,(UT),Gulabgarh Gulabgarh Gulabgarh-Killar road,33.27035278,76.17381111,Debris,Slide,2020
1806,JK/RAM/43O03/2018/68,Jammu & Kashmir,(UT),Ramban,33.270584,75.080353,Rock,Rock fall,NA
1807,JK/RAM/43O03/2018/75,Jammu & Kashmir,(UT),Ramban,33.276104,75.178284,Debris,Slide,NA
1808,JK/RAM/43O03/2025/067,Jammu & Kashmir,(UT),Ramban Gool Moilla Gool Moilla village,33.279,75.004,Debris,Slide,3 September 2025
1809,PDLS/48,Jammu & Kashmir,(UT),Near Teli 6 Jammu- Srinagar National,33.2828,75.17914444,Rock,Slide,NA
1810,JK/RAM/43O03/2018/38,Jammu & Kashmir,(UT),Ramban,33.282925,75.040276,Debris,Slide,NA
1811,JK/RAM/43O03/2018/3,Jammu & Kashmir,(UT),Ramban,33.288128,75.035637,Rock,Slide,NA
1812,JK/RAM/43O03/2018/37,Jammu & Kashmir,(UT),Ramban,33.288288,75.032723,Rock,Rock fall,NA
1813,JK/RAM/43O03/2018/18,Jammu & Kashmir,(UT),Ramban,33.28894,75.043938,Debris,Slide,NA
1814,JK/REA/43K15/2017/38,Jammu & Kashmir,(UT),Reasi,33.289417,74.90689,Rock,Slide,NA
1815,JK/REA/43K15/2017/90,Jammu & Kashmir,(UT),Reasi,33.292972,74.86364,Rock,Slide,NA
1816,JK/REA/43K15/2017/91,Jammu & Kashmir,(UT),Reasi,33.293083,74.86561,Debris,Slide,NA
1817,JK/REA/43K15/2017/93,Jammu & Kashmir,(UT),Reasi,33.295472,74.88386,Rock,Rock fall,NA
1818,JK/REA/43K15/2017/95,Jammu & Kashmir,(UT),Reasi,33.298667,74.88633,Debris,Slide,NA
1819,JK/Panthial/430/17/03,Jammu & Kashmir,(UT),Ramban Panthial 19/0 Tower site Panthial,33.29889167,75.20757222,,Slide,NA
1820,JK/REA/43K15/2017/46,Jammu & Kashmir,(UT),Reasi,33.299083,74.88958,Debris,Slide,NA
1821,JK/REA/43K15/2021/106,Jammu & Kashmir,(UT),Reasi Dharmari -8 Arnas – Mahore road,33.30141944,74.83957222,Debris,Slide,2020
1822,JK/REA/43K15/2017/47,Jammu & Kashmir,(UT),Reasi,33.301611,74.87172,Rock,Rock fall,NA
1823,JK/REA/43K15/2017/82,Jammu & Kashmir,(UT),Reasi,33.302177,74.929794,Rock,Slide,NA
1824,JK/REA/43K15/2017/97,Jammu & Kashmir,(UT),Reasi,33.302833,74.87383,Rock,Rock fall,NA
1825,JK/REA/43K15/2017/48,Jammu & Kashmir,(UT),Reasi,33.303333,74.84283,Debris,Slide,NA
1826,JK/REA/43K15/2017/76,Jammu & Kashmir,(UT),Reasi,33.303818,74.928856,Rock,Slide,NA
1827,JK/REA/43K15/2017/98,Jammu & Kashmir,(UT),Reasi,33.305028,74.85094,Debris,Slide,NA
1828,JK/REA/43K15/2017/28,Jammu & Kashmir,(UT),Reasi,33.30518,74.927849,Rock,Slide,NA
1829,JK/REA/43K15/2017/100,Jammu & Kashmir,(UT),Reasi,33.305361,74.87708,Rock,Slide,NA
1830,JK/REA/43K15/2021/104,Jammu & Kashmir,(UT),Reasi Dharmari -6 Arnas – Mahore road,33.30697778,74.84444722,Rock,,2020
1831,JK/REA/43K15/2024/15,Jammu & Kashmir,(UT),Reasi Marassi Mohalla Sildhar village,33.3098,74.94183,Debris,Slide,2024
1832,JK/REA/43K15/2017/117,Jammu & Kashmir,(UT),Reasi,33.312729,74.938858,Rock,Slide,NA
1833,JK/REA/43K15/2021/102,Jammu & Kashmir,(UT),Reasi Dharmari-5 Arnas – Mahore road,33.31311389,74.84101944,Debris,Slide,2021
1834,JK/ANA/43O07/2018/10,Jammu & Kashmir,(UT),Anantnag,33.313847,75.351974,Debris,Slide,NA
1835,JK/RAM/43O03/2022/49,Jammu & Kashmir,(UT),Ramban Khooni Nala Ramban – Banihal National,33.31551944,75.1926,Rock,Slide,20 May 2022 at 22:34 hrs
1836,JK/REA/43K15/2017/103,Jammu & Kashmir,(UT),Reasi,33.316111,74.85275,Rock,Slide,NA
1837,JK/REA/43K15/2017/104,Jammu & Kashmir,(UT),Reasi,33.316472,74.85642,Rock,Slide,NA
1838,JK/ANA/43O07/2018/12,Jammu & Kashmir,(UT),Anantnag,33.316818,75.324837,Debris,Slide,NA
1839,JK/ANA/43O07/2018/9,Jammu & Kashmir,(UT),Anantnag,33.317864,75.313866,Rock,Rock fall,NA
1840,JK/ANA/43O07/2018/19,Jammu & Kashmir,(UT),Anantnag,33.318638,75.314163,Rock,Rock fall,NA
1841,JK/REA/43K15/2017/109,Jammu & Kashmir,(UT),Reasi,33.320333,74.83975,Rock,Slide,NA
1842,JK/REA/43K15/2017/110,Jammu & Kashmir,(UT),Reasi,33.320639,74.8445,Debris,Slide,NA
1843,JK/RAM/43O03/2018/121,Jammu & Kashmir,(UT),Ramban,33.322166,75.184364,Rock,Rock fall,NA
1844,JK/REA/43K15/2017/136,Jammu & Kashmir,(UT),Reasi,33.325222,74.84914,Rock,Slide,NA
1845,JK/KIS/43O15/2025/14,Jammu & Kashmir,(UT),Kishtwar Patti Morah (site-2) Pias village,33.32900278,75.96589444,Debris,Slide,18 April 2025
1846,JK/ANA/43O07/2018/18,Jammu & Kashmir,(UT),Anantnag,33.332954,75.286522,Rock,Rock fall,NA
1847,JK/KIS/43O15/2020/36,Jammu & Kashmir,(UT),Kishtwar,33.34,75.89,Rock,Slide,NA
1848,JK/KIS/43O15/2020/37,Jammu & Kashmir,(UT),Kishtwar,33.34,75.89,Debris,Slide,NA
1849,JK/KIS/43O15/2020/12,Jammu & Kashmir,(UT),Kishtwar,33.34,75.89,Rock,Rock fall,NA
1850,JK/KIS/43O15/2020/77,Jammu & Kashmir,(UT),Kishtwar,33.35,75.87,Debris,Slide,NA
1851,JK/KIS/43O15/2020/50,Jammu & Kashmir,(UT),Kishtwar,33.35,75.87,Rock,Slide,NA
1852,JK/KIS/43O15/2020/49,Jammu & Kashmir,(UT),Kishtwar,33.35,75.87,Rock,Slide,NA
1853,JK/KIS/43O11/2020/71,Jammu & Kashmir,(UT),Kishtwar,33.35,75.74,Debris,Slide,NA
1854,JK/KIS/43O15/2020/41,Jammu & Kashmir,(UT),Kishtwar,33.35,75.86,Debris,Slide,NA
1855,JK/KIS/43O15/2021/48,Jammu & Kashmir,(UT),Kwar Kwar Kishtwar-Gulabgarh road,33.35332222,75.83721944,Debris,Slide,2021
1856,JK/KIS/43O15/2020/66,Jammu & Kashmir,(UT),Kishtwar,33.36,75.81,Rock,Slide,NA
1857,JK/KIS/43O15/2020/64,Jammu & Kashmir,(UT),Kishtwar,33.36,75.85,Debris,Slide,NA
1858,JK/KIS/43O15/2020/95,Jammu & Kashmir,(UT),Kishtwar,33.36,75.81,Rock,Slide,NA
1859,JK/KIS/43O15/2020/40,Jammu & Kashmir,(UT),Kishtwar,33.36,75.86,Debris,Slide,NA
1860,JK/KIS/43O11/2020/4,Jammu & Kashmir,(UT),Kishtwar,33.36,75.73,Rock,Rock fall,NA
1861,JK/KIS/43O15/2020/67,Jammu & Kashmir,(UT),Kishtwar,33.36,75.81,Rock,Slide,NA
1862,JK/REA/43K15/2017/78,Jammu & Kashmir,(UT),Reasi,33.363285,74.7799,Rock,Slide,NA
1863,JK/KIS/43O15/2020/5,Jammu & Kashmir,(UT),Kishtwar,33.37,75.75,Rock,Slide,NA
1864,JK/KIS/43O11/2020/43,Jammu & Kashmir,(UT),Kishtwar,33.37,75.72,Rock,Slide,NA
1865,JK/KIS/43O11/2020/31,Jammu & Kashmir,(UT),Kishtwar,33.37,75.72,Rock,Slide,NA
1866,JK/KIS/43O15/2020/34,Jammu & Kashmir,(UT),Kishtwar,33.37,75.76,Rock,Slide,NA
1867,3490,Jammu & Kashmir,(UT),Rajouri NULL NULL,33.371921,74.407908,Debris,Slide,26 August 2025
1868,JK/RAM/43O03/2018/112,Jammu & Kashmir,(UT),Ramban,33.372261,75.013962,Rock,Rock fall,NA
1869,JK/KIS/43O15/2021/45,Jammu & Kashmir,(UT),Kishtwar Hunjal-2 Kishtwar – Gulabgarh road,33.37269444,75.75643889,Debris,Slide,2021
1870,JK/KIS/43O15/2021/46,Jammu & Kashmir,(UT),Kishtwar Near Dul Kishtwar-Gulabgarh road,33.37541667,75.76091389,Rock,Slide,
1871,JK/KIS/52C07/2025/054,Jammu & Kashmir,(UT),Kishtwar Chashoti (Cloudburst) Chashoti village,33.37896389,76.27893056,Debris,Debris flow,14 August 2025
1872,JK/REA/43K11/2020/1,Jammu & Kashmir,(UT),Reasi,33.38,74.72,Rock,Slide,NA
1873,JK/KIS/43O15/2020/91,Jammu & Kashmir,(UT),Kishtwar,33.38,75.77,Rock,Rock fall,NA
1874,JK/KIS/43O11/2020/47,Jammu & Kashmir,(UT),Kishtwar,33.38,75.71,Rock,Slide,NA
1875,JK/KIS/43O15/2020/35,Jammu & Kashmir,(UT),Kishtwar,33.38,75.76,Rock,Rock fall,NA
1876,JK/REA/43K15/2017/83,Jammu & Kashmir,(UT),Reasi,33.380291,74.926941,Rock,Slide,NA
1877,JK/RAM/43O03/2018/85,Jammu & Kashmir,(UT),Ramban,33.383984,75.146248,Debris,Slide,NA
1878,JK/KIS/43O11/2020/22,Jammu & Kashmir,(UT),Kishtwar,33.39,75.63,Rock,Slide,NA
1879,JK/KIS/43O11/2020/75,Jammu & Kashmir,(UT),Kishtwar,33.39,75.71,Debris,Slide,NA
1880,JK/KIS/43O11/2020/26,Jammu & Kashmir,(UT),Kishtwar,33.39,75.63,Rock,Slide,NA
1881,JK/REA/43K11/2020/2,Jammu & Kashmir,(UT),Reasi,33.39,74.72,Rock,Slide,NA
1882,JK/KIS/43O11/2020/9,Jammu & Kashmir,(UT),Kishtwar,33.39,75.63,Rock,Slide,NA
1883,JK/KIS/43O11/2020/12,Jammu & Kashmir,(UT),Kishtwar,33.39,75.64,Rock,Slide,NA
1884,JK/KIS/43O11/2020/34,Jammu & Kashmir,(UT),Kishtwar,33.39,75.64,Rock,Slide,NA
1885,JK/KIS/43O11/2020/59,Jammu & Kashmir,(UT),Kishtwar,33.39,75.64,Rock,,NA
1886,JK/REA/43K15/2017/7,Jammu & Kashmir,(UT),Reasi,33.395485,74.830978,Rock,Slide,NA
1887,JK/RAJ/43K07/2025/061,Jammu & Kashmir,(UT),Rajouri Panjnara Panjnara village,33.396917,74.4873735,,Subsidence,13 August 2025
1888,JK/REA/43K15/2017/15,Jammu & Kashmir,(UT),Reasi,33.411289,74.801971,Debris,Slide,NA
1889,JK/REA/43K15/2017/4,Jammu & Kashmir,(UT),Reasi,33.411762,74.805908,Debris,Slide,NA
1890,JK/RAM/43O03/2018/83,Jammu & Kashmir,(UT),Ramban,33.413551,75.167946,Debris,Slide,NA
1891,JK/RAM/43O03/2018/90,Jammu & Kashmir,(UT),Ramban,33.417996,75.120689,Debris,Slide,NA
1892,JK/KIS/43O11/2020/91,Jammu & Kashmir,(UT),Kishtwar,33.42,75.62,Rock,Slide,NA
1893,JK/KIS/43O11/2020/89,Jammu & Kashmir,(UT),Kishtwar,33.42,75.62,Debris,Slide,NA
1894,JK/RAM/43O03/2018/26,Jammu & Kashmir,(UT),Ramban,33.421692,75.116486,Debris,Slide,NA
1895,JK/RAM/43O03/2018/86,Jammu & Kashmir,(UT),Ramban,33.427975,75.108101,Debris,Slide,NA
1896,JK/KIS/43O11/2020/74,Jammu & Kashmir,(UT),Kishtwar,33.43,75.61,Debris,Slide,NA
1897,JK/RAM/43O03/2018/57,Jammu & Kashmir,(UT),Ramban,33.431751,75.102554,Debris,Slide,NA
1898,JK/RAM/43O03/2018/108,Jammu & Kashmir,(UT),Ramban,33.43882,75.087502,Debris,Slide,NA
1899,JK/KIS/43O11/2020/32,Jammu & Kashmir,(UT),Kishtwar,33.44,75.61,Rock,Slide,NA
1900,JK/KIS/43O11/2020/27,Jammu & Kashmir,(UT),Kishtwar,33.44,75.61,Rock,Slide,NA
1901,JK/KIS/43O11/2020/41,Jammu & Kashmir,(UT),Kishtwar,33.44,75.61,Debris,Slide,NA
1902,JK/KIS/43O11/2020/67,Jammu & Kashmir,(UT),Kishtwar,33.44,75.58,Debris,Slide,NA
1903,JK/RAM/43O03/2018/36,Jammu & Kashmir,(UT),Ramban,33.450512,75.195297,Debris,Slide,NA
1904,JK/KIS/43O11/2020/65,Jammu & Kashmir,(UT),Kishtwar,33.46,75.56,Debris,Slide,NA
1905,JK/KIS/43O11/2020/20,Jammu & Kashmir,(UT),Kishtwar,33.46,75.56,Rock,Slide,NA
1906,JK/KIS/43O10/2020/19,Jammu & Kashmir,(UT),Kishtwar,33.52,75.58,Rock,Rock fall,NA
1907,JK/KIS/43O10/2020/69,Jammu & Kashmir,(UT),Kishtwar,33.53,75.57,Debris,Slide,NA
1908,JK/KIS/43O10/2020/22,Jammu & Kashmir,(UT),Kishtwar,33.53,75.57,Rock,Slide,NA
1909,JK/KIS/43O10/2020/45,Jammu & Kashmir,(UT),Kishtwar,33.53,75.56,Debris,Slide,NA
1910,JK/KIS/43O10/2020/58,Jammu & Kashmir,(UT),Kishtwar Purtukchey,33.53,75.59,Rock,Slide,NA
1911,JK/KIS/43O10/2020/32,Jammu & Kashmir,(UT),Kishtwar,33.53,75.56,Debris,Slide,NA
1912,JK/KIS/43O10/2020/63,Jammu & Kashmir,(UT),Kishtwar,33.54,75.56,Debris,Slide,NA
1913,JK/KIS/43O10/2020/64,Jammu & Kashmir,(UT),Kishtwar,33.54,75.56,Rock,Rock fall,NA
1914,JK/ANA/43K02/2017/15,Jammu & Kashmir,(UT),Anantnag,33.545219,75.197189,Rock,Rock fall,NA
1915,JK/ANA/43K02/2017/26,Jammu & Kashmir,(UT),Anantnag,33.547167,75.19861,Rock,Rock fall,NA
1916,JK/KIS/43O10/2020/47,Jammu & Kashmir,(UT),Kishtwar,33.56,75.56,Debris,Slide,NA
1917,JK/KIS/43O10/2020/48,Jammu & Kashmir,(UT),Kishtwar,33.57,75.55,Rock,Slide,NA
1918,JK/KIS/43O10/2020/16,Jammu & Kashmir,(UT),Kishtwar,33.57,75.55,Debris,Slide,NA
1919,JK/KUL/43K14/2017/14,Jammu & Kashmir,(UT),Kulgam,33.57515,74.7547,Rock,Slide,NA
1920,JK/POO/43K06/2020/9,Jammu & Kashmir,(UT),Poonch Deera Ki Gali-1 Thannamandi-Bafliaz road,33.581625,74.363725,Debris,Subsidence,2020
1921,JK/ANA/43O06/2020/18,Jammu & Kashmir,(UT),Anantnag,33.59,75.33,Debris,,NA
1922,JK/ANA/43K02/2017/7,Jammu & Kashmir,(UT),Anantnag,33.593444,75.02253,Debris,Slide,NA
1923,JK/ANA/43K02/2017/20,Jammu & Kashmir,(UT),Anantnag,33.609917,75.08617,Debris,Slide,NA
1924,JK/ANA/43O06/2020/15,Jammu & Kashmir,(UT),Anantnag,33.61,75.42,Rock,Rock fall,NA
1925,JK/POO/43K06/2020/18,Jammu & Kashmir,(UT),Poonch Dogey-8 Bafliaz-Mughal road,33.62848889,74.46116111,Rock,Slide,2020
1926,JK/POO/43K06/2020/17,Jammu & Kashmir,(UT),Poonch Dogey-7 Bafliaz-Mughal Road,33.62848889,74.46116111,Rock,Slide,2020
1927,JK/POO/43K06/2020/13,Jammu & Kashmir,(UT),Poonch Dogey-3 Bafliaz-Mughal road,33.63314167,74.47708611,Rock,Slide,2020
1928,JK/POO/43K06/2020/12,Jammu & Kashmir,(UT),Poonch Dogey-2 Bafliaz-Mughal road,33.63435556,74.47801944,Rock,Slide,2020
1929,JK/POO/43K10/2020/6,Jammu & Kashmir,(UT),Poonch Pir Ki gali area,33.64,74.57,Debris,Slide,NA
1930,JK/ANA/43O06/2020/14,Jammu & Kashmir,(UT),Anantnag,33.64,75.32,Rock,Slide,NA
1931,JK/POO/43K10/2020/5,Jammu & Kashmir,(UT),Poonch Pir Ki gali area,33.64,74.57,Debris,Slide,NA
1932,JK/ANA/43K14/2017/7,Jammu & Kashmir,(UT),Anantnag,33.643583,74.78031,Rock,Rock fall,NA
1933,JK/POO/43K02/2025/76,Jammu & Kashmir,(UT),Poonch Kalaban Kalaban village,33.67733056,74.18461389,Debris,Slide,7 September 2025
1934,JK/POO/43K02/2020/6,Jammu & Kashmir,(UT),Poonch Manhal-3 Poonch-Rajouri road,33.68142222,74.24935278,Rock,,2020
1935,JK/POO/43K2/2025/036,Jammu & Kashmir,(UT),Poonch Shindra NH 144A,33.733629,74.205005,Debris,Slide,20 July 2025
1936,JK/POO/43K02/2020/1,Jammu & Kashmir,(UT),Poonch Bela-1 Poonch-Rajouri road,33.74345556,74.16026944,Debris,Slide,
1937,JK/BAR/43J08/2020/12,Jammu & Kashmir,(UT),Baramulla Tangmarg-Gulmarg road,34.05,74.41,Debris,Slide,NA
1938,JK/BAR/43J08/2020/15,Jammu & Kashmir,(UT),Baramulla Tangmarg-Gulmarg road,34.07,74.41,Rock,Slide,NA
1939,JK/BAR/43J08/2020/2,Jammu & Kashmir,(UT),Baramulla Sheikhpora-Khalripora area,34.14,74.44,Earth,Subsidence,NA
1940,JK/KIS/43J08/2020/16,Jammu & Kashmir,(UT),Kishtwar Heaven area,34.17,74.33,Debris,Slide,NA
1941,LA/LEH/52J04/2022/35,Jammu & Kashmir,(UT),Leh -- Durbuk-Khalsar road,34.216667,78.115833,Debris,Slide,NA
1942,JK/ANA/43N12/2022/52,Jammu & Kashmir,(UT),Anantnag Shri Amarnath Ji Shri Amarnath Ji Holy Cave,34.217219,75.504553,Debris,Debris flow,"28 July 2021, 8 July 2022"
1943,JK/GAN/43J15/2020/6,Jammu & Kashmir,(UT),Ganderbal Bawa gri road,34.27,74.91,Earth,Slide,NA
1944,LA/LEH/52J03/2022/36,Jammu & Kashmir,(UT),Leh -- Durbuk-Khalsar road,34.276944,78.058889,Rock,,NA
1945,JK/GAN/43N07/2020/4,Jammu & Kashmir,(UT),Ganderbal,34.28,75.35,Rock,Slide,NA
1946,JK/GAN/43J15/2020/10,Jammu & Kashmir,(UT),Ganderbal Keunus area,34.39,74.76,Debris,Slide,NA
1947,JK/KUP/43J07/2020/1,Jammu & Kashmir,(UT),Kupwara Kawari-Karpora area,34.44,74.28,Debris,Slide,NA
1948,JK/BAN/43J11/2020/5,Jammu & Kashmir,(UT),Bandipora Bandipora-Ahem Sharif road,34.44,74.65,Debris,Slide,NA
1949,LA/LEH/52F/11/2022/45,Jammu & Kashmir,(UT),Leh -- Khalsar,34.486348,77.699676,Rock,Slide,NA
1950,LA/LEH/52F/09/2022/42,Jammu & Kashmir,(UT),Leh -- Diskit to Panamik road,34.758333,77.555,Rock,Slide,NA
1951,KL/ERM/58B/16/2019/10,Kerala,Ernakulam,Chempankuzhi slide2 Chempankuzhi,10.02835556,76.81731111,Debris,Debris flow,2018
1952,KL/ERM/58B/08/2019/06,Kerala,Ernakulam,Chittanad slide 1 Chittanad,10.02848889,76.3865,Earth,Slide,2018
1953,KL/ERM/58B/16/2019/12,Kerala,Ernakulam,Kadambrayar subsidence Kadambrayar,10.06025833,76.75845556,Debris,Subsidence,2018
1954,KL/ERM/58B/08/2019/05,Kerala,Ernakulam,Ayyampuzha slide 2 Ayyampuzha,10.24692222,76.47715278,Debris,Debris flow,2018
1955,545,Kerala,Idukki,Kanayankavayal Kanayankavayal - Mathamba,9.51972,76.983047,Debris,Debris flow,2018
1956,544,Kerala,Idukki,Cheruvallikulam Murinjapuzha -,9.526361,76.980418,Debris,Slide,2018
1957,542,Kerala,Idukki,Murinjapuzha Murinjapuzha pocket road,9.556714,76.972888,Debris,Slide,2018
1958,81,Kerala,Idukki,65th Mile-II Kumily- Kottayam Road,9.608653,77.146307,Debris,Slide,2018
1959,80,Kerala,Idukki,65th Mile-I Kumily- Kottayam Road,9.608653,77.146307,Debris,Slide,2018
1960,79,Kerala,Idukki,66th Mile-III Kumily- Kottayam Road,9.608653,77.146307,Debris,Slide,2018
1961,77,Kerala,Idukki,66th Mile-I Kumily- Kottayam Road,9.611343,77.148419,Debris,Debris flow,2018
1962,KE/IDU/58C14/2021/11,Kerala,Idukki,"Endayar East Slide III Mukkalam P O, Endayar East",9.623611111,76.89027778,Debris,Debris flow,2021
1963,62,Kerala,Idukki,"AKG Padi, 3rd Mile Kumily- Munnar Highway",9.636032,77.163613,Debris,Slide,2018
1964,224,Kerala,Idukki,Ambalameedu Ambalameedu - Sulthaniya,9.685096342,77.05283039,Debris,Debris flow,2018
1965,KER/IDUK/53G02/2010/0004,Kerala,Idukki,Pottakalli Kattapana village,9.7005,77.1069,Debris,Slide,27 October 2010
1966,KER/IDUK/58C14/2007/0022,Kerala,Idukki,Edadumuttam 2 Elappally,9.7386,76.8754,Debris,,31 July 2005
1967,399,Kerala,Idukki,Idadu Muttam Idadu - Pullickanam road,9.743929,76.871225,Debris,Slide,2018
1968,174,Kerala,Idukki,Parakkadavu Kattapana - Puliyanmala road,9.753602864,77.13547404,,Slide,2018
1969,117,Kerala,Idukki,Asramam III Moolamattam - Kottamala road,9.758115,76.887115,Debris,Slide,2018
1970,401,Kerala,Idukki,Kumbakanam Kanjar-Pullickanam road,9.763762,76.836386,Debris,Slide,2018
1971,166,Kerala,Idukki,KSRTC Kattappana Sub Depo Idukki - Kattappana road,9.768134907,77.10829402,Debris,Slide,2018
1972,169,Kerala,Idukki,Kochuthovala Kattapana - Kochuthovala road,9.768435268,77.12828801,Debris,Slide,2018
1973,173,Kerala,Idukki,Krishnamkudi Vellayamkudi - Mulakaramedu,9.789942971,77.08532125,Debris,Slide,2018
1974,180,Kerala,Idukki,Vazhavara,9.790765,77.066116,,Subsidence,2018
1975,182,Kerala,Idukki,Vazhavara,9.794404,77.060807,Debris,,2018
1976,213,Kerala,Idukki,Naanguthotti Nanguthotty - Vazhavara road,9.794839084,77.08139674,Debris,Debris flow,2018
1977,177,Kerala,Idukki,Vazhavara,9.796795,77.067566,Debris,Subsidence,2018
1978,507,Kerala,Idukki,Third Camp Madhura - Munnar High way,9.796923,77.192568,Debris,Slide,2018
1979,503,Kerala,Idukki,Valiyathovala - Mannamkudi Pambadumpara - Valiyathovala,9.799008,77.139263,Debris,Slide,2018
1980,208,Kerala,Idukki,Anjumukku Ezhukumel - Valiyathovala road,9.806066024,77.12358836,,Slide,2018
1981,KL/IDK/58C13/2024/PDLS/24,Kerala,Idukki,Idukki-Moolamattam road slide SH-41,9.809305556,76.85438889,,Slide,2024
1982,493,Kerala,Idukki,Kawanthy Kawanthy - Erattayar road,9.809479,77.131411,Debris,Slide,2018
1983,195,Kerala,Idukki,Nellippara Nellippara - Ezhammile road,9.810211202,77.0641951,Debris,Debris flow,2018
1984,202,Kerala,Idukki,Irattayar North VI Erattayar North - Idinjamala,9.810796669,77.09984173,Debris,Slide,2018
1985,189,Kerala,Idukki,Irattayar North II Shanthigram - Irattayar north,9.810828425,77.10637625,Debris,Slide,2018
1986,197,Kerala,Idukki,Nellippara III Nellippara - Ezhammile road,9.810954929,77.05932391,Debris,Debris flow,2018
1987,191,Kerala,Idukki,Mangattupadi II Mangattupadi - Idinjamala road,9.811184305,77.09855006,Debris,Slide,2018
1988,192,Kerala,Idukki,Irattayar North III Mangattupadi - Idinjamala road,9.811205599,77.09803073,Debris,Debris flow,2018
1989,KER/IDK/58G01/2018/59,Kerala,Idukki,Kamashi Kamashi-Koottakallu Road,9.824954,77.041802,Earth,Slide,2018
1990,KER/IDK/58G01/2018/86,Kerala,Idukki,Double cutting-Kumbilikavala Double cutting-Kumbilikavala,9.82773,77.002381,Debris,Debris flow,2018
1991,KER/IDK/58G01/2018/53,Kerala,Idukki,Koottakkallu Koottakallu,9.828299,77.029682,Debris,Slide,2018
1992,499,Kerala,Idukki,Kallar Nedumkandam - Kumily road,9.828943,77.160772,Debris,Slide,2018
1993,11,Kerala,Idukki,Kunnukuzhi Thannimood- Kunnukuzhi Road,9.837212,77.173549,Debris,Slide,2018
1994,6,Kerala,Idukki,Mathaikada I Mundiyeruma-Udumbanchola,9.838144,77.18461,Debris,Debris flow,2018
1995,404,Kerala,Idukki,Methottil Poomala- Methottil Road,9.839776,76.865554,Debris,Slide,2018
1996,KER/IDK/58C13/2018/93,Kerala,Idukki,Narekkanam Idukki-Narekkanam Road,9.841728,76.990835,Debris,Slide,2018
1997,KER/IDK/58C13/2018/109,Kerala,Idukki,Mariyapuram Narekkanam-Priyadarshini Road,9.848306,76.991257,Debris,Debris flow,2018
1998,1,Kerala,Idukki,Parivathanamedu I Nedumkandam -,9.848525,77.161483,Debris,Debris flow,2018
1999,481,Kerala,Idukki,Pathuvalavu Pathuvalavu - Chinnar Road,9.849927,77.115583,Debris,Slide,2018
2000,KER/IDK/58G01/2018/62,Kerala,Idukki,Malikakkalpadi Thankamony-Pallimedu-,9.85135,77.016078,Debris,Debris flow,2018
2001,KER/IDK/58G01/2018/61,Kerala,Idukki,Malikakkalpadi Thankamony-Pallimedu-,9.851583,77.016316,Debris,Debris flow,2018
2002,KER/IDK/58C13/2018/98,Kerala,Idukki,Priyadarshinimedu Idukki-Mariyapuram Road,9.852413,76.980052,Debris,Debris flow,2018
2003,KER/IDK/58C13/2018/101,Kerala,Idukki,Idukki Idukki-Mariyapuram Road,9.853193,76.974898,Debris,Slide,2018
2004,465,Kerala,Idukki,Ottakada Nedumkandam-Munnar Road,9.853464,77.148017,Debris,Slide,2018
2005,464,Kerala,Idukki,Ottakada Nedumkandam-Munnar Road,9.855086,77.150333,Debris,Slide,2018
2006,473,Kerala,Idukki,Kattakkala Kattakkala - Kurishupara Road,9.85704,77.122966,Debris,Debris flow,2018
2007,474,Kerala,Idukki,Kattakkala Kattakkala - Kurishupara Road,9.858269,77.121561,Debris,Slide,2018
2008,KER/IDK/58C13/2018/102,Kerala,Idukki,Mariyapuram Idukki-Mariyapuram Road,9.85949,76.995536,Debris,Debris flow,2018
2009,433,Kerala,Idukki,Peringasseri Peringassery - Idukki Road,9.860248,76.861385,Debris,Slide,2018
2010,445,Kerala,Idukki,Chelakkad Malayinji- Chelakkad- Road,9.860453,76.887968,Debris,Debris flow,2018
2011,KER/IDK/58G01/2018/65,Kerala,Idukki,Karikkintholam Khethrampadi-Karikkintholam,9.860549,77.006415,Debris,Debris flow,2018
2012,426,Kerala,Idukki,Moolakkad Peringassery - Moolakkad Road,9.861544,76.865667,Debris,Slide,2018
2013,478,Kerala,Idukki,Manjapara Manjapara - Chinnar Road,9.8618,77.104758,Debris,Slide,2018
2014,KER/IDK/58C13/2018/114,Kerala,Idukki,Mariyapuram Mariyapuram-Thadiyampad,9.869023,76.983852,Debris,Debris flow,2018
2015,457,Kerala,Idukki,Kurukkanad Cheppukulam - Kurukkanad,9.872103,76.837749,Debris,Slide,2018
2016,KER/IDK/58G01/2018/44,Kerala,Idukki,"Upputhodu, Poothakuzhi city Rationkadapadi-Karikkinmedu",9.874019,77.016316,Debris,Debris flow,2018
2017,416,Kerala,Idukki,Venniyani Manjickal- Venniyani Road,9.875848,76.848728,Debris,Slide,2018
2018,413,Kerala,Idukki,Venniyani Manjickal- Nenniani Road,9.876945,76.846673,Debris,Slide,2018
2019,KER/IDK/58C13/2018/32,Kerala,Idukki,Karikkintholam Vettiyankalpadi-Eendukkalpadi,9.877649,76.981981,Debris,Debris flow,2018
2020,KER/IDK/58C13/2018/29,Kerala,Idukki,Karikkintholam South Vimalagiri-Vandipara Road,9.878081,76.986869,Debris,Slide,2018
2021,KER/IDK/58G01/2018/08,Kerala,Idukki,Upputhodu Prakash-Upputhodu Road,9.879064,77.014596,Debris,Debris flow,2018
2022,17,Kerala,Idukki,Puthukkal II Kailasapura - Mavadi Road,9.881169,77.120732,Debris,Debris flow,2018
2023,KL/IDK/58G/01/2025/PDLS/09,Kerala,Idukki,Pappanpara- Udumbanchola road,9.882615,77.187536,Debris,Slide,2025
2024,107,Kerala,Idukki,Naaluthoonu III An approach road to,9.882807,77.078393,Debris,Debris flow,2018
2025,KER/IDK/58C13/2018/33,Kerala,Idukki,Vimalagiri Chappacity-Pandippara Road,9.883083,76.980153,Debris,Slide,2018
2026,109,Kerala,Idukki,Thopramkudy II Thopramkudi - Vathukudi road,9.886582,77.052528,Debris,Slide,2018
2027,KER/IDK/58C13/2018/23,Kerala,Idukki,Vimalagiri Kochukarimban-Vimalagiri Road,9.89091,76.980355,Debris,Slide,2018
2028,KER/IDK/58C13/2018/24,Kerala,Idukki,Vimalagiri Kochukarimban-Vimalagiri Road,9.894852,76.978774,,Slide,2018
2029,110,Kerala,Idukki,Maalikkuthu Padamugam - Malikuthu road,9.895342,77.038972,Debris,Slide,2018
2030,KER/IDK/58G01/2018/221,Kerala,Idukki,Kailasam-Adikkinitty Perinjamkutty-Adikkinitty Road,9.897343,77.098639,Debris,Slide,2018
2031,46,Kerala,Idukki,Karimban Kaanam III Adimali – Kumily National,9.90698,76.965454,Debris,Debris flow,2018
2032,KER/IDK/58C13/2018/17,Kerala,Idukki,Antopuram Kochukarimban-Chelachuvadu,9.907286,76.982623,Debris,Slide,
2033,113,Kerala,Idukki,Periyar Valley XI Murickasseri - Chelachuvad,9.908188,76.976757,Debris,Slide,2018
2034,36,Kerala,Idukki,Thinkalkadu II Muniyara -Thinkalkadu Road via,9.912635,77.113277,Debris,Debris flow,2018
2035,47,Kerala,Idukki,Churuli IV Adimali – Kumily National,9.913159,76.958298,Debris,Debris flow,2018
2036,39,Kerala,Idukki,Thinkalkadu V Seethakkulam-Muniyara Road,9.914315,77.110644,Debris,Debris flow,2018
2037,41,Kerala,Idukki,Thinkalkadu VII Mannakudi - Muniyara Road,9.914739,77.109325,Debris,Debris flow,2018
2038,KER/IDK/58G01/2018/219,Kerala,Idukki,Chinnar Nirappu-1 Irumalakappu-Chempakapara,9.915213,77.051721,Debris,Slide,2018
2039,87,Kerala,Idukki,Rajapuram Murickasseri -Keerithodu road,9.923592778,76.98260278,Debris,Debris flow,2018
2040,KER/IDK/58G01/2018/187,Kerala,Idukki,Panikkankudi-Parur City Panikkankudy-Kattapana Road,9.92413,77.06433,Debris,Slide,2018
2041,KER/IDK/58G01/2018/236,Kerala,Idukki,Chinnar Manguwa-Chinnar Road,9.925141,77.009453,Debris,Debris flow,2018
2042,27,Kerala,Idukki,Mavara City - III Kuthungal - Mavara City Road,9.926536,77.126202,Debris,Debris flow,2018
2043,KER/IDK/58G01/2018/148,Kerala,Idukki,Thellithodu Kambilikandom-Chinnar Road,9.926759,77.01703,Debris,Slide,2018
2044,25,Kerala,Idukki,Mavara City -I Sleebamala- Aattupara Road,9.928599,77.121639,Debris,Debris flow,2018
2045,78,Kerala,Idukki,Edakkad III Chelachuvadu - Kathipara road,9.930246,76.953367,Debris,Slide,2018
2046,KER/IDK/58G01/2018/167,Kerala,Idukki,Kurushukuthi Inchathotti-Kurushukuthi Road,9.930746,77.004874,Debris,Slide,2018
2047,KER/IDK/58G01/2018/208,Kerala,Idukki,Muniyara Muniyara-Kombodinjal Road,9.931424,77.073147,Debris,Slide,2018
2048,KER/IDK/58C13/2018/235,Kerala,Idukki,Manguva Manguwa-Kurushukuthi Road,9.931993,76.994424,Debris,Slide,2018
2049,52,Kerala,Idukki,Churulipathal Churuli - Kanjikuzhy road,9.932914,76.9438,Debris,Debris flow,2018
2050,KER/IDK/58G01/2018/201,Kerala,Idukki,Panniyar Nirappu Panniyar Nirappu-ADC Padi,9.933626,77.0839,Debris,Slide,2018
2051,KER/IDK/58G01/2018/196,Kerala,Idukki,Muniyara Muniyara-Kombodinjal Road,9.934642,77.070259,Debris,Subsidence,2018
2052,93,Kerala,Idukki,Periyar Valley VIII Periyarvalley - Pallikudam city,9.935633889,76.97486139,Debris,Debris flow,2018
2053,KER/IDK/58G01/2018/200,Kerala,Idukki,Panniyar Nirappu Muniyara-Panniyar Nirappu-,9.93704,77.082937,Debris,Debris flow,2018
2054,85,Kerala,Idukki,Keerithode Unmetalled road towards the,9.937797222,76.96202222,,Subsidence,2018
2055,522,Kerala,Idukki,Panniyarkuthu Kuthunkal - Rajakkad road,9.93918,77.106391,Debris,Debris flow,2018
2056,53,Kerala,Idukki,Churulipathal I Churuli - Kanjikuzhy road,9.940399,76.93293,Debris,Slide,2018
2057,460,Kerala,Idukki,Keerithode Keerithode - Punnayar road,9.942178,76.95499,Debris,Debris flow,2018
2058,KER/IDK/58G01/2018/232,Kerala,Idukki,Kambilikandom Kambilikandom-Panamkutty,9.943964,77.005948,Debris,Slide,2018
2059,KL/IDK/58C13/2024/PDLS/23,Kerala,Idukki,Anachal-Idukki road slide 2 SH-41,9.945308333,76.97888611,Debris,Slide,2024
2060,60,Kerala,Idukki,Punnayar IV Thallakanam - Pallipadi road,9.953476,76.942736,Debris,Debris flow,2018
2061,KER/IDK/58C13/2018/145,Kerala,Idukki,Nediyanithandu Mukkudam-Panamkutty Road,9.954549,76.998518,Debris,Debris flow,2018
2062,523,Kerala,Idukki,Rajakumari bridge Mangathotty - Rajakumari,9.95547,77.148699,Debris,Slide,2018
2063,529,Kerala,Idukki,Panniyarkutty Adimali - Rajakkad road,9.957552,77.078162,Debris,Slide,2018
2064,KER/IDK/58G01/2018/122,Kerala,Idukki,Koyikkalpadi 5th Mile-Konnathady-,9.958272,77.015226,Debris,Slide,2018
2065,516,Kerala,Idukki,Kanakappuzha Kanakapuzha - NR city,9.959079,77.129877,Debris,Slide,2018
2066,KER/IDK/58G01/2018/230,Kerala,Idukki,Muthirapuzha Muthirapuzha-Vallakadavu,9.967911,77.020629,Debris,Slide,2018
2067,532,Kerala,Idukki,Kulatharakkuzhi Rajakkad - Adimali road,9.968324,77.062493,Debris,Slide,2018
2068,KER/IDK/58G01/2018/212,Kerala,Idukki,Nadukani-1 Nadukani-Kachirapadi Road,9.970723,77.054675,Debris,Debris flow,2018
2069,KER/IDK/58G01/2018/211,Kerala,Idukki,Nadukani Nadukani-Kachirapadi Road,9.970993,77.054832,Debris,Debris flow,2018
2070,31,Kerala,Idukki,Thattekallu I Chelachuvadu – Thodupuzha,9.971438889,76.89408056,Debris,Slide,2018
2071,KER/IDK/58G01/2018/241,Kerala,Idukki,Vellathooval Vellathooval-Rajakkad Road,9.971985,77.030018,Debris,Slide,2018
2072,KER/IDK/58G01/2018/229,Kerala,Idukki,Vimalacity Vimalacity-Vellathooval-,9.972498,77.028973,Debris,Slide,2018
2073,373,Kerala,Idukki,Ozhukkacity Kallarkutty - Ozhukacity road,9.977168,76.998054,Debris,Slide,2018
2074,371,Kerala,Idukki,South Kathipara South Kathipara - Kaithachal,9.979444,76.986111,Debris,Slide,2018
2075,385,Kerala,Idukki,Pipeline Vellathooval - Pipeline road,9.979716,77.034088,Debris,Slide,2018
2076,346,Kerala,Idukki,Kallarkutty Adimali - Idukki highway,9.980202,77.000142,Debris,,2018
2077,KL/IDK/58G01/2024/PDLS/22,Kerala,Idukki,Anachal-Idukki road slide NH-185,9.980333333,77.03036111,,Slide,2024
2078,58,Kerala,Idukki,Kumbhappara -III Kumbhapara - Khjanappara,9.98176,77.132331,Debris,Slide,2018
2079,353,Kerala,Idukki,Kathipara Adimali - Idukki highway,9.982213,76.99182,Debris,Slide,2018
2080,141,Kerala,Idukki,Ayyappanpara Vellakkayam - Pattekkudi road,9.982850167,76.85154431,Debris,Slide,2018
2081,154,Kerala,Idukki,Balannaadu II Balannaadu - Blathikavala road,9.983003843,76.84665713,Debris,Debris flow,2018
2082,164,Kerala,Idukki,Mundanmudi,9.983651,76.835881,Debris,Slide,2018
2083,360,Kerala,Idukki,Near SH Convent Kallarkutty Kallarkutty SH convent - LP,9.983732,77.005334,Debris,Slide,2018
2084,155,Kerala,Idukki,Balannaadu III Balannaadu - Blathikavala road,9.984947566,76.84500833,Debris,Slide,2018
2085,18,Kerala,Idukki,Thattekanni VIII Ernakulam – Kumily Road,9.985438889,76.91070833,Debris,Slide,2018
2086,267,Kerala,Idukki,Chinnaparakkudi Adimali - Chinnaprarkkudi road,9.998928,76.942668,Debris,Slide,2018
2087,342,Kerala,Idukki,Maankadavu Anaviratty - Mankadavu road,10.00053,77.00944,Debris,Slide,2018
2088,341,Kerala,Idukki,Maankadavu Anaviratty - Mankadavu road,10.000774,77.007892,Debris,Slide,2018
2089,339,Kerala,Idukki,Odakkacity Koompanpara - Mankadavu,10.002694,76.998237,Debris,Slide,2018
2090,337,Kerala,Idukki,Odakkacity Koompanpara - Odakacity road,10.005418,76.991651,Debris,Subsidence,2018
2091,KL/IDU/58B16/2019/432,Kerala,Idukki,Mankulam Adimali-Rajakkad road,10.01,76.96,Debris,Slide,2018
2092,KL/IDU/58F04/2019/520,Kerala,Idukki,Thalumkandam Muttukadu-Vathukappu road,10.01,77.16,Debris,Slide,2018
2093,357,Kerala,Idukki,"Viyyat Power Ltd., Iruttukanam Viyyat Power Ltd., Iruttukanam",10.011209,77.00884,Debris,Slide,2018
2094,296,Kerala,Idukki,Koompanpara Adimali - Munnar NH,10.011409,76.979942,Debris,Slide,2018
2095,245,Kerala,Idukki,Adimali Library Road Adimali - Library road,10.011862,76.964605,Debris,Slide,2018
2096,320,Kerala,Idukki,Anaviratty Adimali - Munnar highway,10.017266,76.984647,Debris,,2018
2097,331,Kerala,Idukki,Anaviratty Adimali - Munnar highway,10.017696,76.99438,,Slide,2018
2098,330,Kerala,Idukki,60th Mile Adimali - Munnar highway,10.018154,77.009831,Debris,Slide,2018
2099,KL/IDU/58F04/2019/517,Kerala,Idukki,Near Pallivasal Kunjithanni-Pottankadu road,10.02,77.08,Debris,Slide,NA
2100,KL/IDU/58B16/2019/413,Kerala,Idukki,Mankulam Kunjithanni-Muttanmudi road,10.02,77.06,Debris,Slide,NA
2101,260,Kerala,Idukki,Pettimudi Pettimudi - Koompanpara road,10.022125,76.970194,Debris,Slide,2018
2102,261,Kerala,Idukki,Pettimudi Pettimudi - Koompanpara -,10.022568,76.960903,Debris,Debris flow,2018
2103,257,Kerala,Idukki,Pettimudi Kallar - Koopanpara road,10.024074,76.976863,Debris,Debris flow,2018
2104,231,Kerala,Idukki,Machiplavu Machiplavu -,10.024114,76.914381,Debris,Slide,2018
2105,329,Kerala,Idukki,60th Mile Adimali - Munnar highway,10.024591,76.9962,Debris,Slide,2018
2106,KER/IDUK/58F04/2007/0029,Kerala,Idukki,Muthanmudi Pallivasal,10.0262,77.0635,Debris,,01 July 2007 (04:30 hrs)
2107,326,Kerala,Idukki,Kallar Adimali - Munnar highway,10.028027,76.98991,Debris,Slide,2018
2108,229,Kerala,Idukki,Pathinalam Mile V Arakkapadi - Thumbipara road,10.029819,76.90015,,Slide,2018
2109,KL/IDU/58F04/2019/349,Kerala,Idukki,Aanachal Anachal-moonnar road,10.03,77.04,Debris,Slide,NA
2110,KL/IDU/58F04/2019/417,Kerala,Idukki,Aaram mile Kunjithanni-Muttanmudi road,10.03,77.06,Debris,Slide,NA
2111,KL/IDU/58B16/2019/419,Kerala,Idukki,Chikkanad kudi Adimali-Chattuparakkudi road,10.03,76.94,Debris,Slide,2018
2112,KL/IDU/58B16/2019/403,Kerala,Idukki,Aanachal Mannankandam- Kallar road,10.03,76.98,Debris,Slide,2018
2113,226,Kerala,Idukki,Pathinalam Mile II Arakkapadi - Thumbipara road,10.0309,76.900786,Debris,Debris flow,2018
2114,KL/IDU/58B16/2019/422,Kerala,Idukki,Aaram mile Adimali-Plamala road,10.04,76.95,Debris,Slide,2018
2115,KER/IDK/58B16/2018/08,Kerala,Idukki,Valara Valara-Vadakkechal road (By,10.0455,76.8472,Rock,Rock fall,
2116,325,Kerala,Idukki,Plamala,10.04814,76.945716,Debris,Slide,2018
2117,KL/IDU/58F04/2019/637,Kerala,Idukki,Aanachal Estate road,10.05,77.12,Debris,Slide,NA
2118,KL/IDU/58B16/2019/475,Kerala,Idukki,Aanachal Chillithodu-padikkappu road,10.05,76.87,Debris,Slide,2018
2119,KL/IDU/58F04/2019/386,Kerala,Idukki,Aaram mile Pallivasal,10.05,77.05,Debris,Debris flow,2018
2120,KL/IDK/58F/04/2025/PDLS/05,Kerala,Idukki,Toll Plaza NH-85,10.0552,77.1071,,,2024
2121,KL/IDU/58F04/2019/489,Kerala,Idukki,Aaram mile Viripara-Munnar road,10.06,77.01,Debris,Slide,2018
2122,KL/IDU/58B16/2019/447,Kerala,Idukki,Thalumkandam Machiplavu-Plamala road,10.06,76.94,Debris,Slide,2018
2123,KL/IDU/58F04/2019/624,Kerala,Idukki,Aanakkulam Devikulam-Old devikulam road,10.06,77.13,Debris,Slide,2018
2124,KL/IDU/58F04/2019/337,Kerala,Idukki,Near Pallivasal Adimali Munnar Highway,10.06,77.06,Debris,Slide,NA
2125,KL/IDU/58F04/2019/488,Kerala,Idukki,Seval kudi Viripara-Munnar road,10.06,77.01,Debris,Slide,2018
2126,KL/IDU/58B16/2019/440,Kerala,Idukki,Aaram mile kallar-Anakkulam road,10.06,76.96,Debris,Slide,2018
2127,283,Kerala,Idukki,Jnavalpparakkudi Peechad - Plamalakudi road,10.063173,76.931832,Debris,Slide,2018
2128,KL/IDK/58F/04/2025/PDLS/02,Kerala,Idukki,Devikulam NH-85,10.064476,77.101915,,,2018
2129,KL/IDU/58F04/2019/621,Kerala,Idukki,Seval kudi Estate road,10.07,77.07,Debris,Slide,NA
2130,KL/IDU/58F04/2019/616,Kerala,Idukki,Aaram mile Potamedu-Vattakad road,10.07,77.07,Debris,Slide,NA
2131,KL/IDU/58F04/2019/379,Kerala,Idukki,Perumbamkoottu Estate road,10.07,77.03,Debris,Slide,NA
2132,KL/IDU/58F04/2019/487,Kerala,Idukki,Perumbamkoottu Viripara-Munnar road,10.07,77.01,Debris,Slide,2019
2133,KL/IDU/58F04/2019/603,Kerala,Idukki,Seval kudi Estate road,10.07,77.16,Debris,Debris flow,NA
2134,KL/IDU/58F04/2019/385,Kerala,Idukki,Aanachal Estate road,10.07,77.01,Debris,Slide,NA
2135,KL/IDU/58F04/2019/613,Kerala,Idukki,Perumbamkoottu Potamedu-Vattakad road,10.07,77.07,Debris,Slide,NA
2136,KL/IDU/58F04/2019/501,Kerala,Idukki,Thalumkandam Munnar-Tea estate,10.07,77.05,Debris,Debris flow,2019
2137,KL/IDU/58F04/2019/604,Kerala,Idukki,Aanakkulam Estate road,10.07,77.16,Debris,Debris flow,NA
2138,KL/IDU/58F04/2019/381,Kerala,Idukki,Aaram mile Estate road,10.07,77.02,Debris,Slide,NA
2139,KL/IDU/58F04/2019/358,Kerala,Idukki,Thalumkandam Estate road,10.07,77.04,Debris,Slide,NA
2140,KL/IDU/58F04/2019/362,Kerala,Idukki,Seval kudi Estate road,10.08,77.04,Debris,Slide,NA
2141,KL/IDU/58F04/2019/617,Kerala,Idukki,Chikkanad kudi Potamedu-Vattakad road,10.08,77.08,Debris,Slide,NA
2142,KL/IDU/58F04/2019/505,Kerala,Idukki,Perumbamkoottu NH 49,10.08,77.08,Debris,Slide,NA
2143,KL/IDU/58F04/2019/550,Kerala,Idukki,Aanakkulam Grahamsland estate road,10.08,77.08,Debris,Slide,NA
2144,KL/IDU/58F04/2019/359,Kerala,Idukki,Mankulam Estate road,10.08,77.04,Debris,Slide,NA
2145,310,Kerala,Idukki,Virippara Kallar - Mankulam road,10.081212,76.950995,Debris,Slide,2018
2146,KL/IDK/58F04/2024/PDLS/19,Kerala,Idukki,Munnar road slide 7 SH-19,10.08408333,77.07844444,,Slide,2024
2147,KL/IDK/58F/04/2025/PDLS/03,Kerala,Idukki,Munnar Shop slide Near Munnar town (NH-85),10.0842,77.0608,Debris,Slide,2025
2148,KL/IDU/58F04/2019/776,Kerala,Idukki,Seval kudi Estate road,10.09,77.05,Debris,Slide,NA
2149,KL/IDU/58F04/2019/547,Kerala,Idukki,Aanachal Grahamsland estate road,10.09,77.07,Debris,Debris flow,NA
2150,KL/IDU/58F04/2019/546,Kerala,Idukki,Parakudi Grahamsland estate road,10.09,77.07,Debris,Slide,NA
2151,KL/IDU/58F04/2019/560,Kerala,Idukki,Seval kudi Grahamsland estate-Mattupatti,10.09,77.11,Debris,Slide,NA
2152,KL/IDU/58F04/2019/687,Kerala,Idukki,Aaram mile Munnar colony road,10.09,77.07,Debris,Slide,NA
2153,KL/IDU/58F04/2019/608,Kerala,Idukki,Chithirapuram Mattupatti-Mannamala road,10.09,77.17,Debris,Slide,NA
2154,KL/IDU/58F04/2019/556,Kerala,Idukki,Thalumkandam Grahamsland estate road,10.09,77.09,Debris,Slide,NA
2155,308,Kerala,Idukki,Pambukkayam Thalukandam - Sukumarankada,10.098874,76.928149,Debris,Slide,2018
2156,307,Kerala,Idukki,Thalumkandam Mankulam - Thalumkandam,10.105038,76.919146,Debris,,2018
2157,KL/IDU/58F04/2019/580,Kerala,Idukki,Aaram mile Mattupatti-Mannamala road,10.11,77.15,Debris,Slide,NA
2158,KL/IDU/58F04/2019/566,Kerala,Idukki,Aaram mile Mattupatti,10.11,77.13,Debris,Slide,NA
2159,KL/IDU/58F04/2019/555,Kerala,Idukki,Thalumkandam Mattupatti,10.11,77.13,Debris,Slide,NA
2160,KL/IDU/58F04/2019/575,Kerala,Idukki,Mankulam Estate road,10.11,77.16,Debris,Slide,NA
2161,KL/IDU/58F04/2019/629,Kerala,Idukki,Mankulam Estate road,10.11,77.06,Debris,Slide,NA
2162,KL/IDU/58B16/2019/339,Kerala,Idukki,Thalumkandam Kallar-Mankulam road,10.11,76.93,Debris,Slide,2018
2163,KL/IDU/58F04/2019/584,Kerala,Idukki,Aaram mile Mattupatti-Mannamala road,10.11,77.15,Debris,Slide,NA
2164,KL/IDU/58F04/2019/666,Kerala,Idukki,Mankulam Munnar-Marayur Highway,10.11,77.06,Debris,Debris flow,NA
2165,KL/IDU/58B16/2019/341,Kerala,Idukki,Mankulam Mankulam-Anakkulam road,10.12,76.93,Debris,Slide,2019
2166,KL/IDU/58F04/2019/572,Kerala,Idukki,Chithirapuram Estate road,10.12,77.17,Debris,Debris flow,NA
2167,299,Kerala,Idukki,Perunkuthu Nellipadi - Aram mile road,10.128558,76.931656,Debris,Slide,2018
2168,KL/IDU/58F04/2019/650,Kerala,Idukki,Seval kudi Estate road,10.13,77.04,Debris,Slide,NA
2169,KL/IDU/58F04/2019/659,Kerala,Idukki,Aanakkulam Estate road,10.13,77.04,Debris,Slide,NA
2170,KL/IDU/58F04/2019/664,Kerala,Idukki,Thalumkandam Munnar-Marayur Highway,10.13,77.06,Debris,Slide,NA
2171,KL/IDU/58F04/2019/652,Kerala,Idukki,Aaram mile Estate road,10.13,77.05,Debris,Slide,NA
2172,KL/IDU/58B16/2019/347,Kerala,Idukki,Chikkanad kudi Perumbankoottu-Aaram mile,10.13,76.95,Debris,Slide,2019
2173,KL/IDU/58F04/2019/663,Kerala,Idukki,Thalumkandam Munnar-Marayur Highway,10.13,77.06,Debris,Slide,NA
2174,KL/IDU/58F04/2019/678,Kerala,Idukki,Aanakkulam Mattupatti-kundala road,10.14,77.19,Debris,Slide,2019
2175,KL/IDU/58B16/2019/355,Kerala,Idukki,Near Pallivasal Anakkulam-Perumbankoottu,10.14,76.91,Debris,Slide,2019
2176,KL/IDU/58B16/2019/343,Kerala,Idukki,Perumbamkoottu Mankulam-Anakkulam road,10.14,76.92,Debris,Slide,2019
2177,KL/IDU/58F04/2019/675,Kerala,Idukki,Seval kudi Mattupatti-kundala road,10.14,77.18,Debris,Slide,2019
2178,KL/IDU/58B16/2019/354,Kerala,Idukki,Aanakkulam Anakkulam-Perumbankoottu,10.15,76.91,Debris,Slide,NA
2179,KL/IDU/58F04/2019/775,Kerala,Idukki,Perumbamkoottu Estate road,10.15,77.05,Earth,Subsidence,NA
2180,KL/IDU/58F04/2019/693,Kerala,Idukki,Seval kudi Muunnar-Marayur highway,10.15,77.08,Debris,Slide,NA
2181,KL/IDU/58F04/2019/699,Kerala,Idukki,Thalumkandam Muunnar-Marayur highway,10.15,77.11,Debris,Slide,NA
2182,KL/IDU/58B16/2019/352,Kerala,Idukki,Aanakkulam Mankulam-Anakkulam road,10.16,76.91,Debris,Slide,2019
2183,KL/IDU/58F04/2019/719,Kerala,Idukki,Mankulam Silavar,10.19,77.24,Debris,Slide,NA
2184,KL/IDU/58F04/2019/588,Kerala,Idukki,Aanakkulam Kanthallur road,10.21,77.19,Debris,Slide,NA
2185,KRL/KAN/48P12/2016/87,Kerala,Kannur,Palchuram Palchuram-Boys town rd,11.843739,75.916814,Debris,Slide,NA
2186,KRL/KAN/48P12/2016/85,Kerala,Kannur,Nedumpoyil-Mananthavady Rd Nedumpoyii-Mananthavady Rd,11.850106,75.797714,Debris,Slide,NA
2187,KER/KANN/49M13/2007/0054,Kerala,Kannur,Chappamala landslip/slump,11.8502,75.8592,Debris,Slide,16 July 2007 (02:30 hrs)
2188,KRL/KAN/48P12/2016/82,Kerala,Kannur,Palchuram Kottiyoor-Boys town Rd,11.850508,75.907461,Debris,Slide,1995
2189,KRL/KNR/49M13/2018/014,Kerala,Kannur,Chappamala debris flow Kottiyoor,11.85291389,75.85624722,Debris,Debris flow,
2190,KRL/KAN/48P12/2016/31,Kerala,Kannur,Near 28th Mile,11.853167,75.785297,Debris,Slide,2014
2191,KRL/KAN/48P12/2016/30,Kerala,Kannur,Kolattayi,11.855917,75.675744,Debris,Slide,NA
2192,KRL/KAN/48P12/2016/62,Kerala,Kannur,Malayampadi,11.867225,75.793769,Debris,Slide,2014
2193,KRL/KAN/48P12/2016/61,Kerala,Kannur,Puvathinchola,11.887533,75.804572,Debris,Slide,NA
2194,KER/KANN/48P16/2007/0052,Kerala,Kannur,Santhigiri,11.9106,75.861,Debris,,17 July 2007 (02:30 hrs)
2195,KRL/KAN/48P12/2016/88,Kerala,Kannur,Ventekkumchal-Santigiri Rd Ventekkumchal-Santigiri Rd,11.915508,75.836161,Debris,Slide,2014
2196,KRL/KAN/48P12/2016/123,Kerala,Kannur,Vattapara-Thondikkulam Vattapara-Thondikkulam,12.004511,75.612503,Debris,Debris flow,NA
2197,KRL/KAN/48P12/2016/108,Kerala,Kannur,Malapottu Vallithodu-Kunnothuparambu,12.034658,75.701978,Debris,Slide,1999
2198,KER/KANN/48P16/2007/0049,Kerala,Kannur,Parakkamala_1 Ayyankunnu,12.0643,75.7608,Debris,Slide,16 July 2007 (19:00 hrs)
2199,KRL/KAN/48P12/2016/109,Kerala,Kannur,Koottupuzha Kannur-Virajpet Rd,12.068303,75.718081,Debris,Slide,NA
2200,KRL/KAN/48P12/2016/25,Kerala,Kannur,Udeshikunnu,12.091031,75.705178,Debris,Debris flow,2016
2201,KRL/KNR/48P12/2018/004,Kerala,Kannur,Kalanki rock-cum-debris topple Vayathur,12.09855556,75.69021667,Debris,,
2202,KRL/KAN/48P12/2016/15,Kerala,Kannur,Narukumcheeta Chandanakkampara-,12.120367,75.616419,Debris,Slide,2004
2203,KRL/KAN/48P12/2016/35,Kerala,Kannur,Tellikkavala Valia Arecamala -Vanchiyam,12.136206,75.585089,Debris,Debris flow,2001
2204,KRL/KAN/48P12/2016/21,Kerala,Kannur,Vanchiyam Mala Vanchiyam - Arekamala Road,12.138544,75.588086,Debris,Debris flow,1996
2205,KRL/KAN/48P12/2016/49,Kerala,Kannur,Karamaramthattu-2 Nulittumala-Karamaramthattu,12.182444,75.513872,Debris,Debris flow,2016
2206,KRL/KOL/58H01/2015/35,Kerala,Kollam,Near Umi Ar Thenmala Village,8.832028,77.190336,Debris,Slide,1992
2207,KRL/KOL/58H01/2015/24,Kerala,Kollam,Thenmala near 13 Tonnes Bridge Thenmala Village,8.965528,77.090472,Debris,Debris flow,1992
2208,KRL/KOL/58H01/2015/38,Kerala,Kollam,Chenkottai Kollam metergauge Thenmala Village,8.968028,77.13825,Debris,Debris flow,1984
2209,KRL/Kollam/58G04/2016-17/13,Kerala,Kollam,Chemmannutti Debris Flow -2 Chemmannuntti village,9.019408,77.049903,Debris,Debris flow,1992
2210,KRL/Kollam/58G04/2016-17/09,Kerala,Kollam,Ambanad Debris Slide Ambanad tea estate,9.031964,77.102208,Debris,Slide,NA
2211,KL/KTM/58C/14/2018/1,Kerala,Kottayam,Vazhathara Granite Quarry Slide Kodunga,9.648758333,76.88862222,Debris,Debris flow,2018
2212,KL/KTM/58C/14/2018/7,Kerala,Kottayam,Melethadam slide 3 Melethadam,9.656433333,76.90389167,Debris,Debris flow,2018
2213,KL/KTM/58C/14/2018/18,Kerala,Kottayam,Melethadam slide 6 Melethadam,9.65845,76.90136944,Debris,Slide,2018
2214,KL/KTM/58C/14/2018/16,Kerala,Kottayam,Melethadam slide 4 Njerkkadu,9.659355556,76.89671944,Debris,Slide,2018
2215,KRL/KTM/PDS/2024/01,Kerala,Kottayam,Madappara-Chokkallu slide Wagamon-Teekoy road,9.691,76.8251,Debris,Debris flow,2024
2216,KL/KTM/58C/14/2018/22,Kerala,Kottayam,Attikalam debris flow Attikalam,9.707702778,76.88578611,Debris,Debris flow,2018
2217,KL/KTM/58C/14/2018/28,Kerala,Kottayam,Chonamala - Mel Adukkam cut slope Road from Chonamala to Mel,9.731683333,76.821975,Debris,Slide,2018
2218,KL/KTM/58C/14/2018/29,Kerala,Kottayam,Chonamala debris flow Chonamala,9.733877778,76.82231111,Debris,Debris flow,2018
2219,KRL/KZH/58A/3/2018/30,Kerala,Kozhikode,Mysorepeta_2 Kumaranalur,11.300098,76.056775,Debris,Slide,2018
2220,KRL/ KKD/58A/3/2018/36,Kerala,Kozhikode,Maranchatti slide Kumaranalum,11.30941,76.04953,Debris,Debris flow,2018
2221,KER/KOZH/58A03/2007/0005,Kerala,Kozhikode,Thottumukkam Kumaranallur,11.3114,76.0335,Debris,,17 July 2007 (01:30 hrs)
2222,KRL/KOZ/54A03/2015/83,Kerala,Kozhikode,Koodaranji Village Anakkalupara-Akampuzha Road,11.326111,76.075639,Debris,Debris flow,NA
2223,KRL/KZH/58C/14/2018/4,Kerala,Kozhikode,Thalakkad slide Thalakkad,11.331245,76.100913,Debris,Slide,2018
2224,KRL/KOZ/54A03/2015/74,Kerala,Kozhikode,Pullipadam Village Nilambur Road,11.338389,76.129556,Debris,Slide,NA
2225,KRL/KKD/58A/03/19/16,Kerala,Kozhikode,Panackachal_1 Panackachal,11.354191,76.058962,Debris,Flow,2018
2226,KRL/KOZ/54A03/2015/29,Kerala,Kozhikode,Elinjikkal Thiruvambady-Kodencheri Road,11.383336,76.014775,Earth,Slide,NA
2227,KRL/KKD/58A/03/19/13,Kerala,Kozhikode,Kallanpullu Poovaranthode,11.392986,76.077699,Debris,Slide,2018
2228,KRL/KOZ/54A03/2015/12,Kerala,Kozhikode,Thampurankoli Kuliramutti-Thampurankoli,11.397517,76.081975,Debris,Slide,2015
2229,KRL/KOZ/54A03/2015/26,Kerala,Kozhikode,Cherrusseri Nellipoil-Pullurampara Road,11.422892,76.060725,Debris,Slide,NA
2230,KRL/KOZ/54A03/2015/38,Kerala,Kozhikode,Pottenkode Chembukadavu-Adivaram Road,11.424114,76.036125,Debris,Slide,NA
2231,KER/KKD/49M15/2018/15,Kerala,Kozhikode,Theyyapara Landslide Kodencheri – Theyyapara road,11.4337,75.9931,Debris,Slide,
2232,KRL/KOZ/54A03/2015/33,Kerala,Kozhikode,Puliyilakkattupadi Nellipoil-Thusharagiri Road,11.458361,76.063011,Debris,Slide,2015
2233,KRL/KKD/58A/03/19/39,Kerala,Kozhikode,Kumbalaparal_2 Kumbalapara,11.495,76.22874,Rock,Slide,2018
2234,KER/KKD/49M15/2018/12,Kerala,Kozhikode,Kurumpoyil Landslide Kurumpoyil - Vayalada road,11.4978,75.8647,Debris,Debris flow,2018
2235,KRL/KOZ/58A02/2015/61,Kerala,Kozhikode,Valliyad Kaithapoil-Valliyad-Manalvayal,11.501625,76.004372,Debris,Slide,2008
2236,KRL/KOZ/58A02/2015/59,Kerala,Kozhikode,Moopankuzhi Kaithapoil-Valliyad-Manalvayal,11.503183,76.006814,Debris,Slide,1982
2237,KRL/KOZ/54M14/2015/218,Kerala,Kozhikode,Kilikudikki Koorachundu-Kakkayam Road,11.518705,75.877626,Debris,Debris flow,2007
2238,KRL/KOZ/54M14/2015/122,Kerala,Kozhikode,28th mile periyamala Thalayad-Kakkayam Road,11.526944,75.890556,Debris,Debris flow,2008
2239,KRL/KOZ/54M14/2015/127,Kerala,Kozhikode,Vattachira ponodumala Koorachundu-Kakkayam Road,11.529722,75.876111,Debris,Slide,2014
2240,KRL/KOZ/54M14/2015/172,Kerala,Kozhikode,Kuttali rubber plantation Kakkayam Road,11.539167,75.905278,Debris,Slide,2014
2241,KRL/KOZ/54M14/2015/213,Kerala,Kozhikode,Kakkayam Kakkayam Road,11.549444,75.896111,Debris,Fall,NA
2242,KRL/KOZ/54M14/2015/165,Kerala,Kozhikode,Kakkayam hairpin Kakkayam Road,11.563889,75.899722,Debris,Slide,NA
2243,KRL/KOZ/54M14/2015/104,Kerala,Kozhikode,Chembanode SH54,11.6275,75.817222,Debris,Slide,NA
2244,KRL/KOZ/54M14/2015/197,Kerala,Kozhikode,Randajali puzha SH54,11.636389,75.870833,Debris,Slide,NA
2245,KRL/KOZ/54M14/2015/133,Kerala,Kozhikode,Ekkal SH54,11.647222,75.847778,Debris,Debris flow,1984
2246,KRL/KOZ/54M14/2015/89,Kerala,Kozhikode,Pambukodu Pasukkadavu Road,11.664722,75.843611,Debris,Debris flow,2009
2247,KRL/KOZ/54M14/2015/105,Kerala,Kozhikode,Vattippana Pasukkadavu Road,11.666667,75.833611,Debris,Debris flow,1984
2248,KRL/KOZ/54M14/2015/208,Kerala,Kozhikode,Chattankottunada Kayalvattam Road,11.6925,75.806389,Debris,Slide,2014
2249,KRL/KOZ/54M14/2015/107,Kerala,Kozhikode,Chathanamkotunada SH54,11.696944,75.8075,Debris,Debris flow,1984
2250,KRL/KOZ/54M14/2015/211,Kerala,Kozhikode,Karingad SH54,11.704444,75.788438,Debris,Slide,1995
2251,KRL/KOZ/54M14/2015/115,Kerala,Kozhikode,Edathakunnu Kayalvattam Road,11.705823,75.830149,Debris,Debris flow,1984
2252,KRL/KOZ/54M14/2015/175,Kerala,Kozhikode,Mundyod mala Moonam Kai-Karingad Road,11.706389,75.761111,Debris,Debris flow,NA
2253,KRL/KOZ/54M14/2015/209,Kerala,Kozhikode,Puthampara SH54,11.711389,75.798611,Debris,Slide,2008
2254,KRL/KOZ/54M14/2015/145,Kerala,Kozhikode,Purrimudi SH54,11.721944,75.8975,Debris,Debris flow,2011
2255,KRL/KOZ/54M14/2015/117,Kerala,Kozhikode,Karingad Moonam Kai-Karingad Road,11.722778,75.7725,Debris,Debris flow,2009
2256,KER/KOZ/49M14/2025/3,Kerala,Kozhikode,Kuttiyadi churam slide 1 SH-54,11.72522222,75.81052778,Debris,Slide,16 July 2025
2257,KRL/KOZ/54M14/2015/215,Kerala,Kozhikode,Kappil Moonam Kai-Karingad Road,11.731667,75.764722,Earth,Earth Flow,2007
2258,KER/MALA/49M16/2007/0009,Kerala,Malappuram,Cheppili Kunnu Edavanna,11.1501,75.9666,Debris,Slide,03 July 2007 (02:00 hrs)
2259,KRL/MLP/ 58A/3/2018/19,Kerala,Malappuram,Velachal slide-1 Nilambur,11.24485,76.14259,Debris,Debris flow,2018
2260,KER/MALA/58A03/2007/0012,Kerala,Malappuram,Odakkayam-Muppari mala Vettilapara,11.275,76.123,Debris,Slide,17 July 2007
2261,KRL/MAL/54A03/2015/71,Kerala,Malappuram,Vettilapara Village Vettilappara Road,11.275861,76.087222,Debris,Debris flow,NA
2262,KRL/MAL/54A03/2015/69,Kerala,Malappuram,Vettilapara Village Vettilappara Road,11.275861,76.088361,Debris,Debris flow,NA
2263,KRL/MAL/54A03/2015/65,Kerala,Malappuram,Kerala Estate Village Panamplave-Pannipoyil Road,11.284139,76.076333,Debris,Debris flow,NA
2264,KRL/KKD/58A/3/2018/23,Kerala,Malappuram,Ettam block slide Pullipadam,11.33282,76.13535,,Subsidence,2018
2265,KRL/MAL/54A03/2015/51,Kerala,Malappuram,Nilambur Road,11.335364,76.138392,Debris,Slide,NA
2266,KE/MAL/58A03/2019/05,Kerala,Malappuram,Vilakkennampara Tharamattom -,11.376082,76.213301,Debris,Slide,
2267,KE/MAL/58A03/2019/04,Kerala,Malappuram,A P Kunnu Erumamunda-Kallaipara road,11.385613,76.208732,Debris,Debris flow,2019
2268,KE/MAL/58A07/2019/22,Kerala,Malappuram,Aanamari - 4 Vazhikkadavu-Gudallur road,11.387579,76.35298,Debris,Slide,2019
2269,KE/MAL/58A07/2019/05,Kerala,Malappuram,Vazhikadavu Vazhikadvu _Nilambur Road,11.38772222,76.34736111,Debris,Slide,2019
2270,KRL/MP/58A/07/19/30,Kerala,Malappuram,Vazhikadavu slide_2 Vazhukadavu(Near forest check,11.39051,76.35817,Debris,Slide,2018
2271,KE/MAL/58A07/2019/10,Kerala,Malappuram,Vellaketta Vazhikkadavu-Punnakkal-,11.398825,76.359265,Debris,Debris flow,2019
2272,KE/MAL/58A03/2019/10,Kerala,Malappuram,Valamkolli East I Pathar-Valamkolli road,11.3995,76.22813889,Debris,Debris flow,
2273,KE/MAL/58A03/2019/14,Kerala,Malappuram,Valamkolli West II Pathar- West Valamkolli road,11.39958333,76.22133333,Debris,Debris flow,
2274,KE/MAL/58A03/2019/03,Kerala,Malappuram,Thudimutti mala Thudimutti,11.40642222,76.2381,Debris,Subsidence,2019
2275,KRL/MAL/58A07/2015/124,Kerala,Malappuram,on NH 212 On NH 212 from Vazhikadavu to,11.412556,76.375736,Debris,Debris flow,NA
2276,KRL/MAL/58A07/2015/118,Kerala,Malappuram,on NH 212 On NH 212 from Vazhikadavu to,11.417075,76.377922,Earth,Slide,NA
2277,KE/MAL/58A07/2019/16,Kerala,Malappuram,Near Thenpara - 3 Vazhikkadavu-Gudallur road,11.418943,76.378478,Debris,Slide,2019
2278,KRL/MAL/54A03/2015/42,Kerala,Malappuram,Irulkadu Munderi Road,11.419903,76.23705,Debris,Slide,2015
2279,KER/MALA/58A07/2007/0048,Kerala,Malappuram,Kallala 102/800 Vazhikkadavu,11.4315,76.389,Debris,,NA
2280,KRL/MP/58A/07/19/35,Kerala,Malappuram,Munderi slide_1 Munderi,11.4507,76.26667,,Slide,2018
2281,KRL/KKD/58A/3/2019/37,Kerala,Malappuram,Kumbalapara slide_1 Kumbalapara,11.46581,76.22296,Debris,Slide,2018
2282,KRL/MLP/49M/15/2018/3,Kerala,Malappuram,Manicherri Slide Manicherri,11.527347,75.863507,Debris,Slide,
2283,KRL/PKD/58B11/2018/55,Kerala,Palakkad,"Brookland estate slide Brookland estate,",10.451009,76.66347,Debris,Subsidence,
2284,KRL/PKD/58B11/2018/63,Kerala,Palakkad,"Way to Brookland estate,",10.451523,76.666232,Debris,Subsidence,
2285,KRL/PKD/58B11/2018/04,Kerala,Palakkad,"Kadappara Kizhekkencherry Village, Alathur",10.46591,76.5648,Debris,Debris flow,2018
2286,KL/PKD/58B11/2024/PDLS/04,Kerala,Palakkad,Mangalam dam slide Alathur village,10.47619444,76.57002778,Debris,Slide,NA
2287,KRL/PKD/58B10/2018/169,Kerala,Palakkad,Pothundi dam reservoir area,10.50813,76.627101,Debris,Slide,
2288,KRL/PKD/58B10/2018/67,Kerala,Palakkad,Muthalmada II village,10.514844,76.714898,Debris,Slide,
2289,KRL/PKD/58B10/2018/168,Kerala,Palakkad,Pothundi dam reservoir area,10.517591,76.635992,Debris,Slide,
2290,KRL/PKD/58B10/2018/70,Kerala,Palakkad,Kottayangad tea garden,10.519469,76.70468,Debris,Subsidence,
2291,KL/PKD/58B10/2024/PDLS/9,Kerala,Palakkad,Nelliyampathi Nenmara-Nelliyampathi road,10.51991667,76.62911111,Debris,Slide,2024
2292,KRL/PKD/58B10/2018/119,Kerala,Palakkad,"Near Pothundi Reservoir area,",10.523768,76.6528,Debris,Slide,
2293,KER/PALA/58B10/2007/0042,Kerala,Palakkad,Cherunelli Estate Nelliyampathy,10.5249,76.6414,Debris,Debris flow,16 July 2007
2294,KRL/PKD/58B10/2018/90,Kerala,Palakkad,Neeliampathy reserve forest,10.526381,76.720458,Debris,Slide,
2295,KRL/PKD/58B10/2018/108,Kerala,Palakkad,"Near Pothundi Reservoir area,",10.52648,76.639218,Debris,Slide,
2296,KL/PKD/58B10/2024/PDLS/06,Kerala,Palakkad,Nelliyampathi slide Along Nenmara-Nelliyampathi,10.52663889,76.655,Debris,Slide,2024
2297,KRL/PKD/58B10/2018/97,Kerala,Palakkad,"Near Pothundi Reservoir area,",10.526765,76.625365,Debris,Slide,
2298,KRL/PKD/58B10/2018/96,Kerala,Palakkad,"Near Pothundi Reservoir area,",10.527023,76.62514,Debris,Slide,
2299,KER/PALA/58B10/2007/0044,Kerala,Palakkad,Cherunelli Estate-3,10.528,76.6587,Debris,Slide,16 July 2007
2300,KRL/PKD/58B10/2018/155,Kerala,Palakkad,"Nelliyampathy road, Chitoor",10.52886,76.659552,Debris,Slide,
2301,KRL/PKD/58B10/2018/75,Kerala,Palakkad,Neeliampathy reserve forest,10.528954,76.744945,Debris,Slide,
2302,KRL/PKD/58B10/2018/54,Kerala,Palakkad,Neeliampathy reserve forest,10.529618,76.74376,Debris,Slide,
2303,KRL/PKD/58B10/2018/144,Kerala,Palakkad,"Nelliyampathy road, Chitoor",10.535642,76.673373,Debris,Slide,
2304,KRL/PKD/58B10/2018/134,Kerala,Palakkad,"Nelliyampathy road, Chitoor",10.538607,76.667587,Debris,Slide,
2305,KRL/PKD/58B10/2018/135,Kerala,Palakkad,"Near Pothundi Reservoir area,",10.542128,76.666089,Debris,Slide,
2306,KER/PALA/58B10/2007/0037,Kerala,Palakkad,Kairadi-Naalaamkooppu_2 Ayala Mudichi,10.5494,76.5612,Debris,Debris flow,16 July 2007 (12:30 hrs)
2307,KER/PALA/58B10/2007/0038,Kerala,Palakkad,Thekkekulambu Kairadi,10.553,76.5578,Debris,Debris flow,16 July 2007 (11:50 hrs)
2308,KRL/PKD/58B10/2018/42,Kerala,Palakkad,"Veezhumala quarry slide II Veezhumala, Kattusseri village,",10.621085,76.537792,Debris,Slide,
2309,KRL/PKD/58B10/2018/50,Kerala,Palakkad,"Cheekode, Erattakulam, Alathur",10.625742,76.513723,Debris,Slide,
2310,3216,Kerala,Palakkad,NULL Alathur,10.625965,76.539455,Debris,Slide,"15 August 2018, 29 August 2024 (09:58"
2311,KL/PKD/58B10/2024/PDLS/01,Kerala,Palakkad,Veezhumala Slide Veezhumala,10.625965,76.539455,Debris,Slide,15 august 2018; reactivated on
2312,KRL/PKD/58B10/2018/45,Kerala,Palakkad,"Veezhumala, Kattusseri village,",10.6276,76.5327,Debris,Slide,
2313,KRL/PKD/58B10/2018/47,Kerala,Palakkad,"Jai Bharat estate slide Kattusseri village, Alathur Taluk",10.629437,76.532611,Debris,Slide,
2314,KRL/PKD/58B10/2018/48,Kerala,Palakkad,"Veezhumala, Kattusseri village,",10.6295,76.5258,Debris,Slide,
2315,KRL/PKD/58B9/2018/03,Kerala,Palakkad,Adap colony debris flow Adap colony,10.825098,76.734842,Debris,Debris flow,2018
2316,KRL/PKD/58B13/2018/227,Kerala,Palakkad,"Kanjikode, Pudussery central",10.836851,76.778284,Debris,Slide,
2317,KRL/PKD/58B5/2018/05,Kerala,Palakkad,"Mattummal colony subsidence Mattummal Colony,Thrikkaderi",10.851405,76.31827,Debris,Subsidence,2018
2318,KRL/PKD/58B9/2018/173,Kerala,Palakkad,"Near Akathethara quary,",10.863184,76.629953,Debris,Slide,
2319,KRL/PKD/58B9/2018/181,Kerala,Palakkad,"Near Karimba village,",10.867341,76.602978,Debris,Slide,
2320,KRL/PKD/58B9/2018/179,Kerala,Palakkad,"Near Karimba village,",10.888613,76.579875,Debris,Slide,
2321,KRL/PKD/58B9/2018/238,Kerala,Palakkad,"Malampuzha resorvoir area,",10.890288,76.675562,Debris,Slide,
2322,KRL/PKD/58B9/2018/231,Kerala,Palakkad,"Malampuzha resorvoir area,",10.909665,76.62285,Debris,Slide,
2323,KER/PKD/58B09/2019/12,Kerala,Palakkad,Mundanadumala-2 Karimba,10.93366667,76.55814722,Debris,Debris flow,2019
2324,KER/PKD/58B09/2019/28,Kerala,Palakkad,Tharupapathy-2 Tharupapathy,10.94708611,76.55448611,Debris,Debris flow,2019
2325,KRL/PKD/58B9/2018/01,Kerala,Palakkad,"Paypullu Palakayam Village, Mannarkad",10.97659,76.55491,Debris,Debris flow,
2326,KRL/PKD/58B9/2018/205,Kerala,Palakkad,Palakkayam village,10.976649,76.58429,Debris,Slide,
2327,KER/PKD/58B09/2019/33,Kerala,Palakkad,"Pambadi 2 Vattappara, Pambadi",10.97710278,76.59575556,Debris,Debris flow,2019
2328,KER/PKD/58B09/2019/32,Kerala,Palakkad,"Pambadi 1 Vattappara, Pambadi",10.97715833,76.59856389,Debris,Debris flow,2019
2329,KER/PKD/58B09/2019/39,Kerala,Palakkad,Payapulla Payapulla,10.97759444,76.55097778,Debris,Debris flow,2019
2330,KRL/PKD/58B9/2018/216,Kerala,Palakkad,"Muthikulam, Sholayur village",10.982903,76.595173,Debris,Slide,
2331,KER/PKD/58B09/2019/40,Kerala,Palakkad,Irumbakacholla Irumbakacholla,11.00204444,76.57813889,Debris,Debris flow,"09 August 2019, 02.30 pm"
2332,KRL/PKD/58A12/2018/184,Kerala,Palakkad,"Palakkayam village, Mannarkad",11.029352,76.523,Debris,Slide,2018
2333,KRL/PKD/58A12/2018/21,Kerala,Palakkad,"Pambunthodu slide Pambunthodu, Palakayam",11.032583,76.551617,Debris,Slide,
2334,KRL/PAL/58A12/2016/55,Kerala,Palakkad,MeleKoravambadi MeleKoravambadi,11.033667,76.656164,Debris,Slide,2009
2335,KRL/PKD/58A12/2018/193,Kerala,Palakkad,"Mannarkkad, Silent valley road",11.038653,76.530202,Debris,Slide,2018
2336,KRL/PKD/58A12/2018/199,Kerala,Palakkad,"Mannarkkad, Silent valley road",11.046358,76.540755,Debris,Slide,2018
2337,KRL/PKD/58A8/2018/09,Kerala,Palakkad,"Karadiyod landslide Karadiyod, Kottoppadam-1",11.04794,76.400202,Debris,Debris flow,2018
2338,KRL/PKD/58A12/2018/201,Kerala,Palakkad,"Mannarkkad, Silent valley road",11.04922,76.53708,Debris,Slide,2018
2339,KRL/PAL/58A12/2016/23,Kerala,Palakkad,Cholakkadu Cholakkadu,11.062219,76.551442,Debris,Slide,2006
2340,KRL/PAL/58A12/2016/34,Kerala,Palakkad,Kollamkadavu Kollamkadavu,11.066597,76.576697,Debris,Slide,NA
2341,KRL/PAL/58A12/2016/82,Kerala,Palakkad,Agali-Chittor-3 Agali-Chittor,11.067333,76.654139,Debris,Slide,2015
2342,KRL/PAL/58A12/2016/84,Kerala,Palakkad,Agali-Chittor-6 Agali-Chittor,11.069944,76.653567,Debris,Debris flow,2015
2343,KRL/PAL/58A12/2016/85,Kerala,Palakkad,Agali-Chittor-7 Agali-Chittor,11.070222,76.653306,Debris,Debris flow,2015
2344,KRL/PAL/58A12/2016/86,Kerala,Palakkad,Agali-Chittor-9 Agali-Chittor,11.071944,76.655056,Debris,Slide,2015
2345,KRL/PAL/58B09/2016/103,Kerala,Palakkad,Nellipathi-Palliyara-11 Nellipathi-Palliyara,11.076167,76.641472,Debris,Slide,2015
2346,KRL/PAL/58A12/2016/87,Kerala,Palakkad,Agali-Chittor-14 Agali-Chittor,11.077361,76.659667,Debris,Debris flow,2015
2347,KRL/PAL/58A12/2016/38,Kerala,Palakkad,Chavadiyur Chavadiyur,11.078136,76.676211,Earth,Slide,NA
2348,KRL/PAL/58A12/2016/18,Kerala,Palakkad,Kurukkankundu Kurukkankundu,11.131272,76.557142,Debris,Slide,NA
2349,KRL/PAL/58A12/2016/30,Kerala,Palakkad,Kadukkumanna Kadukkumanna,11.135264,76.528203,Earth,Slide,NA
2350,KRL/PAL/58A12/2016/22,Kerala,Palakkad,Edavani Edavani,11.170097,76.568175,Debris,Slide,2015
2351,KL/PTMT/58C/16/2018/41,Kerala,Pathanamthitta,"Muttaakkuzhi slide Muttaakkuzhi, Aruvaappalam,",9.170569444,76.87509167,Debris,Debris flow,13 October 2018
2352,KRL/Pathanamthitta/58C16/201,Kerala,Pathanamthitta,Kottarathara Debris Flow Kottarathara village,9.178389,76.879028,Debris,Debris flow,2013
2353,KRL/Pathanamthitta/58C16/201,Kerala,Pathanamthitta,Aruvpallam Debris Flow -2 Aruvpallam village,9.18425,76.887844,Debris,Debris flow,1977
2354,KRL/Pathanamthitta/58C16/201,Kerala,Pathanamthitta,Manniara Debris Flow Manniara village,9.2339,76.933897,Debris,Debris flow,2006
2355,KL/PTMT/58C/15/2018/10,Kerala,Pathanamthitta,Thannithodu slide Thannithodu Village,9.268941667,76.96807222,Debris,Slide,2018
2356,KL/PTMT/58C/15/2018/09,Kerala,Pathanamthitta,Mele Poochakkulam 2 Thannithodu Village,9.269308333,76.96805,Debris,Debris flow,2018
2357,KL/PTMT/58C/15/2018/29,Kerala,Pathanamthitta,"22nd Block slide 22nd block, Seethathodu",9.310505556,76.99689167,Debris,Debris flow,2018
2358,KL/PTMT/58C/15/2018/02,Kerala,Pathanamthitta,Meenkuzhi slide Chittar Village,9.31625,76.94988056,Debris,Slide,2018
2359,KL/PTMT/58C/15/2018/37,Kerala,Pathanamthitta,"Bimmaram colony slide 3 Bimmaram colony, Perunadu",9.343591667,76.93378611,Debris,Debris flow,2018
2360,KL/PTMT/58C/15/2018/39,Kerala,Pathanamthitta,Kollamula slide 2 Kollamula,9.411836111,76.973325,,Slide,2018
2361,KER/TVM/58D10/2024/1,Kerala,Thiruvananthapuram,Varkala Cliff slide 1 Aliyirakkam road,8.722097222,76.71483056,Debris,Slide,
2362,KER/TVM/58D10/2024/2,Kerala,Thiruvananthapuram,Varkala cliff slide 2 Aliyirakkam,8.725230556,76.71186667,Debris,Slide,
2363,3226,Kerala,Thiruvananthapuram,NULL Chirayinkezhu,8.72523056,76.71186667,Debris,Slide,NA
2364,KER/TVM/58D10/2024/5,Kerala,Thiruvananthapuram,Varkala Cliff slide 5 Varkala beach,8.728458333,76.70914722,Debris,Slide,
2365,KRL/TVN/58H02/2015/3,Kerala,Thiruvananthapuram,Merchestian Estate Thennur village,8.743139,77.161028,Debris,Debris flow,1992
2366,KRL/TVN/58H02/2015/14,Kerala,Thiruvananthapuram,Ponmudi Thennur Village,8.747056,77.132944,Debris,Debris flow,1992
2367,KRL/TVN/58H01/2015/7,Kerala,Thiruvananthapuram,Brimor-Kurisadi Peringamala Village,8.764472,77.078611,Debris,Slide,1992
2368,KRL/TVN/58H01/2015/11,Kerala,Thiruvananthapuram,Shaghili Erattumukku Peringamala Village,8.809139,77.12625,Debris,Debris flow,1992
2369,KL/TSR/58B/15/2019/36,Kerala,Thrissur,Chalakudy-Malakkapara road slide 10 Road from Chalakudy to,10.29795833,76.82603611,Debris,Slide,16 August 2018
2370,KL/TSR/58B/15/2019/35,Kerala,Thrissur,Chalakudy-Malakkapara road slide 9 Road from Chalakudy to,10.30138333,76.78339444,Debris,Slide,16 August 2018
2371,KL/TSR/58B/06/2019/34,Kerala,Thrissur,Chalakudy-Malakkapara road slide 8 Road from Chalakudy to,10.30290278,76.75796944,Debris,Slide,16 August 2018
2372,KL/TSR/58B/06/2019/22,Kerala,Thrissur,Ambalapara Debris flow Road from Chalakudy to,10.31242778,76.73735,Debris,Debris flow,2018
2373,KL/TSR/58B/06/2019/23,Kerala,Thrissur,"KSEB Dam slide KSEB office, Lower Sholayar",10.31509722,76.7335,Debris,Debris flow,16 August 2018
2374,KL/TSR/58B/06/2019/69,Kerala,Thrissur,"Chimmini slide West of Chimmini reservoir,",10.439975,76.43793889,Debris,Debris flow,2018
2375,KL/TSR/58B/07/2019/44,Kerala,Thrissur,Puttankadu debris flow2 Puttankadu village,10.47921667,76.32351667,Debris,Debris flow,2018
2376,KL/TSR/58B/07/2019/40,Kerala,Thrissur,Puttankadu slide3 Puttankadu village,10.48766111,76.32200556,Debris,Slide,NA
2377,KL/TSR/58B/06/2019/19,Kerala,Thrissur,Payyanam slide1 Payyanam,10.51476667,76.33656389,Debris,Debris flow,2018
2378,KL/TSR/58B/06/2019/51,Kerala,Thrissur,Kallidukk slide Thanipadam village,10.55973611,76.34181389,Debris,Slide,2018
2379,KL/TSR/58B/06/2019/76,Kerala,Thrissur,"Thaalikode slide 2 Mudikode-Thalikode road,",10.56536667,76.30219722,Debris,Slide,2018
2380,KL/TSR/58B/06/2019/53,Kerala,Thrissur,Poovanchira slide Poovanchira village,10.57234444,76.35405,,Slide,2018
2381,KL/TSR/58B/06/2019/57,Kerala,Thrissur,Kuthiran slide Kuthiran village,10.57328611,76.38566389,Debris,Slide,2018
2382,KL/TSR/58B/06/2019/55,Kerala,Thrissur,Vazhukkupara slide Vazhukkupara village,10.57592778,76.37895556,,Slide,2018
2383,KL/TSR/58B/02/2019/70,Kerala,Thrissur,Kuranchery slide Kuranchery-Nayarangadi road,10.62977778,76.23077778,Debris,Slide,2018
2384,KER/WYN/58A3/2019/48,Kerala,Wayanad,Mundakkai Estate Harrisons Malayalam estate,11.489735,76.158496,Debris,Slide,2019
2385,KER/WYN/58A3/2019/51,Kerala,Wayanad,Churalmala Vallarmala division estate road,11.496489,76.16076,Debris,Slide,2019
2386,KER/WYD/58A2/2018/94,Kerala,Wayanad,Rattakolly Meppadi-Rattakolly road,11.502222,76.164722,,Slide,09 August 2018
2387,KRL/WAY/58A02/2015/62,Kerala,Wayanad,Churam Road Kozhokode - Vythiri-Gudallur,11.506867,76.030142,Debris,Slide,NA
2388,KER/WYN/58A2/2019/34,Kerala,Wayanad,Mundakai Meppadi - Pthumala road,11.507432,76.13507,Debris,Debris flow,2019
2389,KER/WYD/58A03/2025/01,Kerala,Wayanad,Meenakshi Bridge Meppadi- Chooralmala road,11.52101944,76.13565,Debris,Slide,
2390,KRL/WAY/58A02/2015/90,Kerala,Wayanad,Vallateri village road NULL,11.524853,76.169294,Debris,Slide,NA
2391,KER/WYD/58A2/2018/92,Kerala,Wayanad,Nellimunda Meppadi-Nellimunda-Arrapetta,11.530277,76.14,Debris,Slide,09 August 2018
2392,KRL/WAY/58A02/2015/91,Kerala,Wayanad,Vallateri Pudukkod road Pichen-Noufal Road,11.531636,76.182614,Debris,Slide,NA
2393,KER/WYD/58A2/2018/02,Kerala,Wayanad,Jawaharvidhya Nagar Landslide Vythiri – Kalpetta road,11.5356,76.0215,,Slide,
2394,KER/WYD/58A2/2018/49,Kerala,Wayanad,Vattappara1 NH-212,11.53666667,76.03577778,Debris,Slide,08 August 2018
2395,KER/WYD/58A2/2018/53,Kerala,Wayanad,Niket Vythiri-Niket Forest Road,11.53786111,76.059,Debris,Slide,08 August 2018
2396,KRL/WAY/58A02/2015/80,Kerala,Wayanad,Arepetta-Anakkap Arapetta Road,11.538517,76.151192,Debris,Slide,2010
2397,KER/WYD/58A2/2018/109,Kerala,Wayanad,Pookode lake 3 Pookode lake road,11.53888,76.02722,Debris,Slide,09 August 2018
2398,KRL/WAY/58A02/2015/55,Kerala,Wayanad,Kozhokode - Vythiri-Gudallur,11.540817,76.172769,Debris,Slide,NA
2399,KER/WYD/58A2/2018/36,Kerala,Wayanad,Sugandhagiri 2nd unit 6 Sugandhagiri forest Rd,11.54358333,76.01352778,Debris,,2018
2400,KER/WYD/58A2/2018/31,Kerala,Wayanad,Sugandhagiri 2nd unit 1 Sugandhagiri forest Rd,11.54502778,76.01083333,Debris,Slide,8 August 2018
2401,KER/WYD/58A2/2018/34,Kerala,Wayanad,Sugandhagiri 2nd unit 4 Sugandhagiri forest Rd,11.54769444,76.00922222,Debris,,08 August 2018
2402,KER/WYD/58A2/2018/33,Kerala,Wayanad,Sugandhagiri 2nd unit 3 Sugandhagiri forest Rd,11.54777778,76.00877778,Debris,,08 August 2018
2403,KER/WYD/58A2/2018/88,Kerala,Wayanad,Padivayal NH-212,11.54819444,76.20772222,Debris,Slide,09 August 2018
2404,KER/WYD/58A2/2018/57,Kerala,Wayanad,Thalimala ayisha 3 Vythiri-Thailakunnu-Thalimala,11.54969444,76.05577778,Debris,Slide,08 August 2018
2405,KER/WYD/58A2/2018/43,Kerala,Wayanad,Chennayakavala 4 Sugandhagiri forest,11.55508333,76.00147222,Debris,Slide,08 August 2018
2406,KER/WYD/58A2/2018/63,Kerala,Wayanad,Meppadi PHC Meppadi local Road,11.55683333,76.12963889,Debris,Slide,09 August 2018
2407,KER/WYD/58A2/2018/41,Kerala,Wayanad,Chennayakavala 2 Sugandhagiri forest,11.55875,76.00136111,Debris,,08 August 2018
2408,KRL/WAY/58A02/2015/102,Kerala,Wayanad,Poothakolly-1 Poothakolly Road,11.560225,76.136717,Debris,Slide,NA
2409,KER/WYD/58A2/2018/82,Kerala,Wayanad,82 NH-212,11.56580556,76.11833333,Debris,Slide,09 August 2018
2410,KER/WYD/58A2/2018/105,Kerala,Wayanad,12th bridge Vythiri-Tharuvana road,11.567777,76.028333,Debris,Slide,09 August 2018
2411,KER/WYD/58A2/2018/103,Kerala,Wayanad,Pozhuthana 2 Vythiri-Tharuvana road,11.569444,76.019166,Debris,Slide,2018
2412,KER/WYD/58A2/2018/71,Kerala,Wayanad,Mangavayal Kunnampetta-Puttoorvayal,11.57958333,76.09408333,,,
2413,KER/WYD/58A2/2018/99,Kerala,Wayanad,Vellaramkunnu 7 NH-212,11.580555,76.0625,Debris,Slide,2018
2414,KER/WYD/58A2/2018/98,Kerala,Wayanad,Vellaramkunnu 6 NH-212,11.581388,76.062777,Debris,Slide,2018
2415,KER/WYD/58A2/2018/115,Kerala,Wayanad,Narikundu 3 Narikundu local road,11.58372222,76.195,Debris,Slide,2018
2416,KER/WYD/58A2/2018/114,Kerala,Wayanad,Narikundu 2 Narikundu local road,11.58425,76.19588889,Debris,Slide,08 August 2018
2417,KER/WYD/58A2/2018/26,Kerala,Wayanad,Chundel estate 3 Chundale-Anoth Road,11.58455556,76.03836111,Debris,Slide,09 August 2018
2418,KER/WYD/58A2/2018/96,Kerala,Wayanad,Vellaramkunnu 4 NH-212,11.585,76.06333,Debris,Slide,2018
2419,KER/WYD/58A2/2018/76,Kerala,Wayanad,Sreepuram ST colony 3 Chundale-Shivapuram road,11.58516667,76.04786111,Debris,Slide,08 August 2018
2420,KER/WYD/58A2/2018/27,Kerala,Wayanad,Chundel estate 4 Chundale-Anoth Road,11.5855,76.03833333,Debris,,09 August 2018
2421,KER/WYD/58A2/2018/113,Kerala,Wayanad,Narikundu 1 Narikundu local road,11.59002778,76.2085,Debris,Slide,08 August 2018
2422,KER/WYD/58A2/2018/124,Kerala,Wayanad,Chuzhali Kunnampetta-Madiyoor-Kuni,11.59483333,76.08002778,Debris,Slide,09 August 2018
2423,KRL/WAY/54M14/2015/160,Kerala,Wayanad,Peruvannamoozhi SH54,11.598889,75.823889,Debris,Debris flow,NA
2424,KER/WYD/58A2/2018/150,Kerala,Wayanad,Chenamala 1 Thurkey bazar-Kaithakolly local,11.60169444,76.06908333,Debris,Slide,09 August 2018
2425,KER/WYN/49M14/2019/43,Kerala,Wayanad,Kurichyaar Mala (reactivated slide) -,11.605889,75.987703,Debris,Debris flow,
2426,KER/WYD/58A2/2018/04,Kerala,Wayanad,Achoor (6th mile) Landslide Vythiri – Padinjarathara road,11.6066,76.0077,,Slide,
2427,KER/WYN/58A2/2019/33,Kerala,Wayanad,Edackal -,11.631168,76.232848,Debris,Debris flow,2019
2428,KER/WYD/49M14/2018/121,Kerala,Wayanad,Ettamvayal 1 Vythiri-Tharuvana road,11.63177778,75.98794444,Debris,Slide,2018
2429,KER/WYD/49M14/2018/122,Kerala,Wayanad,Ettamvayal 2 Vythiri-Tharuvana road,11.63194444,75.98744444,Debris,Slide,2018
2430,KRL/WAY/54M14/2015/155,Kerala,Wayanad,Ladysmith reserved forest NULL,11.632222,75.947778,Debris,Debris flow,2008
2431,KER/WYN/58A2/2019/30,Kerala,Wayanad,Aaratupara Aarattupara - Meenangadi road,11.636456,76.201071,Debris,Slide,
2432,KER/WYD/58A2/2018/154,Kerala,Wayanad,Korattapadi Thekumthara-Korattapadi local,11.64625,76.03088889,,,09 August 2018
2433,KER/WYN/49M14/2019/04,Kerala,Wayanad,"Manjoora, Mundancholakunnu Panamkuzhi -",11.658103,75.978842,Debris,Slide,
2434,KER/WYN/49M14/2019/15,Kerala,Wayanad,"Mangalamkunnu Colony, Kuttiyamvayal - Madam Road",11.661104,75.944221,Debris,Slide,
2435,KER/WYD/49M14/2018/47,Kerala,Wayanad,Kapikalam Padinjarathara-Pulinjal Forest,11.67075,75.93683333,Debris,,08 August 2018
2436,KER/WYN/49M14/2019/10,Kerala,Wayanad,Kottalakunnu -,11.671605,75.965091,Debris,Slide,
2437,KER/WYN/49M14/2019/11,Kerala,Wayanad,Meenmutty Waterfall -,11.677335,75.935827,Debris,Slide,
2438,KER/WYN/49M14/2019/20,Kerala,Wayanad,Narikolli (Padinjarathara village) -,11.683847,75.943592,Debris,Debris flow,
2439,KER/WYD/49M14/2018/07,Kerala,Wayanad,Pulipparakunnu Landslide Mananthavady – Niravilpuzha,11.7034,75.9369,Debris,Debris flow,2018
2440,KRL/WAY/54M14/2015/159,Kerala,Wayanad,Kunnamthottam SH54,11.722222,75.809167,Debris,Slide,NA
2441,KRL/KAN/48P12/2016/101,Kerala,Wayanad,Kottukulli,11.801975,75.907781,Debris,Slide,NA
2442,KRL/KAN/48P12/2016/99,Kerala,Wayanad,Chandanakuzhi,11.811678,75.929156,Debris,Slide,2004
2443,KER/WYD/49M13/2018/141,Kerala,Wayanad,Thalapuzha 7 SH-59,11.83477778,75.93636111,Debris,Slide,09 August 2018
2444,KER/WYD/49M13/2018/142,Kerala,Wayanad,Thalapuzha 8 SH-59,11.83644444,75.93258333,Debris,Slide,09 August 2018
2445,KER/WYD/49M13/2018/143,Kerala,Wayanad,Thalapuzha 9 SH-59,11.83658333,75.932,Debris,Slide,09 August 2018
2446,KER/WYD/49M13/2018/147,Kerala,Wayanad,Boys town 42 mile Mananthavady-Nedumpoil road,11.83827778,75.9175,Debris,Slide,09 August 2018
2447,KER/WYD/49M13/2018/136,Kerala,Wayanad,Thalapuzha 2 SH-59,11.84044444,75.95202778,Debris,Slide,09 August 2018
2448,KER/WYD/49M13/2018/137,Kerala,Wayanad,Thalapuzha 3 SH-59,11.84061111,75.95144444,Debris,Slide,09 August 2018
2449,KRL/WAY/58A01/2015/48,Kerala,Wayanad,Akolli kunnu Appapara Road,11.918083,76.016539,Debris,Debris flow,1982
2450,KRL/MPM/58A08/2018/06   KERALA   Malappuram,Kerala,kundu,Karuvara kundu,11.13115556,76.38610833,Debris,Slide,2018
2451,7322,Maharashtra,Ahilyanagar,Pachnai road,19.430999,73.784079,Debris,Slide,2025
2452,MH/AHM/47E15/2018/53,Maharashtra,Ahmednagar,Phopsondi,19.347917,73.86889,Debris,Slide,NA
2453,MH/AHM/47E15/2018/27,Maharashtra,Ahmednagar,Lovhali,19.423649,73.806303,Debris,Slide,NA
2454,MH/AHM/47E15/2018/21,Maharashtra,Ahmednagar,Lovhali,19.427522,73.802967,Debris,Slide,NA
2455,MH/AHM/47E15/2018/20,Maharashtra,Ahmednagar,Lovhali,19.427778,73.802778,Debris,Slide,NA
2456,MH/AHM/47E15/2018/19,Maharashtra,Ahmednagar,Lovhali,19.428889,73.801944,Debris,Slide,NA
2457,MH/AHM/47E15/2018/15,Maharashtra,Ahmednagar,Khadki Khurd,19.440278,73.835278,Rock,Slide,NA
2458,MH/AHM/47E15/2018/33,Maharashtra,Ahmednagar,Ambit,19.454444,73.793611,Rock,Slide,NA
2459,MH/AHM/47E11/2018/2,Maharashtra,Ahmednagar,Kumshet,19.462222,73.720278,Debris,Slide,NA
2460,MH/AHM/47E14/2018/1,Maharashtra,Ahmednagar,Shendi,19.549444,73.763889,Rock,Slide,NA
2461,MAH/DAP/47G02/2015/27,Maharashtra,Dapoli,Sakhri Trishul Mhaskarwadi - Shringar Tali Rd,17.564,73.212,Debris,Fall,2010
2462,MAH/DAP/47G02/2015/13,Maharashtra,Dapoli,Dabhol Dabhol,17.588,73.175,Rock,Rock fall,2014
2463,MAH/DAP/47G02/2015/16,Maharashtra,Dapoli,Dabhol Dabhol - Dapoli Rd (SH-66),17.59,73.172,Earth,,2010
2464,MAH/DAP/47G02/2015/24,Maharashtra,Dapoli,Kalki Gaontale - Bejewadi Rd,17.665,73.247,Debris,Fall,2010
2465,MAH/GAR/47L03/2015/30,Maharashtra,Gargoti,Kasanwadi Shivapurpetha- Chopadewadi,16.256,74.137,Debris,Slide,NA
2466,MAH/GUH/47G03/2015/41,Maharashtra,Guhagar,Chiplun ΓÇô Guhagar Rd,17.488,73.204,Earth,,2009
2467,MAH/KAN/47H15/2015/66,Maharashtra,Kankavli,"SH-116, Radhanagari-Phonda",16.357,73.833,Debris,Slide,NA
2468,MAH/KAN/47H15/2015/69,Maharashtra,Kankavli,"SH-116, Radhanagari-Phonda",16.359,73.825,Debris,Slide,NA
2469,MAH/KAN/47H15/2015/55,Maharashtra,Kankavli,"SH-116, Radhanagari-Phonda",16.379,73.858,Debris,Slide,NA
2470,MH/KOL/48I01/2017/10,Maharashtra,Kolhapur,Road from Isapur to Pargarh,15.824444,74.048056,Debris,Slide,NA
2471,MH/KOL/48I01/2017/1,Maharashtra,Kolhapur,Village road from Motanwadi to,15.825472,74.056389,Debris,Slide,NA
2472,MH/KOL/48I01/2017/2,Maharashtra,Kolhapur,Village road from Motanwadi to,15.825556,74.0575,Debris,Slide,NA
2473,MH/KOL/48I01/2017/11,Maharashtra,Kolhapur,Road from Chandgad to Kasar,15.955556,74.156944,Debris,Slide,NA
2474,MH/KOL/47L04/2017/2,Maharashtra,Kolhapur,Village road from Nandoli,16.190556,74.081667,Debris,Slide,NA
2475,MH/KOL/47H13/2017/8,Maharashtra,Kolhapur,SH150,16.758028,73.797861,Debris,Slide,NA
2476,MH/KOL/47H13/2017/2,Maharashtra,Kolhapur,NH204,16.974944,73.789842,Debris,Slide,NA
2477,MH/KOL/47G16/2017/13,Maharashtra,Kolhapur,Kalamba templePursala road,17.021994,73.868439,Debris,Slide,NA
2478,MH/KOL/47G16/2017/6,Maharashtra,Kolhapur,Kalamba templePursala road,17.025375,73.861919,Debris,Slide,NA
2479,7353,Maharashtra,Pune,varandh ghat,18.106541,73.621345,Debris,Slide,2025
2480,MH/PUN/47F/12/2021A,Maharashtra,Pune,Karnavadi village 21km in south from Velhe town,18.18398889,73.58443611,,Subsidence,23 July 2021
2481,MH/PUN/47F11/2020/69,Maharashtra,Pune,Ekalgaon-1 NULL,18.25,73.54,Rock,Slide,NA
2482,7284,Maharashtra,Pune,Kalambi kalambi road,18.26855,73.59893,Debris,Slide,20 August 2025
2483,7287,Maharashtra,Pune,Kalambi Kalambi road,18.27354,73.602259,Debris,Slide,19 August 2025
2484,MH/PUN/47F11/2020/84,Maharashtra,Pune,Galegani-2 NULL,18.28,73.59,Debris,Slide,NA
2485,MH/PUN/47F11/2020/96,Maharashtra,Pune,Pabe-1 NULL,18.33,73.67,Rock,Slide,NA
2486,MH/PUN/47F11/2020/65,Maharashtra,Pune,Ghodshet NULL,18.34,73.56,Rock,Slide,NA
2487,MH/PUN/47F11/2020/90,Maharashtra,Pune,Kadave - Vihir-2 NULL,18.34,73.62,Rock,Slide,2019
2488,MH/PUN/47F11/2020/94,Maharashtra,Pune,Kadave - Vihir-6 NULL,18.34,73.62,Rock,Slide,NA
2489,MH/PUN/47F11/2020/91,Maharashtra,Pune,Kadave - Vihir-3 NULL,18.34,73.62,Debris,Slide,2019
2490,MH/PUN/47F11/2020/63,Maharashtra,Pune,Givshi NULL,18.35,73.57,Rock,Slide,2009
2491,MH/PUN/47F11/2020/34,Maharashtra,Pune,Tidkewadi NULL,18.36,73.65,Rock,Slide,NA
2492,MH/PUN/47F15/2020/8,Maharashtra,Pune,Sinhagad ghat-8 NULL,18.36,73.77,Rock,Rock fall,NA
2493,7300,Maharashtra,Pune,Sinhagad Sinhagad road,18.3619,73.77245,Rock,Slide,27 August 2025
2494,MH/PUN/47F15/2020/15,Maharashtra,Pune,Sinhagad Plateau Top in NULL,18.37,73.76,Rock,Rock fall,NA
2495,MH/PUN/47F11/2020/47,Maharashtra,Pune,Panshet - Tav-7 NULL,18.38,73.57,Rock,Slide,2019
2496,MH/PUN/47F15/2020/5,Maharashtra,Pune,Sinhagad ghat-5 NULL,18.38,73.78,Rock,Slide,NA
2497,7298,Maharashtra,Pune,Sinhagad Sinhagad road,18.386385,73.774554,Debris,Slide,2025
2498,MH/PUN/47F11/2020/36,Maharashtra,Pune,Panshet - Lavasa-4 NULL,18.39,73.51,Rock,Slide,NA
2499,7290,Maharashtra,Pune,Lavasa lavasa road,18.40485,73.51162,Debris,Slide,26 July 2025
2500,MH/PUN/47F11/2020/21,Maharashtra,Pune,Ramnagar-1 NULL,18.41,73.53,Debris,Slide,NA
2501,MH/PUN/47F11/2020/22,Maharashtra,Pune,Ramnagar-2 NULL,18.41,73.53,Rock,Slide,NA
2502,MH/PUN/47F11/2020/53,Maharashtra,Pune,Jarsheshwar-3 NULL,18.41,73.69,Rock,Slide,NA
2503,MH/PUN/47F07/2024/01,Maharashtra,Pune,"Vegre (Nirgudwadi) Temghar Dam, Vegre",18.45289444,73.49095278,Debris,,2021
2504,MH/PUN/47F11/2020/13,Maharashtra,Pune,Urawade - Mutha ghat-6 NULL,18.46,73.63,Debris,Slide,NA
2505,MH/PUN/47F11/2020/10,Maharashtra,Pune,Vegre-4 NULL,18.46,73.54,Rock,Slide,NA
2506,MH/PUN/47F11/2020/11,Maharashtra,Pune,Urawade - Mutha-4 NULL,18.47,73.64,Rock,Slide,NA
2507,MH/PUN/47F11/2020/4,Maharashtra,Pune,Urawade - Mutha-2 NULL,18.47,73.65,Rock,Slide,NA
2508,MH/PUN/47F11/2020/102,Maharashtra,Pune,Uravade - Mutha old-1 SH-57,18.47,73.64,Debris,Slide,NA
2509,7304,Maharashtra,Pune,Tamhini ghat,18.47662,73.45907,Debris,Slide,21 August 2025
2510,MH/PUN/47F10/2020/20,Maharashtra,Pune,Bhukum - Pirangut old NULL,18.51,73.71,Rock,Rock fall,NA
2511,MH/PUN/47F06/2020/13,Maharashtra,Pune,- Saltar-Bhambarde road,18.57,73.36,Debris,Debris flow,2019
2512,7314,Maharashtra,Pune,Khumbheri Lonavala Road,18.60092,73.41089,Debris,Slide,17 July 2025
2513,MH/PUN/47E16/2020/4,Maharashtra,Pune,- Along Matewadi - Kotamdara,19.01,73.85,Rock,Slide,2019
2514,MH/PUN/47E12/2018/12,Maharashtra,Pune,Bhomale,19.027222,73.594167,Debris,Slide,NA
2515,MH/PUN/47E12/2018/1,Maharashtra,Pune,Guhe,19.074167,73.726944,Rock,Slide,NA
2516,MH/PUN/47E12/2018/22,Maharashtra,Pune,Ningdale,19.075833,73.562778,Debris,Slide,NA
2517,7255,Maharashtra,Pune,Dhimbe Dhimbe Dam road,19.09314,73.79751,Debris,Slide,21 August 2025
2518,MH/PUN/47E12/2018/34,Maharashtra,Pune,Panchale,19.111944,73.7425,Rock,Slide,NA
2519,MH/PUN/47E12/2018/28,Maharashtra,Pune,Pimpri,19.116389,73.614167,Debris,Slide,NA
2520,MH/PUN/47E12/2018/27,Maharashtra,Pune,Patan,19.121389,73.619167,Rock,Slide,NA
2521,MH/PUN/47E12/2018/29,Maharashtra,Pune,Pimpri,19.121667,73.614167,Debris,Slide,NA
2522,MH/PUN/47E12/2018/39,Maharashtra,Pune,Lembewadi,19.1625,73.682222,Debris,Slide,NA
2523,MH/PUN/47E12/2018/40,Maharashtra,Pune,Lembewadi,19.165,73.68111,Debris,Slide,NA
2524,MH/PUN/47E12/2018/44,Maharashtra,Pune,Near Hivare,19.175556,73.746667,Rock,Slide,NA
2525,MH/PUN/47E12/2018/47,Maharashtra,Pune,Inglun,19.196389,73.705,Debris,Slide,NA
2526,MH/PUN/47E12/2020/01,Maharashtra,Pune,"Bhiwade Budruk Aptale road, 24km NW of",19.21386111,73.68444444,,Subsidence,22 August 2020.
2527,MH/AHM/47E15/2018/58,Maharashtra,Pune,Near Magne wadi,19.269722,73.825278,Rock,Slide,NA
2528,MH/AHM/47E15/2018/60,Maharashtra,Pune,Sitewadi,19.298889,73.798611,Debris,Slide,NA
2529,7326,Maharashtra,Pune,Malshej Ghat road,19.347716,73.770507,Debris,Slide,NA
2530,7331,Maharashtra,Pune,Malshej Ghat road,19.778579,73.784894,Debris,Slide,27 July 2025
2531,MAH/RAD/47L03/2015/74,Maharashtra,Radhanagari,Dangarwada Radhanagari- Gargoti Rd,16.251,74.038,Debris,Slide,NA
2532,MAH/RAD/47L03/2015/76,Maharashtra,Radhanagari,Lingewadi Aini-Ategaon-Panori Rd,16.375,74.043,Debris,Slide,NA
2533,MAH/RAD/47L02/2015/80,Maharashtra,Radhanagari,Vetavade Panore- Malherpetha Rd,16.65,74.017,Debris,Slide,NA
2534,MH/RAI/47G09/2018/41,Maharashtra,Raigad,Paithan-KudpanBudruk road,17.89287,73.5264,Debris,Slide,NA
2535,MH/RAI/47G09/2019/50,Maharashtra,Raigad,Paithan-Kurpan Budruk road,17.89681,73.52662,Debris,Slide,NA
2536,MH/RAI/47G09/2019/19,Maharashtra,Raigad,Poladpur -Mahabaleshwar,17.94828,73.57978,Debris,Slide,NA
2537,MH/RAT/47G05/2018/25,Maharashtra,Raigad,4.3 km from Poladpur NH-66,17.9545,73.44947,Debris,Slide,NA
2538,MH/RAI/47F04/2019/14,Maharashtra,Raigad,Pangloli Slide Pangloli-Toradi Road,18.06322,73.16547,Rock,Rock fall,NA
2539,7363,Maharashtra,Raigad,Srivardhan- Borli road,18.076734,73.024339,Rock,Slide,NA
2540,MH/RAI/47F08/2020/3,Maharashtra,Raigad,- Ambet to Nandavi road section,18.09,73.28,Debris,Slide,NA
2541,MH/RAI/47F04/2019/11,Maharashtra,Raigad,Mhasla Slide Mhasla Bypass,18.12938,73.10515,Rock,Rock fall,NA
2542,MH/RAI/47F12/2020/4,Maharashtra,Raigad,Parmachi Landslide Parmachi-Ambeshivtar road,18.15,73.62,Debris,Slide,NA
2543,MH/RAI/47F12/2020/1,Maharashtra,Raigad,Solamkond Slide Dahiwadi-Solamkond Sevte,18.17,73.54,Debris,Slide,NA
2544,MH/RAI/47F03/2020/5,Maharashtra,Raigad,- Mandad-Tala Road,18.28,73.09,Debris,Fall,NA
2545,MH/RAI/47F03/2020/3,Maharashtra,Raigad,- Nagshet-Murud road,18.34,73.02,Rock,Rock fall,NA
2546,7308,Maharashtra,Raigad,Tamhini Ghat,18.38631,73.38888,Rock,Slide,20 August 2025
2547,7307,Maharashtra,Raigad,Tamhini ghat,18.38809,73.38825,Debris,Slide,20 August 2025
2548,7306,Maharashtra,Raigad,Tamhini ghat,18.39979,73.37968,Debris,Slide,21 August 2025
2549,MH/RAI/47F03/2020/1,Maharashtra,Raigad,- Kavathe-Murud Road,18.43,73.11,Rock,Slide,NA
2550,7344,Maharashtra,Raigad,,18.431983,73.111489,Debris,Slide,2025
2551,MH/RAI/47B15/2020/3,Maharashtra,Raigad,- Satirda Kashid Road,18.49,72.96,Debris,Slide,NA
2552,MH/RAI/47F06/2020/1,Maharashtra,Raigad,- Nanose-Gondhav Road,18.69,73.29,Debris,Slide,2019
2553,MH/PUN/47F05/2020/2,Maharashtra,Raigad,"- Mumbai-Pune Express highway,",18.76,73.35,Rock,Slide,2019
2554,MH/PUN/47F05/2020/6,Maharashtra,Raigad,- Diksal,18.97,73.32,Debris,Slide,2015
2555,MH/RGD/47F12/2021-22/07A,Maharashtra,Raigad/Mahad,Zholicha Kond Slide 21km away from Mahad town,18.16494444,73.50580556,Debris,Slide,"22 July 2021, 7:00pm"
2556,MH/RGD/47F12/2021-22/07B,Maharashtra,Raigad/Mahad,Zholicha Kond Slide 21km away from Mahad town,18.16788889,73.50461111,Debris,,
2557,MH/RGD/47F07/2021-22/06B,Maharashtra,Raigad/Mahad,Sandhoshi- Dandkond 32 km away from Mahad town,18.27913889,73.42569444,Debris,,"22 July 2021, 4:00pm"
2558,MH/RAI/47F12/2021/09A,Maharashtra,Raigad/Poladpu,Sonarwadi-Vadghar 21 km distance by Poladpur-,18.03599722,73.58481944,Debris,Slide,22 July 2021
2559,MH/RAI/47G09/2021/18A,Maharashtra,Raigad/Poladpur,Kudpan Khurd 13km by Poladpur-Borwale road,17.87736111,73.55197222,Debris,Slide,2021
2560,MH/RAI/47G05/2021/17,Maharashtra,Raigad/Poladpur,Katli-Kamatwadi 10 km Poladpur-Khed tar road.,17.91005556,73.43744444,Debris,Slide,2021
2561,MH/RAI/47G09/2021/19,Maharashtra,Raigad/Poladpur,Kineshwar 21km by Poladpur Kineshwar,17.92630556,73.53969444,Debris,Slide,2021
2562,MH/RAI/47G09/2021/05,Maharashtra,Raigad/Poladpur,Chandke 18 km distance from Poladpur,17.98683333,73.58605556,Debris,Slide,22 July 2021
2563,MH/RAI/47G09/2021/06,Maharashtra,Raigad/Poladpur,Khopad 20 km distance from the,17.99469444,73.59305556,Debris,Subsidence,
2564,MH/RAI/47G09/2021/02A,Maharashtra,Raigad/Poladpur,Borawale-Kodwe Kond 13km distance from the,17.99716667,73.52313889,Debris,Slide,22 July 2021
2565,MH/RAI/47F12/2021/12,Maharashtra,Raigad/Poladpur,Morsade Balmachi 18 km away Kamathe road via,18.04758333,73.56177778,Debris,Slide,21 July 2021
2566,MH/RAIG/47F04/2008/0035,Maharashtra,Raigarh,(Raygad) State Highway; Ambet -,18.043889,73.137222,Rock,Slide,NA
2567,MH/RAIG/47F04/2008/0029,Maharashtra,Raigarh,(Raygad),18.061667,73.223056,Rock,Rock fall,NA
2568,MH/RAIG/47F04/2008/0041,Maharashtra,Raigarh,(Raygad) Mhasala-Durgwadi village road,18.125556,73.114722,Debris,Slide,NA
2569,MH/RAIG/47F04/2008/0056,Maharashtra,Raigarh,"(Raygad) SH 90, Tala - Sai - Mhasala Road",18.1575,73.165833,Debris,Slide,NA
2570,MH/RAIG/47F04/2008/0042,Maharashtra,Raigarh,(Raygad) Mhasala - Dhorje - Kurtudi road,18.161667,73.14,Debris,Slide,NA
2571,MH/RAIG/47F04/2008/0050,Maharashtra,Raigarh,(Raygad) Mhasala - Mangaon road,18.201389,73.200278,Debris,Slide,NA
2572,MH/RAIG/47F04/2008/0049,Maharashtra,Raigarh,(Raygad) Mhasala - Mangaon road,18.201667,73.201944,Debris,Slide,NA
2573,MH/RAIG/47F04/2008/0048,Maharashtra,Raigarh,(Raygad) Mhasala- Mangaon road (Morbi,18.204167,73.205833,Debris,Slide,NA
2574,MH/RAIG/47F04/2008/0046,Maharashtra,Raigarh,(Raygad) Mhasala - Mangaon road,18.218056,73.226667,Debris,Slide,NA
2575,MH/RAIG/47F04/2008/0045,Maharashtra,Raigarh,"(Raygad) Mangaon-Mhasala road, Morbi",18.221944,73.2275,Debris,Slide,NA
2576,MH/RAIG/47F03/2008/0016,Maharashtra,Raigarh,"(Raygad) SH 92; Murud - Roha Road, 20",18.272778,73.034722,Debris,Slide,NA
2577,MH/RAIG/47F03/2008/0020,Maharashtra,Raigarh,(Raygad) Between Mithaghar and,18.295556,73.036667,Debris,Slide,NA
2578,MH/RAIG/47F03/2008/0012,Maharashtra,Raigarh,(Raygad) Across bridge at Khajani SH 96; Khajani – Tala road,18.299444,73.063056,Debris,Slide,NA
2579,MH/RAIG/47F03/2008/0023,Maharashtra,Raigarh,(Raygad) SH60; Salav - Roha road via,18.471389,73.068889,Debris,Slide,NA
2580,MH/RAIG/47F02/2008/0010,Maharashtra,Raigarh,(Raygad) SH 92; Nagothana – Roha road,18.511111,73.126111,Debris,Slide,NA
2581,MH/RAIG/47B14/2008/0002,Maharashtra,Raigarh,(Raygad) MHRAIG 020 Alibag-Revdanda Road,18.595556,72.921111,Rock,Slide,NA
2582,MH/RAIG/47F05/2008/0063,Maharashtra,Raigarh,(Raygad) Neral- Matheran Ghat road,19.003056,73.305,Rock,Rock fall,NA
2583,MH/RAIG/47F05/2009/0062,Maharashtra,Raigarh,(Raygad) Neral- Matheran Ghat road,19.005278,73.288611,Debris,Slide,NA
2584,MH/RAIG/47F05/2008/0061,Maharashtra,Raigarh,(Raygad) Neral- Matheran Ghat road,19.008056,73.292222,Debris,Slide,NA
2585,MlH/RAT/47G10/2021/64,Maharashtra,Ralnasgiri/Clmiplun,Tiware,17.58794167,73.668025,Debris,Slide,22 July 2021
2586,MH/RAT/47H10/2016/8,Maharashtra,Ratnagiri,Nikharewadi-Thavsarwadi Road,16.616,73.65,Earth,,2015
2587,MH/RAT/47H14/2016/25,Maharashtra,Ratnagiri,Patilwadi-Sutarwadi Road,16.674,73.811,Debris,Slide,2015
2588,MH/RAT/47H14/2016/26,Maharashtra,Ratnagiri,Patilwadi-Sutarwadi Road,16.675,73.812,Debris,Fall,2016
2589,MH/RAT/47H10/2016/6,Maharashtra,Ratnagiri,Pachal-Varachiwadi Road; SW,16.686,73.724,Rock,Slide,2016
2590,MH/RAT/47H14/2016/31,Maharashtra,Ratnagiri,Karak- Ambewadi Road,16.725,73.798,Rock,Rock fall,2014
2591,MH/RAT/47H14/2016/37,Maharashtra,Ratnagiri,Anuskara Road; SH-150,16.737,73.773,Debris,Slide,2015
2592,MH/RAT/47H14/2016/35,Maharashtra,Ratnagiri,Anuskara Road; SH-150,16.745,73.789,Debris,Slide,2016
2593,MH/RAT/47H14/2016/34,Maharashtra,Ratnagiri,Anuskara Road; SH-150,16.745,73.739,Debris,Slide,2016
2594,MH/RAT/47H06/2016/3,Maharashtra,Ratnagiri,Bhu-Chikle Road,16.748,73.459,Earth,Fall,2016
2595,MH/RAT/47H09/2017/9,Maharashtra,Ratnagiri,VadvaliShivne road,16.75064,73.516631,Debris,Slide,NA
2596,MH/RAT/47H09/2017/7,Maharashtra,Ratnagiri,NH66,16.75186,73.584442,Debris,Slide,NA
2597,MH/RAT/47H13/2017/13,Maharashtra,Ratnagiri,SH150 earlier SH111,16.762333,73.790694,Rock,Rock fall,NA
2598,MH/RAT/47H05/2021/51,Maharashtra,Ratnagiri,Golap 10km south of Ratnagiri,16.89833611,73.32015,Debris,Slide,16 July 2021
2599,MH/RAT/47H05/2021/53,Maharashtra,Ratnagiri,Harcheri 20km southeast of Ratnagiri,16.94264444,73.44118611,,Subsidence,22 July 2021
2600,MH/RAT/47H05/2021/54,Maharashtra,Ratnagiri,Harcheri-Khedkuli road,16.95222222,73.43364352,,,23 July 2021
2601,MH/RAT/47H09/2017/4,Maharashtra,Ratnagiri,NH66,16.986931,73.684917,Debris,Slide,NA
2602,MH/RAT/47H09/2017/2,Maharashtra,Ratnagiri,VadvaliShivne road,16.991897,73.677049,Debris,Slide,NA
2603,MH/RAT/47H09/2017/3,Maharashtra,Ratnagiri,VadavaliShivne road,16.992058,73.675903,Debris,Slide,NA
2604,MH/RAT/47G12/2017/10,Maharashtra,Ratnagiri,DevrukhSakarpa Rd,17.0004,73.67408,Rock,Rock fall,NA
2605,MH/RAT/47G12/2017/9,Maharashtra,Ratnagiri,DevrukhSakarpa Rd,17.00531,73.6754,Debris,Slide,NA
2606,MH/RAT/47G16/2017/17,Maharashtra,Ratnagiri,MalkapurManel road,17.01594,73.778689,Debris,Slide,NA
2607,MH/RAT/47G12/2017/6,Maharashtra,Ratnagiri,"Nr Primary School,",17.03716,73.62069,Debris,Fall,NA
2608,MH/RAT/47G16/2017/16,Maharashtra,Ratnagiri,MalkapurManel road,17.039222,73.76601,Debris,Slide,NA
2609,MH/RAT/47G16/2017/15,Maharashtra,Ratnagiri,MalkapurManel road,17.041771,73.760624,Debris,Slide,NA
2610,MAH/RAT/47G08/2015/104,Maharashtra,Ratnagiri,Nivali NH-66,17.055,73.438,Debris,Slide,2010
2611,MAH/RAT/47G08/2015/103,Maharashtra,Ratnagiri,NH-66,17.058,73.447,Debris,Slide,2010
2612,MAH/RAT/47G08/2015/97,Maharashtra,Ratnagiri,Lajul Lajul,17.107,73.417,Debris,Slide,2014
2613,MH/RAT/47G12/2017/1,Maharashtra,Ratnagiri,"Close to Surve Stop,",17.1122,73.57542,Debris,Fall,NA
2614,MH/RAT/47G08/2021/48,Maharashtra,Ratnagiri,Dhamanse 26km NNE of Ratnagiri via,17.13904167,73.33825,,,15 July 2021
2615,MAH/RAT/47G08/2015/108,Maharashtra,Ratnagiri,Rai Rai - Jakadevi Rd,17.21,73.396,Debris,,2010
2616,MAH/RAT/47G08/2015/110,Maharashtra,Ratnagiri,Agarnaral Jakadevi - Agarnaral Rd,17.223,73.346,Rock,Rock fall,2010
2617,MAH/RAT/47G08/2015/89,Maharashtra,Ratnagiri,Malgund Ganpatipule - Malgund Rd,17.23,73.335,Debris,Slide,2013
2618,MAH/RAT/47G08/2015/90,Maharashtra,Ratnagiri,Kolisare Kolisare Bandar Rd,17.234,73.327,Debris,Slide,2014
2619,MH/RAT/47G07/2016/35,Maharashtra,Ratnagiri,Loharwadi Loharwadi-Ghavalwadi Road,17.266,73.429,Debris,Slide,NA
2620,MH/RAT/47G07/2009/127,Maharashtra,Ratnagiri,Bhatgaon and Abaloli Road,17.273,73.374,Debris,,2009
2621,MH/RAT/47G11/2017/28,Maharashtra,Ratnagiri,KuchambePechambe Rd,17.287167,73.630306,Debris,Slide,NA
2622,MH/RAT/47G07/2016/31,Maharashtra,Ratnagiri,Manwadi Asore-Manwadi Road,17.289,73.369,Debris,Slide,NA
2623,MH/RAT/47G07/2016/30,Maharashtra,Ratnagiri,Asore Abaloli-Asore Road,17.321,73.354,Rock,Rock fall,NA
2624,MH/RAT/47G07/2016/34,Maharashtra,Ratnagiri,Thokwadi Giranwadi-Thokwadi Road,17.341,73.372,Debris,Slide,NA
2625,MH/RAT/47G11/2017/26,Maharashtra,Ratnagiri,PophliKoynanagar Rd,17.391556,73.669306,Debris,Fall,NA
2626,7376,Maharashtra,Ratnagiri,Kumbharli Ghat,17.426047,73.665599,Debris,Slide,NA
2627,MH/RAT/47G06/2016/09,Maharashtra,Ratnagiri,Varchiwadi Varchiwadi-Chivel Road,17.542,73.367,Rock,Rock fall,NA
2628,MH/RAT/47G06/2016/18,Maharashtra,Ratnagiri,Dharanwadi Kapde-Dharanwadi Road,17.549,73.425,Debris,Slide,2016
2629,MH/RAT/47G06/2016/11,Maharashtra,Ratnagiri,Bhoiwadi Bhoiwadi-Daphalwadi Road,17.559,73.362,Debris,Slide,2014
2630,MH/RAT/47G06/2016/04,Maharashtra,Ratnagiri,Shigvanwadi Shigvanwadi-Ketki Road,17.577,73.451,Debris,Slide,NA
2631,MH/RAT/47G06/2016/07,Maharashtra,Ratnagiri,"Bhoste NH-17, Khed Road",17.702,73.407,Rock,Rock fall,2016
2632,MH/RAT/47G10/2017/14,Maharashtra,Ratnagiri,ShirgaonShindi Rd,17.703361,73.603889,Rock,Rock fall,NA
2633,MH/RAT/47G06/2016/14,Maharashtra,Ratnagiri,Tokwadi Khed-Tokwadi Road,17.717,73.46,Debris,Slide,2016
2634,MH/RAT/47G10/2017/16,Maharashtra,Ratnagiri,ShindiUchat Rd,17.733167,73.652028,Debris,,NA
2635,MH/RAT/47G05/2018/20,Maharashtra,Ratnagiri,~ 10 km from Sakhroli road Sakhroli-Mandangad road,17.814,73.326,Debris,Slide,NA
2636,MH/RAT/47G05/2018/7,Maharashtra,Ratnagiri,Raigad-Ratnagiri distric boundary Karanjadi-Natunagar Road,17.88228,73.38417,Debris,Slide,NA
2637,MH/RAT/47G01/2019/3,Maharashtra,Ratnagiri,Velas Slide Velas-Sakhari Road,17.95566,73.0355,Debris,Slide,NA
2638,MH/RAT/47G01/2019/12,Maharashtra,Ratnagiri,Umroli Road,17.97145,73.11224,Debris,Slide,NA
2639,MH/RAT/47G01/2019/2,Maharashtra,Ratnagiri,Bankot Post-office Slide Veshvi-Bankot Road,17.97923,73.04431,Rock,Rock fall,NA
2640,MH/RAT/47F04/2019/9,Maharashtra,Ratnagiri,Panderi-Maphral Road,18.05085,73.24276,Rock,Rock fall,NA
2641,MH/RAT/47G| I/202 1 /91,Maharashtra,Ratnagiri/Chiplun,Kolakwadi 15 km Southeast of Chiplun via,17.46531667,73.65798611,,Subsidence,2021
2642,MH/RAT/47G1|/2021/92,Maharashtra,Ratnagiri/Chiplun,Kolakwadi 15 km Southeast of Chiplun via,17.46844444,73.64800556,Debris,Fall,"23 July 2021, 6:00 AM"
2643,MH/RAT/47G11/2021/95A,Maharashtra,Ratnagiri/Chiplun,Kolakwadi 16km SE of Chiplun via Shirgaon,17.48968333,73.65828889,Debris,,2021
2644,MH/RAT/47G11/2021/94,Maharashtra,Ratnagiri/Chiplun,Kolakwadi 16km SE of Chiplun via Shirgaon,17.49155833,73.66298333,Debris,Slide,"22 July 2021, 5 p.m"
2645,MH/RAT/47G10/2021/87,Maharashtra,Ratnagiri/Chiplun,Kalkavne 19 km east of Chiplun via Pimpli,17.50544722,73.653675,,Subsidence,2021
2646,MH/RAT/47GI0/2021/86,Maharashtra,Ratnagiri/Chiplun,Kalkavne 18 km east of Chiplun via Pimpli,17.51353889,73.644125,,Subsidence,2021
2647,MH/RAT/47G10/202 1/84,Maharashtra,Ratnagiri/Chiplun,Owali 21 km east of Chiplun via Pimpli,17.52335,73.66940833,,Subsidence,2021
2648,MH/RAT/47G10/202I/72,Maharashtra,Ratnagiri/Chiplun,Tiwadi 24km northeast of Chiplun via,17.57786944,73.67541667,Debris,Slide,2021
2649,MH/RAT/47G10/2021/74,Maharashtra,Ratnagiri/Chiplun,Rictoli 24 km northeast of Chipiun via,17.57986667,73.66395556,Debris,Slide,2021
2650,MH/RAT/47G10/2021/77,Maharashtra,Ratnagiri/Chiplun,Rictoli 27 km northeast of Chipiun via,17.57987778,73.66920556,Debris,Slide,2021
2651,MH/RAT/47G10/2021/66,Maharashtra,Ratnagiri/Chiplun,Tiware,17.60087778,73.69023333,,,2021
2652,MH/RAT/47G06/2021/55,Maharashtra,Ratnagiri/Dapoli,Bhadavale Dapoli-Dabhol-Bhadvale road,17.5821,73.341925,,Subsidence,2021
2653,MH/RAT/47G02/2021/60,Maharashtra,Ratnagiri/Dapoli,Dabhol 22 km south of Dapoli and can,17.59025556,73.1936,Rock,Rock fall,23 July 2021
2654,MH/RAT/47G10/2021/22,Maharashtra,Ratnagiri/Khed,Musad 32 km by Khed-Musad road,17.60086111,73.63894444,Debris,Slide,2021
2655,MIWRAT/47G10/2021/21,Maharashtra,Ratnagiri/Khed,Sakhar 46km Khed-Sakhar road via,17.63922222,73.636,Debris,Slide,2021
2656,MH/RAT/47G10/2021/25,Maharashtra,Ratnagiri/Khed,Talwat Khed 35 km distance from Khed by,17.64560833,73.6094,Debris,Slide,2021
2657,MH/RAT/47G10/2021/15,Maharashtra,Ratnagiri/Khed,Tisangi 33 km by Khed-Tisangi tar road.,17.71288889,73.50775,,Subsidence,2021
2658,MH/RAT/47G10/2021/12B,Maharashtra,Ratnagiri/Khed,Ambawali 15 km by Khed-Ambawali road,17.72015,73.54350278,Debris,Slide,2022
2659,MH/RAT/47G10/2021/12A,Maharashtra,Ratnagiri/Khed,Ambawali 15 km by Khed-Ambawali road,17.72055,73.54215833,Debris,Slide,2022
2660,MHRAT/47G09/2021/11,Maharashtra,Ratnagiri/Khed,Birmani 31 km by Khed-Birmani tar rond,17.83455,73.56541944,Debris,Slide,2021
2661,MH/RAT/47G05/2021/08,Maharashtra,Ratnagiri/Khed,Khawti 18 km by Khed Khawat1 tar,17.87586111,73.42325,Debris,Slide,22 July 2022
2662,MH/SAT/47G14/2021/24A,Maharashtra,SATARA,Bhairavgad 20km southwest of Satara and,17.54430556,73.96352778,Debris,Slide,24 July 2021
2663,MH/SAT/47GI4/2021/22,Maharashtra,SATARA,BONDARWADI 20km in the southwest of,17.62661389,73.87426111,Earth,Slide,"22 July 2021, 1.30 pm"
2664,MH/SAT/47G14/2021/23A,Maharashtra,SATARA,Sandavali 26km in the southwest of,17.63980556,73.83633333,Earth,Slide,23 July 2021
2665,MAH/SAN/47G08/2015/116,Maharashtra,Sangameshwar,Ambed Vandri - Ambed Rd,17.105,73.466,Debris,Slide,2013
2666,MAH/SAN/47G08/2015/130,Maharashtra,Sangameshwar,Kurthunda NH-66,17.161,73.495,Debris,Slide,2010
2667,MAH/SAN/47G08/2015/137,Maharashtra,Sangameshwar,Dingani Dingani - Sangameshwar Rd,17.169,73.479,Rock,Rock fall,2010
2668,MAH/SAN/47G08/2015/120,Maharashtra,Sangameshwar,Manjare Uple - Manjare Rd,17.199,73.426,Rock,Rock fall,2008
2669,MH/SAN/47K04/2017/3,Maharashtra,Sangli,Wakurde BudrukYelapur road,17.0595,74.0197,Debris,Fall,NA
2670,MH/SAT/47K04/2017/6,Maharashtra,Satara,YevtiChauglewadi road,17.181667,74.002222,Rock,Rock fall,NA
2671,MH/SAT/47G16/2017/33,Maharashtra,Satara,NiviPavarwadi road,17.204444,73.936389,Rock,Slide,NA
2672,MH/SAT/47G15/2017/49,Maharashtra,Satara,SangamnagarNanel road,17.368801,73.771862,Debris,Slide,NA
2673,MH/SAT/47G15/2017/72,Maharashtra,Satara,ChapalPatan road,17.39185,73.960221,Debris,Fall,NA
2674,MH/SAT/47G15/2017/76,Maharashtra,Satara,ChapalPatan road,17.394833,73.952486,Debris,Slide,NA
2675,MH/SAT/47G15/2017/26,Maharashtra,Satara,PatanTarli road,17.398597,73.945679,Debris,Slide,NA
2676,MH/SAT/47G15/2017/70,Maharashtra,Satara,ChapalTarli road,17.401224,73.968553,Debris,Slide,NA
2677,MH/SAT/47G15/2017/35,Maharashtra,Satara,PatanKerKarvat road,17.411111,73.87386,Debris,Slide,NA
2678,MH/SAT/47G15/2017/33,Maharashtra,Satara,PatanKerKarvat road,17.42152,73.864777,,Slide,NA
2679,MH/SAT/47G15/2017/18,Maharashtra,Satara,PatanChapoli road,17.462395,73.853096,,Slide,NA
2680,MH/SAT/47G15/2017/17,Maharashtra,Satara,PatanChapoli road,17.465522,73.851204,Debris,Slide,NA
2681,MH/SAT/47G15/2017/86,Maharashtra,Satara,PatanVairoshi road,17.4686,73.9633,Debris,Fall,NA
2682,MH/SAT/47G15/2017/58,Maharashtra,Satara,GhotBhorgewadi road,17.469431,73.932147,Debris,Slide,NA
2683,MH/SAT/47G15/2017/5,Maharashtra,Satara,MandureJalu road,17.478305,73.880142,,Slide,NA
2684,MH/SAT/47G15/2017/65,Maharashtra,Satara,GhotJennewadi road,17.486292,73.927921,Rock,Slide,NA
2685,MH/SAT/47G15/2017/90,Maharashtra,Satara,TarlePhadtalwadi road,17.491667,73.961111,Debris,Slide,NA
2686,MH/SAT/47G14/2019/13,Maharashtra,Satara,4.5km from Bhanang on Village,17.545485,73.888822,Debris,Slide,NA
2687,MH/SAT/47G14/2018/4,Maharashtra,Satara,2km from Thoseghar on,17.599836,73.851372,Debris,Subsidence,NA
2688,MH/SAT/47G14/2021/22,Maharashtra,Satara,BONDARWADI 20km by Thoseghar road from,17.62661389,73.87426111,Earth,Slide,22 July 2021 (around 1.30 pm)
2689,MH/SAT/47G14/2018/3,Maharashtra,Satara,500m from Sandavli,17.638873,73.838609,Debris,Slide,NA
2690,MH/SAT/47G14/2021/23A,Maharashtra,Satara,Sandavali 26kmbyThoseghar road,17.63980556,73.83633333,Earth,Slide,23 July 2021
2691,MH/SAT/47G14/2019/14,Maharashtra,Satara,Satara to Sajjangarh,17.648996,73.914925,Debris,Slide,NA
2692,MH/SAT/47G14/2018/11,Maharashtra,Satara,2.6km from Bamnoli on Kaas-,17.721938,73.762276,Debris,Subsidence,NA
2693,MH/SAT/47G13/2018/5,Maharashtra,Satara,500m on village road from,17.759035,73.783822,Debris,Slide,NA
2694,MH/SAT/47G13/2018/3,Maharashtra,Satara,800 m on Village road from,17.761852,73.782104,Debris,Slide,NA
2695,MH/SAT/47G13/2018/8,Maharashtra,Satara,4.3 km on Village road from,17.766086,73.798277,Debris,Subsidence,NA
2696,MH/SAT/47G13/2019/15,Maharashtra,Satara,1km from Kumbhargani on,17.78631,73.878484,Debris,Slide,NA
2697,MH/SAT/47G09/2019/42,Maharashtra,Satara,Mahabaleshwar-Medha-Satara,17.86861,73.74122,Debris,Slide,NA
2698,MH/SAT/47G09/2019/44,Maharashtra,Satara,Mahabaleshwar-Medha-Satara,17.86935,73.73753,Debris,Slide,NA
2699,MH/SAT/47G09/2019/43,Maharashtra,Satara,Mahabaleshwar-Medha-Satara,17.86946,73.7383,Debris,Slide,NA
2700,MH/SAT/47G09/2018/1,Maharashtra,Satara,"Machutar-1 Village road Machutar,",17.89461,73.71662,Debris,Slide,NA
2701,MH/SAT/47G09/2018/5,Maharashtra,Satara,~ 300 m from Metatale Poladpur-Pratapgarh-,17.92338,73.59939,Rock,Rock fall,NA
2702,MH/SAT/47G09/2018/25,Maharashtra,Satara,Poladpur-Pratapgarh-,17.925,73.62361,Rock,Rock fall,NA
2703,MH/SAT/47G09/2018/33,Maharashtra,Satara,MDR-17,17.92558,73.60272,Debris,Slide,NA
2704,MH/SAT/47G13/2018/12,Maharashtra,Satara,"SH-139, 7km from Wai on Wai-",17.935066,73.831652,Rock,Rock fall,NA
2705,MH/SAT/47G09/2018/9,Maharashtra,Satara,5/6 Km from Borgaon Budruk Wai-Borgaon Budruk-Vaygaon,17.95145,73.71837,Debris,Fall,NA
2706,MH/SAT/47F16/2018/2,Maharashtra,Satara,100m on village road from,18.021895,73.797905,Rock,Rock fall,NA
2707,MH/SAT/47G09/2021-22/43,Maharashtra,Satara/Mahabaleshwar,Zanzwad Mahabaleshwar via Kumbhroshi-,17.86045,73.64500556,Debris,Slide,"22 July 2021, 11:00pm"
2708,MH/SAT/47G09/2021/36C,Maharashtra,Satara/Mahabaleshwar,Chaturbet Chaturbet,17.86343889,73.62820278,Debris,Slide,"22 July 2021, 7:30-8:00pm"
2709,MH/SAT/47G09/2021/39C,Maharashtra,Satara/Mahabaleshwar,Yerne Khurd Yerne Khurd,17.87219167,73.69769722,Debris,Slide,"22 July 2021, 6:00pm"
2710,MH/SAT/47G09/2021/38A,Maharashtra,Satara/Mahabaleshwar,Yerne Bhudruk Yerne Bhudruk,17.88335833,73.69159722,Debris,Slide,"22 July 2021, 6:15-6:30pm"
2711,MH/SAT/47G09/2021/34,Maharashtra,Satara/Mahabaleshwar,Dudhoshi Dudhoshi-Mettale,17.92277222,73.615075,Debris,Debris flow,"22 July 2021, 8:00pm"
2712,MH/SAT/47G09/2021/35A,Maharashtra,Satara/Mahabaleshwar,Dare Jaoli-Dare-Haroshi,17.94766667,73.63555556,,Slide,"22 July 2021, 5:30-6pm"
2713,MH/SAT/47G15/2021/21B,Maharashtra,Satara/Patan,Chopdewadi village2 18km SE of Patan through Karad,-17.29222222,73.93933333,,,"23 July 2021, 1:30 pm"
2714,MH/SAT/47G16/2021/19B,Maharashtra,Satara/Patan,Joshewadi Village 36km southwest of Karad by,17.15505556,73.93858333,,,"24 July 2021, 12 noon"
2715,MH/SAT/47G16/2021/19D,Maharashtra,Satara/Patan,Joshewadi Village 36km southwest of Karad by,17.15505556,73.93841667,,,"24 July 2021, 12 noon"
2716,MH/SAT/47G16/2021/18B,Maharashtra,Satara/Patan,Jitkarwadi village 38km south of Patan,17.21026667,73.88538889,Debris,Slide,"23 July 2021, 2am"
2717,MH/SAT/47G15/2021/14C,Maharashtra,Satara/Patan,Sidrukwadi 11km in the southwest of Patan,17.30165556,73.83625278,Debris,Slide,"22 July 2021,8:30 pm"
2718,MH/SAT/47G15/2021/14A,Maharashtra,Satara/Patan,Sidrukwadi 11km in the southwest of Patan,17.30368611,73.83680278,Debris,Slide,"22 July 2021,8:30 pm"
2719,MH/SAT/47G15/2021/02,Maharashtra,Satara/Patan,Dhokavale LandSlide Morgiri-Risavad-Dhokavale road,17.32239444,73.74988333,Debris,Debris flow,"22 July 2021 , 2130 hrs"
2720,MH/SAT/47G11/2021/13A,Maharashtra,Satara/Patan,Humbarli 2.5km north of Koyna Nagar,17.41294444,73.73285,Debris,Debris flow,"22 July 2021, 9 pm"
2721,MH/SAT/47G15/2021/06,Maharashtra,Satara/Patan,Mirgaon LandSlide Koyna-Helwak road,17.42428889,73.74567778,Debris,Debris flow,"22 July 2021 , 2330 hrs"
2722,MH/SAT/47G15/2021/15B,Maharashtra,Satara/Patan,Borgewadi 16km through Patan-Tarle-Pali,17.44919444,73.92080556,Debris,,"22 July 2021,10-11am"
2723,MH/SAT/47G15/2021/17B,Maharashtra,Satara/Patan,Khudupalewadi 23km Patan-Chalkewadi road,17.45646667,73.80301667,Debris,Debris flow,22 July 2021
2724,MH/SAT/47G15/2021/16A,Maharashtra,Satara/Patan,Jugaiwadi 34km through Patan-Tarle road,17.466975,73.91580556,Debris,Slide,"23 July 2021,6.30pm to 6.45pm"
2725,MH/SAT/47G14/2021/20,Maharashtra,Satara/Patan,Bagalewadi 20km in the NE of Tarale,17.52803611,73.86265556,Debris,Slide,"24 July 2021, 2-2:30am"
2726,MH/SIN/48E13/2016/47,Maharashtra,Sindhudurg,Banda- Dodamarg area Banda-Dodamarg Area,15.743528,73.941,Debris,Slide,2016
2727,MH/SIN/48E13/2016/40,Maharashtra,Sindhudurg,Shirwal Dam area Shirwal Dam Area,15.776778,73.987639,Debris,Slide,2016
2728,MH/SIN/48E13/2016/46,Maharashtra,Sindhudurg,Digne Galel road Digne Galel Road,15.790722,73.8705,Debris,Slide,2016
2729,MH/SIN/48E13/2016/36,Maharashtra,Sindhudurg,Talkat-Kumbhavde Talkat-Kumbhavde Road,15.816,73.9765,Debris,Slide,2016
2730,MH/SIN/48E13/2016/13,Maharashtra,Sindhudurg,Gharpi-Asniye Gharpi-Asniye Road,15.8565,73.953333,Debris,Slide,2016
2731,MH/SIN/48E13/2016/22,Maharashtra,Sindhudurg,Insuli Ghat Insuli Ghat Road,15.870417,73.836694,Debris,Slide,2016
2732,MH/SIN/48E13/2016/73,Maharashtra,Sindhudurg,Dhanoli-Amboli road Dhanoli-Amboli Road,15.933667,73.9395,Debris,Slide,2016
2733,MH/SIN/48E13/2016/20,Maharashtra,Sindhudurg,"Gothve wadi, Shirshinge Gothve wadi, Shirshinge Road",16.034194,73.974722,Debris,Slide,2016
2734,MH/SIN/48E13/2016/51,Maharashtra,Sindhudurg,Shirshinge-Shivapur road Shirshinge-Shivapur Road,16.045444,73.977667,Debris,Slide,2016
2735,MH/SIN/48E13/2016/59,Maharashtra,Sindhudurg,Shirshinge-Shivapur road Shirshinge-Shivapur Road,16.058694,73.983472,Debris,Slide,2016
2736,MH/SIN/48E13/2016/60,Maharashtra,Sindhudurg,Shirshinge-Shivapur road Shirshinge-Shivapur Road,16.062472,73.982111,Debris,Slide,2016
2737,MH/SIN/48E13/2016/62,Maharashtra,Sindhudurg,Shivapur Shivapur Road,16.064,73.955972,Debris,Slide,2016
2738,MH/SIN/48E13/2016/90,Maharashtra,Sindhudurg,Nivje-Narur road Nivje-Narur Road,16.0655,73.784694,Debris,,NA
2739,MH/SIN/48E13/2016/69,Maharashtra,Sindhudurg,Ghotge-Durgawadi Ghotge-Durgawadi Road,16.172806,73.884278,Debris,Slide,2016
2740,MH/SIN/48E13/2016/71,Maharashtra,Sindhudurg,Ghotge-Durgawadi Ghotge-Durgawadi Road,16.191389,73.895472,Debris,Slide,2016
2741,MH/SIN/47H14/2016/42,Maharashtra,Sindhudurg,Karul Ghat Road; SH-115,16.53,73.832,Debris,Fall,2015
2742,MH/SIN/47H14/2016/45,Maharashtra,Sindhudurg,Karul Ghat Road; SH-115,16.533,73.824,Debris,Slide,2015
2743,MH/SIN/47H14/2016/18,Maharashtra,Sindhudurg,Bhui Bavda-Ravwadi Road,16.57,73.785,Debris,Slide,2016
2744,MH/SIN/47H10/2021/03,Maharashtra,Sindhudurg/Devgad,Pombhurle-Maplewadi Road Phombhurle-Malpewadi Road,16.51114722,73.52661944,,Subsidence,18 July 2021
2745,MH/SIN/47H16/2021/10,Maharashtra,Sindhudurg/Kankavli,"Digvale Landslide NNW of Digvale, Kanedi-Digvale",16.24857778,73.87273611,Debris,Debris flow,"23 July 2021, 3:00 AM."
2746,MH/SIN/47H16/2021/09,Maharashtra,Sindhudurg/Kudal,Gadkarwadi slide Mangaon-Shivapur-Shirshinge,16.06314722,73.97947778,Debris,Slide,"23 July 2021, 11:00PM"
2747,MAH/SIN/48E13/2021/12,Maharashtra,Sindhudurg/Sawantwadi,Galel 4km SE of Banda town by,15.79019444,73.87976111,Debris,Slide,"23 July 2021, 8:30 AM."
2748,MH/SIN/47H16/2021/11B,Maharashtra,Sindhudurg/Sawantwadi,Shirshinge slide Shirshinge-Sivapur road,16.04148611,74.97451667,,Subsidence,"23 July 2021, 3:00 AM."
2749,MH/SIN/47H08/2021/16A,Maharashtra,Sindhudury/Vengurla,Korjai-Anandwadi Korjai-Anandwadi road,16.00278611,73.49911111,,Subsidence,2021
2750,5747,Maharashtra,Thane,Malshej Malshej ghat,19.338163,73.785007,Rock,,27 July 2025
2751,18817,Manipur,/Noney/83H09/2020/0,Manipur Noney Longmai Slide NH-37(Imphal-Jiribam road)/,24.85536111,93.62402778,Debris,Slide,
2752,MN/BNP/83H15/2020/4,Manipur,Bishnupur,T. Vajang Road,24.32,93.79,Debris,Slide,NA
2753,MN/BIS/83H14/2024/02,Manipur,Bishnupur,Khunjem slide-2 Thanga Khunjem Leikai,24.517056,93.817056,Debris,Slide,2 August 2024.
2754,MN/CDL/84I01/2020/2,Manipur,Chandel,Tuitong section,23.96,94.06,Rock,Slide,2015
2755,MN/CDL/84I01/2020/3,Manipur,Chandel,Tuitong section,23.97,94.04,Rock,Slide,2015
2756,MN/CDL/84I01/2020/9,Manipur,Chandel,Near Phaiphengkot village,23.98,94.02,Rock,Slide,2015
2757,MN/CDL/84I01/2020/7,Manipur,Chandel,Near Shellon Village,23.98,94.03,Rock,Slide,2018
2758,MN/CDL/84E13/2020/3,Manipur,Chandel,Chandel,23.99,93.94,Debris,Slide,2020
2759,MN/CDL/83H16/2020/34,Manipur,Chandel,Tengnoupal,24.01,93.99,Rock,Slide,2015
2760,MN/CDL/83H16/2020/32,Manipur,Chandel,N/A N/A,24.01,93.97,Rock,Rock fall,2015
2761,MN/CDL/83L04/2020/7,Manipur,Chandel,Khenjoy section,24.04,94.08,Rock,Slide,2018
2762,MN/CDL/83L04/2020/4,Manipur,Chandel,Khenjoy section,24.05,94.07,Rock,Slide,2018
2763,MN/CDL/83L04/2020/14,Manipur,Chandel,Khenjoy section,24.08,94.03,Rock,Slide,2018
2764,MN/CDL/83L04/2020/65,Manipur,Chandel,Tengnoupal,24.11,94.02,Rock,Slide,2015
2765,MN/CDL/83L04/2020/26,Manipur,Chandel,Tengnoupal,24.12,94.13,Rock,Slide,2015
2766,MN/CDL/83L04/2020/27,Manipur,Chandel,Tengnoupal,24.13,94.13,Rock,Slide,2015
2767,MN/CDL/83L04/2020/41,Manipur,Chandel,Tengnoupal,24.13,94.07,Rock,Slide,2015
2768,MN/CDL/83L04/2020/38,Manipur,Chandel,Tengnoupal,24.13,94.07,Rock,Slide,2015
2769,MN/CDL/83L04/2020/76,Manipur,Chandel,Near Firan Machet village,24.19,94.01,Rock,Slide,2015
2770,MN/CDL/83L04/2020/1,Manipur,Chandel,Along T. Minou to T.,24.22,94.24,Rock,Slide,2020
2771,MN/CHA/83L03/2018/35,Manipur,Chandel,Wamku,24.250722,94.073861,Rock,Slide,NA
2772,MN/CHA/83L03/2018/60,Manipur,Chandel,1km E of Larong Khullen,24.253611,94.100258,Debris,Slide,NA
2773,MAN/CHAN/83L06/2007/C-8,Manipur,Chandel,Kondong Lairembi slide,24.25806,94.28722,Debris,Slide,2007
2774,MN/CHA/83L03/2018/2,Manipur,Chandel,Khongjam,24.272667,94.075083,Debris,Slide,NA
2775,MN/CHA/83L03/2018/12,Manipur,Chandel,1km East of Larong Khunou,24.285722,94.128222,Debris,Slide,NA
2776,MN/CHA/83H15/2018/3,Manipur,Chandel,2km east of Khambathel,24.314194,93.928861,Debris,Slide,NA
2777,MN/CHA/83L03/2018/54,Manipur,Chandel,Lamphou Cheru,24.317619,94.003678,Debris,Slide,NA
2778,MN/CHA/83H15/2018/2,Manipur,Chandel,Charangching Khaibung,24.346028,93.954583,Rock,Rock fall,NA
2779,MN/CCP/83H12/2020/25,Manipur,Churachandpur,Behiang-Jang Road 5km North,23.98,93.55,Rock,Slide,NA
2780,MN/CCP/83E09/2020/2,Manipur,Churachandpur,Behiang Road,23.99,93.55,Debris,Slide,NA
2781,MN/CCP/83H12/2020/16,Manipur,Churachandpur,Tiddim Road,24.03,93.57,Debris,Slide,NA
2782,MN/CCP/83H12/2020/15,Manipur,Churachandpur,Tiddim Road,24.05,93.57,Debris,Slide,NA
2783,MN/CCP/83H08/2020/19,Manipur,Churachandpur,3.5 km SW Sinzawl,24.06,93.28,Debris,Slide,NA
2784,MN/CCP/83H12/2020/12,Manipur,Churachandpur,Mongkot road,24.11,93.52,Debris,Slide,NA
2785,MN/CCP/83H08/2020/17,Manipur,Churachandpur,2 km NE Phaitong,24.12,93.29,Debris,Slide,NA
2786,MN/CCP/83H11/2020/6,Manipur,Churachandpur,Mungpi Road,24.14,93.57,Debris,Slide,NA
2787,MN/CCP/83H11/2020/7,Manipur,Churachandpur,Near Mungpi,24.14,93.57,Rock,Slide,NA
2788,MN/CCP/83H11/2020/5,Manipur,Churachandpur,Tulumjang village,24.15,93.58,Debris,Slide,NA
2789,MN/CCP/83H12/2020/32,Manipur,Churachandpur,Mongken Road,24.15,93.58,Debris,Slide,NA
2790,MN/CCP/83H12/2020/6,Manipur,Churachandpur,Zabelli Road,24.17,93.58,Debris,Slide,NA
2791,MN/CCP/83H12/2020/35,Manipur,Churachandpur,Near Mongkot,24.17,93.58,Debris,Slide,NA
2792,MN/CCP/83H07/2020/5,Manipur,Churachandpur,1.5 km SW Songpekmun,24.32,93.28,Debris,Slide,NA
2793,MN/CCP/83H11/2020/23,Manipur,Churachandpur,Near Gelnuom,24.33,93.55,Debris,Slide,NA
2794,MN/CCP/83H11/2020/45,Manipur,Churachandpur,"Songpi village, mission",24.33,93.53,Debris,Slide,NA
2795,MN/CCP/83H11/2020/11,Manipur,Churachandpur,Tipaimukh road,24.34,93.66,Debris,Slide,NA
2796,MN/CCP/83H11/2020/15,Manipur,Churachandpur,Kaulmoul quarry section,24.34,93.66,Debris,Slide,NA
2797,MN/CCP/83H07/2020/3,Manipur,Churachandpur,1 km SW Tallian,24.34,93.32,Debris,Slide,NA
2798,MN/CCP/83H11/2020/19,Manipur,Churachandpur,Gelmoul Village,24.35,93.66,Debris,Slide,NA
2799,MN/CCP/83H08/2020/3,Manipur,Churachandpur,Galkpkot,24.35,93.28,Debris,Slide,NA
2800,MN/CCP/83H11/2020/46,Manipur,Churachandpur,"Songpi village, mission",24.35,93.51,Debris,Slide,NA
2801,MN/CHU/83H10/2018/85,Manipur,Churachandpur,Data taken from Nalon village,24.538817,93.676767,Debris,Slide,NA
2802,MN/CHU/83H10/2018/81,Manipur,Churachandpur,Pangjang - Gouijang highway,24.548053,93.709739,Debris,Slide,NA
2803,MN/CHU/83H10/2018/35,Manipur,Churachandpur,"Loktak- Leimatak highway, near",24.607528,93.713778,Debris,Slide,NA
2804,MN/CHU/83H10/2018/37,Manipur,Churachandpur,Data taken from Loktak-,24.612992,93.670236,Debris,Slide,NA
2805,MN/JRM/83H02/2020/14,Manipur,Jiribam,Tongtao Village,24.68,93.11,Debris,Slide,NA
2806,MN/JRM/83H02/2020/20,Manipur,Jiribam,Along JT road,24.69,93.12,Rock,Slide,NA
2807,MN/JRM/83H02/2020/23,Manipur,Jiribam,Chandranathpur to Dawtlang,24.72,93.14,Debris,Slide,NA
2808,MN/JRM/83H02/2020/19,Manipur,Jiribam,Pangkotphai- Nungkhal road,24.73,93.17,Rock,Slide,NA
2809,MN/JRM/83H02/2020/18,Manipur,Jiribam,"JT road, Molbung area",24.74,93.12,Debris,Slide,NA
2810,MN/JRM/83H02/2020/4,Manipur,Jiribam,Pangkotphai- Nungkhal road,24.74,93.16,Rock,Slide,NA
2811,MN/KAM/83L06/2018/30,Manipur,Kamjong,4 km S of Sorbong Village,24.645686,94.38249,Rock,Rock fall,NA
2812,MN/KAM/83L06/2018/29,Manipur,Kamjong,3 km S of Sorbong Village,24.652556,94.389194,Debris,Slide,NA
2813,MN/KAM/83L06/2018/9,Manipur,Kamjong,Kasom Khullen,24.673582,94.270534,Debris,Slide,NA
2814,MN/KAM/83L06/2018/7,Manipur,Kamjong,Kasom Khullen,24.676323,94.253976,Debris,Slide,NA
2815,MN/KAM/83L06/2018/16,Manipur,Kamjong,Kasom Khullen (cultivation area),24.677303,94.253445,Debris,Slide,NA
2816,MN/KAM/83L06/2018/17,Manipur,Kamjong,Kasom Khullen (cultivation area),24.67916,94.252632,Debris,Slide,NA
2817,MN/KAM/83L06/2018/6,Manipur,Kamjong,Kasom Khullen,24.683238,94.267283,Debris,Subsidence,NA
2818,MN/KAM/83L06/2018/27,Manipur,Kamjong,0.5 km S of Mailiang Village,24.745805,94.348327,Debris,Slide,NA
2819,MN/KAM/83L09/2017/49,Manipur,Kamjong,Movailop,24.777306,94.601889,,Slide,NA
2820,MN/KAM/83L05/2018/6,Manipur,Kamjong,1.5 km W of Tusom Village,24.796417,94.398786,Debris,Slide,NA
2821,MN/KAM/83L05/2018/7,Manipur,Kamjong,1 km W of Tusom Village,24.798077,94.406137,Rock,Slide,NA
2822,MN/KAM/83L06/2018/26,Manipur,Kamjong,0.5 km S of Phungyar Village,24.811301,94.355581,Debris,Slide,NA
2823,MN/KAM/83L05/2018/36,Manipur,Kamjong,1.5 km N of Phungyar Village,24.819694,94.352611,Debris,Slide,NA
2824,MN/KAM/83L09/2017/4,Manipur,Kamjong,Kamjong,24.821028,94.50425,Debris,Slide,NA
2825,MN/KAM/83L05/2018/60,Manipur,Kamjong,2 km NE of Alang Village,24.831028,94.334833,Rock,Slide,NA
2826,MN/KAM/83L05/2018/28,Manipur,Kamjong,3.7 km SE of Khuntak Awang,24.838167,94.357139,Debris,Slide,NA
2827,MN/KAM/83L05/2018/27,Manipur,Kamjong,3.6 km SE of Khuntak Awang,24.8385,94.357083,Debris,Slide,NA
2828,MN/KAM/83L05/2018/26,Manipur,Kamjong,3.5 km SE of Khuntak Awang,24.839028,94.357083,Debris,Slide,NA
2829,MN/KAM/83L05/2018/24,Manipur,Kamjong,Khuntak Awang Village Road,24.847417,94.358028,Debris,Slide,NA
2830,MN/KAM/83L05/2018/17,Manipur,Kamjong,Laushing Village,24.852222,94.369333,Debris,Slide,NA
2831,MN/KAM/83L09/2017/25,Manipur,Kamjong,Chattrick,24.867139,94.566889,Debris,Slide,NA
2832,MN/KAM/83L05/2018/56,Manipur,Kamjong,1 km W of Godah Village,24.901444,94.338306,,Slide,NA
2833,MN/KAM/83L05/2018/57,Manipur,Kamjong,0.7 km W of Godah Village,24.901861,94.341944,Debris,Slide,NA
2834,MN/KAM/83L05/2018/69,Manipur,Kamjong,6 km NW of Kamjong,24.91475,94.464944,Debris,Slide,NA
2835,MN/KAM/83L09/2017/43,Manipur,Kamjong,Chahong,24.917611,94.576556,,Slide,NA
2836,MN/KAM/83L09/2017/36,Manipur,Kamjong,Chahong,24.938361,94.549556,Debris,Slide,NA
2837,MN/KAM/83L09/2017/33,Manipur,Kamjong,Chahong,24.94225,94.541056,,Slide,NA
2838,MN/KAM/83L05/2018/73,Manipur,Kamjong,0.5 km NE of Maku Village,24.957209,94.473616,Debris,Slide,NA
2839,MN/KAM/83L09/2017/13,Manipur,Kamjong,Maokot,24.991833,94.603306,Debris,Slide,NA
2840,MN/KAN/83L02/2018/15,Manipur,Kangpokpi,Salam Patong,24.682778,94.140056,Rock,Slide,NA
2841,MN/KAN/83L02/2018/11,Manipur,Kangpokpi,Yairipok-Hongbei road,24.708417,94.198278,Debris,Slide,NA
2842,MN/KAN/83H13/2018/14,Manipur,Kangpokpi,Kangchup Ponlen,24.871694,93.776861,Debris,Slide,NA
2843,MN/KAN/83L01/2018/46,Manipur,Kangpokpi,Khonkon village,24.996444,94.021444,Debris,Slide,NA
2844,MN/KAN/83G16/2018/007,Manipur,Kangpokpi,Kalikhola Slide II (Old Landslide) Kalikhola village,25.146528,93.941722,Debris,Slide,"4 June 2017, July 2018"
2845,MN/KPI/83G016/2022/01,Manipur,Kangpokpi,"Lamlenkon landslide Imphal-Tamei Road, Tujang",25.24868889,93.85251111,Rock,Slide,"6 June 2021, 2 August and 26 March"
2846,MN/CCP/83H11/2020/48,Manipur,Moirang,Ithai,24.33,93.55,Debris,Slide,NA
2847,MN/NON/83H10/2018/31,Manipur,Noney,Imphal-Khoupum highway,24.614883,93.696186,Debris,Slide,NA
2848,MN/NON/83H10/2018/66,Manipur,Noney,"NH_37A, Imphal-Khoupum",24.62595,93.692953,Debris,Slide,NA
2849,MN/NON/83H10/2018/25,Manipur,Noney,Kaigongjen village,24.631861,93.721889,Debris,Slide,NA
2850,MN/NON/83H10/2018/26,Manipur,Noney,Ngaryan,24.634278,93.719639,Debris,Slide,NA
2851,MN/NON/83H10/2018/27,Manipur,Noney,"Imphal-Khoupum highway, near",24.635389,93.719194,Debris,Slide,NA
2852,MN/NON/83H10/2018/60,Manipur,Noney,"NH_37A, Imphal-Khoupum",24.636444,93.606694,Debris,Slide,NA
2853,MN/NON/83H10/2018/5,Manipur,Noney,Zouyantek to Imphal highway,24.637806,93.69075,Debris,Slide,NA
2854,MN/NON/83H10/2018/48,Manipur,Noney,"NH_37A, Imphal-Khoupum",24.640072,93.627392,Debris,Slide,NA
2855,MN/NON/83H10/2018/12,Manipur,Noney,Along Imphal-Khuopum road.,24.641369,93.623008,Debris,Slide,NA
2856,MN/NON/83H10/2018/2,Manipur,Noney,Zouyantek to Imphal highway,24.641444,93.691639,Debris,Slide,NA
2857,MN/NON/83H10/2018/40,Manipur,Noney,"NH_37A, Imphal-Khoupum",24.64175,93.623222,Debris,Slide,NA
2858,MN/NON/83H10/2018/76,Manipur,Noney,"Khoupum valley, near dam",24.664694,93.532361,Debris,Slide,NA
2859,MN/NON/83H10/2018/9,Manipur,Noney,Data taken from Sangji village-,24.672569,93.6973,Debris,Slide,NA
2860,MN/NON/83H06/2018/4,Manipur,Noney,Bwanruangh Taudaijang,24.729944,93.485833,Debris,Slide,NA
2861,MN/NON/83H05/2018/60,Manipur,Noney,Rengpang,24.759667,93.462694,Debris,Slide,NA
2862,MN/NON/83H05/2018/55,Manipur,Noney,Rengpang,24.766667,93.458111,Debris,Slide,NA
2863,MN/NON/83H05/2018/51,Manipur,Noney,Rengpang,24.768917,93.457306,Rock,Slide,NA
2864,MN/NON/83H09/2018/55,Manipur,Noney,Tupul-Charai Chakatlong,24.769333,93.653722,Debris,Slide,NA
2865,MN/NON/83H05/2018/83,Manipur,Noney,Thingou,24.788889,93.441889,Debris,Slide,NA
2866,MN/NON/83H09/2018/3,Manipur,Noney,NH37,24.794722,93.655778,Debris,Slide,2018
2867,MN/NON/83H09/2018/7,Manipur,Noney,NH37,24.7955,93.736056,Rock,Rock fall,NA
2868,MN/NON/83H09/2018/50,Manipur,Noney,Data taken from NH-37,24.796319,93.737025,Debris,Slide,NA
2869,MN/NON/83H/,Manipur,Noney,NH37,24.79727778,93.73777778,Debris,Slide,2018
2870,MN/NON/83H09/2018/9,Manipur,Noney,NH37,24.798,93.736,Debris,Slide,NA
2871,MN/NON/83H09/2018/1,Manipur,Noney,NH 37,24.801111,93.653111,Debris,Slide,NA
2872,MN/NON/83H05/2018/39,Manipur,Noney,Khongsang,24.801389,93.469444,Debris,Slide,NA
2873,MN/NON/83H09/2018/48,Manipur,Noney,Data taken from NH-37,24.802417,93.699175,Debris,Slide,NA
2874,MN/NON/83H09/2018/74,Manipur,Noney,Below NH-37,24.808611,93.729078,Debris,Slide,NA
2875,MN/NON/83H09/2018/13,Manipur,Noney,NH37,24.815833,93.740194,Debris,Slide,NA
2876,MN/NON/83H09/2018/79,Manipur,Noney,Maranching to Noney highway,24.818936,93.688939,Debris,Slide,NA
2877,MN/NON/83H09/2018/77,Manipur,Noney,Kharam to Noney road,24.822953,93.710756,Debris,Slide,NA
2878,MN/NON/83H09/2018/37,Manipur,Noney,NH-37,24.829333,93.507056,Debris,Slide,NA
2879,MN/NON/83H05/2018/33,Manipur,Noney,Irang,24.836222,93.482111,Debris,Slide,NA
2880,MN/NON/83H10/2024/01,Manipur,Noney,Longmai Part-I slide Longmai (NH-37),24.85397,93.61937,Debris,Slide,
2881,MN/NON/83H10/2024/02,Manipur,Noney,DIET Training Centre Slide Longmai,24.8587,93.61439,Debris,Slide,2024
2882,MN/NON/83H10/2018/24,Manipur,Noney,Noney town,24.860639,93.62675,Debris,Slide,NA
2883,6839,Manipur,Noney,NH-37,24.862146,93.595644,Debris,Slide,09 Septemebr 2025
2884,MN/NON/83H10/2018/23,Manipur,Noney,"Below NH-37, Noney town",24.862903,93.616397,Debris,Slide,NA
2885,MN/NON/83H09/2018/29,Manipur,Noney,NH-37,24.86375,93.598917,Debris,Slide,NA
2886,MN/NON/83H09/2018/62,Manipur,Noney,Data taken from Haochong,24.890167,93.707572,Debris,Slide,NA
2887,MN/PZL/83H04/2020/6,Manipur,Pherzawl,Lungthulien Village.,24.23,93.08,Debris,Slide,NA
2888,MN/PZL/83H03/2020/14,Manipur,Pherzawl,3.2 km south west of Taithu,24.28,93.11,Debris,Slide,NA
2889,MN/PZL/83H03/2020/11,Manipur,Pherzawl,2 km south west of Taithu,24.29,93.12,Debris,Slide,NA
2890,MN/PZL/83H03/2020/4,Manipur,Pherzawl,2 km north east of Taithu,24.32,93.14,Debris,Slide,NA
2891,MN/PZL/83H02/2020/29,Manipur,Pherzawl,"Below JT road, betweenLower",24.52,93.09,Debris,Slide,2016
2892,MN/PZL/83H02/2020/44,Manipur,Pherzawl,JT road,24.52,93.09,Debris,Slide,NA
2893,MN/PZL/83H02/2020/36,Manipur,Pherzawl,"Data taken from JT road,",24.54,93.11,Debris,Slide,NA
2894,MAN/SEN/83K04/2015/96,Manipur,Senapati,Along Saikul road,25.085833,94.107222,Rock,Rock fall,2015
2895,MAN/SEN/83K04/2015/95,Manipur,Senapati,Along Saikul road,25.086525,94.078197,Debris,Slide,2015
2896,MAN/SEN/83K04/2015/88,Manipur,Senapati,Along Sorbung road,25.2375,94.113889,Debris,Slide,2015
2897,MAN/SEN/83K04/2015/94,Manipur,Senapati,Along Sorbung road,25.255931,94.1254,Debris,Slide,NA
2898,MAN/SEN/83K03/2015/85,Manipur,Senapati,Along Sorbung road,25.257919,94.091564,Debris,Slide,2015
2899,MAN/SEN/83K03/2015/75,Manipur,Senapati,Along Sorbung road,25.268703,94.045883,Rock,Slide,NA
2900,MAN/SEN/83K03/2015/74,Manipur,Senapati,Along Sorbung road,25.268942,94.044694,Debris,Slide,2015
2901,MAN/SEN/83K03/2015/4,Manipur,Senapati,Senapati along NH-39,25.279389,94.032194,Debris,Slide,2015
2902,MAN/SEN/83K03/2015/13,Manipur,Senapati,Northwest of Maram Khonou,25.302639,94.014617,Debris,Slide,NA
2903,MAN/SEN/83K03/2015/49,Manipur,Senapati,Along Khabung road,25.321019,94.067142,Debris,Slide,NA
2904,MAN/SEN/83K03/2015/50,Manipur,Senapati,Along Khabung road,25.322717,94.067492,Debris,Slide,NA
2905,MAN/SEN/83K03/2015/53,Manipur,Senapati,Along Khabung road,25.324731,94.086558,Debris,Slide,NA
2906,MAN/SEN/83K03/2015/51,Manipur,Senapati,Along Khabung road,25.332489,94.080258,Debris,Slide,2014
2907,MAN/SEN/83K03/2015/62,Manipur,Senapati,Along Thingba Khullen and,25.340433,94.166631,Debris,Slide,2015
2908,MAN/SEN/83K03/2015/60,Manipur,Senapati,Along Thingba Khullen and,25.340833,94.160528,Debris,Slide,2015
2909,MAN/SEN/83K03/2015/72,Manipur,Senapati,Along Thingba Khullen and,25.363278,94.228389,Debris,Slide,2015
2910,MAN/SEN/83K03/2015/17,Manipur,Senapati,South of Maram Khullen,25.416389,94.067894,Debris,Slide,NA
2911,MAN/SEN/83K03/2015/18,Manipur,Senapati,South of Maram Khullen,25.416419,94.077794,Debris,Slide,NA
2912,MAN/SEN/83K03/2015/21,Manipur,Senapati,South of Maram Khullen,25.421656,94.071,Debris,Slide,2015
2913,MAN/SEN/83K03/2015/9,Manipur,Senapati,North of Maram,25.429097,94.108439,Debris,Slide,NA
2914,MAN/SEN/83K03/2015/31,Manipur,Senapati,West of New Magamai,25.444322,94.046858,Debris,Slide,2015
2915,MAN/SEN/83K03/2015/32,Manipur,Senapati,Northwest of New Magamai,25.446611,94.049511,Debris,Slide,2012
2916,MAN/SEN/83K03/2015/35,Manipur,Senapati,Northwest of New Magamai,25.453942,94.048881,Debris,Slide,NA
2917,MAN/SEN/83K2/2015/259,Manipur,Senapati,On NH-29 (earlier NH-39) at,25.508,94.135,Debris,,NA
2918,MAN/SEN/83G14/2015/6,Manipur,Senapati,Peren-Maram road,25.517,93.957,Debris,Slide,2010
2919,MN/SEN/83K02/2014/01,Manipur,Senapati,Mao Song Song NH-29 (NH2/AH-1),25.52103,94.13783,Debris,Slide,2014
2920,MAN/SEN/83G14/2015/31,Manipur,Senapati,Peren-Maram road,25.523,93.898,Rock,Rock fall,2015
2921,MAN/SEN/83K2/2015/194,Manipur,Senapati,NH-29,25.523,94.135,Debris,,NA
2922,MAN/SEN/83G14/2015/35,Manipur,Senapati,Peren-Maram road,25.523,93.955,Debris,Slide,2010
2923,MAN/SEN/83G14/2015/5,Manipur,Senapati,On Peren-Maram road,25.529,93.87,Rock,Slide,2010
2924,MN-34/2011,Manipur,TAMENGLONG,Sinam Kuki SLIDE,24.79083333,93.72333333,Rock,Slide,6 July 2011
2925,MN/TAM/83H06/2018/9,Manipur,Tamenglong,Kaimai,24.728917,93.256389,Debris,Slide,NA
2926,MN/TAM/83H06/2018/13,Manipur,Tamenglong,Tolen,24.734233,93.293194,Debris,Slide,NA
2927,MN/TAM/83H06/2018/11,Manipur,Tamenglong,Tolen,24.734861,93.296,Debris,Slide,NA
2928,MN/TAM/83H05/2018/86,Manipur,Tamenglong,Kaimai,24.761056,93.255167,Debris,Slide,NA
2929,MN/TAM/83H05/2018/88,Manipur,Tamenglong,Barak,24.768556,93.314358,Debris,Slide,NA
2930,MN/TAM/83H01/2018/51,Manipur,Tamenglong,Old Kaiphundi3 NH53,24.797951,93.214998,Debris,Slide,NA
2931,MN/TAM/83H05/2018/90,Manipur,Tamenglong,Longjon,24.798278,93.394306,,Slide,NA
2932,MN/TAM/83H01/2018/50,Manipur,Tamenglong,Old Kaiphundi2 NH53,24.79847,93.21583,Debris,Slide,NA
2933,MN/TAM/83H05/2018/91,Manipur,Tamenglong,Longjon,24.806806,93.404806,Debris,Slide,NA
2934,MN/TAM/83H01/2018/45,Manipur,Tamenglong,Makru2 NH53,24.8145,93.246,Debris,Slide,NA
2935,MAN/TAM/83H09/2009-10/MN-,Manipur,Tamenglong,Awangkhul slide NH-53 (Imphal-Jiribam ),24.82375,93.523861,Debris,,2010
2936,MN/TAM/83H01/2018/56,Manipur,Tamenglong,Sejang New Kaiphundai Sejang road.,24.85325,93.2449,Debris,Slide,NA
2937,MN/TAM/83H05/2018/23,Manipur,Tamenglong,Namkailong,24.8545,93.449036,Debris,Slide,NA
2938,MAN/TAM/83H05/2008/C-18,Manipur,Tamenglong,Tamenglong-Khongsang road (near,24.90139,93.45389,Debris,Slide,19 June 2008
2939,MN/TAM/83H05/2018/4,Manipur,Tamenglong,Tamenglong,24.942778,93.495333,Debris,Slide,NA
2940,MN/TAM/83H09/2018/27,Manipur,Tamenglong,"above NH-137,Tamenglong",24.97775,93.502639,Debris,Slide,NA
2941,MN/TAM/83H05/2018/1,Manipur,Tamenglong,New Kanan Tamenglong,24.983806,93.497528,Debris,Slide,22 June 2018
2942,MN/TMG/83H01/2018/001,Manipur,Tamenglong,Makru Bridge Landslide NH37/ ImphalJiribam Highway/,24.985167,93.508306,Debris,Slide,3 May 2018
2943,MN/TAM/83H05/2018/15,Manipur,Tamenglong,Neigailong Tamenglong,24.986472,93.49425,,Slide,NA
2944,MN/TAM/83H09/2018/15,Manipur,Tamenglong,"Below Police Station, New",24.987583,93.506167,Debris,Slide,NA
2945,MAN/TAM/83G12/2017/0054,Manipur,Tamenglong,Dailong road,25.006694,93.523444,Rock,Slide,NA
2946,MAN/TAM/83G12/2017/0057,Manipur,Tamenglong,Dailong road,25.013472,93.530472,Rock,Slide,NA
2947,MAN/TAM/83G12/2017/0059,Manipur,Tamenglong,Dailong road,25.025639,93.537222,Rock,Slide,NA
2948,MAN/TAM/83G12/2017/0061,Manipur,Tamenglong,Dailong road,25.049861,93.602389,Debris,Slide,NA
2949,MAN/TAM/83G12/2017/0064,Manipur,Tamenglong,Dailong road,25.057194,93.603028,Debris,Slide,NA
2950,MAN/TAM/83G12/2017/0065,Manipur,Tamenglong,Dailong road,25.058833,93.604028,Debris,Slide,NA
2951,MAN/TAM/83G12/2017/0071,Manipur,Tamenglong,Dailong road,25.072528,93.6075,Rock,Slide,NA
2952,MAN/TAM/83G12/2017/0080,Manipur,Tamenglong,Dailong road,25.096333,93.61925,Rock,Slide,NA
2953,MAN/TAM/83G12/2017/0082,Manipur,Tamenglong,Dailong road,25.101083,93.620333,Rock,Rock fall,NA
2954,MAN/TAM/83G12/2017/0101,Manipur,Tamenglong,Dailong road,25.116,93.643278,Debris,Slide,NA
2955,MAN/TAM/83G12/2017/0097,Manipur,Tamenglong,Dailong road,25.116111,93.640417,Debris,Slide,NA
2956,MAN/TAM/83G12/2017/0116,Manipur,Tamenglong,Dailong road,25.130361,93.6625,Debris,Slide,NA
2957,MAN/TAM/83G12/2017/0022,Manipur,Tamenglong,Govajang road,25.152389,93.712833,Debris,Slide,NA
2958,MAN/TAM/83G12/2017/0024,Manipur,Tamenglong,Govajang road,25.154917,93.711278,Debris,Slide,NA
2959,MAN/TAM/83G12/2017/0050,Manipur,Tamenglong,Govajang road,25.156306,93.678917,Rock,Slide,NA
2960,MAN/TAM/83G12/2017/0025,Manipur,Tamenglong,Govajang road,25.159778,93.7065,Debris,Slide,NA
2961,MAN/TAM/83G12/2017/0042,Manipur,Tamenglong,Govajang road,25.160306,93.689306,Debris,Slide,NA
2962,MAN/TAM/83G12/2017/0044,Manipur,Tamenglong,Govajang road,25.160389,93.688167,Debris,Slide,NA
2963,MAN/TAM/83G12/2017/0014,Manipur,Tamenglong,Govajang road,25.161361,93.732333,Debris,Slide,NA
2964,MAN/TAM/83G12/2017/0027,Manipur,Tamenglong,Govajang road,25.162583,93.703972,Debris,Slide,NA
2965,MAN/TAM/83G12/2017/0040,Manipur,Tamenglong,Govajang road,25.163333,93.691194,Rock,Rock fall,NA
2966,MAN/TAM/83G12/2017/0033,Manipur,Tamenglong,Govajang road,25.16485,93.697303,Debris,Slide,NA
2967,MAN/TAM/83G12/2017/0031,Manipur,Tamenglong,Govajang road,25.165833,93.699611,Debris,Slide,NA
2968,MAN/TAM/83G12/2017/0141,Manipur,Tamenglong,Govajang road,25.168928,93.739886,Debris,Slide,NA
2969,MN/TEN/83L07/2018/4,Manipur,Tengnoupal,7km west of Moreh,24.284222,94.2805,Debris,Slide,NA
2970,MN/TEN/83L07/2018/5,Manipur,Tengnoupal,8km Northwest of Moreh,24.289333,94.277139,Debris,Slide,NA
2971,MN/TEN/83L07/2018/6,Manipur,Tengnoupal,Moreh-Tengnoupal road,24.291139,94.276139,Debris,Slide,NA
2972,MN/TEN/83L03/2018/47,Manipur,Tengnoupal,Moreh-Tengnoupal road,24.304417,94.243889,Debris,Slide,NA
2973,MN/TEN/83L03/2018/28,Manipur,Tengnoupal,Angbreshu,24.321889,94.147306,Debris,Slide,NA
2974,MN/TEN/83L03/2018/42,Manipur,Tengnoupal,"Bailay bridge, Tengnoupal",24.379417,94.154139,Rock,Slide,NA
2975,MN/TEN/83L03/2018/73,Manipur,Tengnoupal,Tengnoupal,24.387658,94.151683,Debris,Slide,NA
2976,MN/TEN/83L03/2018/74,Manipur,Tengnoupal,Tengnoupal,24.387708,94.155764,Debris,Slide,NA
2977,MN/TEN/83L03/2018/81,Manipur,Tengnoupal,2 km north of Laibi,24.407989,94.240544,Debris,Slide,NA
2978,MN/TEN/83L03/2018/26,Manipur,Tengnoupal,Near Sita village,24.433972,94.249278,Debris,Slide,NA
2979,MN/TEN/83L03/2018/69,Manipur,Tengnoupal,1.5 km west of Modenphai,24.441683,94.179211,Debris,Slide,NA
2980,MN/TEN/83L03/2018/15,Manipur,Tengnoupal,East of Sita village,24.462958,94.233667,Rock,Slide,NA
2981,MN/TEN/83L03/2018/50,Manipur,Tengnoupal,1km south of Machi,24.492333,94.143361,Rock,Slide,NA
2982,MN/TEN/83L03/2018/75,Manipur,Tengnoupal,2 km south of Machi,24.496792,94.141878,Rock,Slide,NA
2983,MN/TEN/83L03/2018/19,Manipur,Tengnoupal,Simang village,24.497622,94.180403,Rock,Slide,NA
2984,MN/TEN/83L03/2018/84,Manipur,Tengnoupal,1km km south of Parengtong,24.499972,94.195769,Debris,Slide,NA
2985,MN/TGPL/83L03/2018/009,Manipur,Tengnoupal,Lokchao Landslide Lokchao village,24.813306,93.243417,Rock,Slide,2 August 2018
2986,MN/UKH/83L01/2018/42,Manipur,Ukhrul,T.Hungdung,24.833889,94.220167,Debris,Slide,NA
2987,MN/UKH/83L01/2018/31,Manipur,Ukhrul,Marou,24.913611,94.242028,Debris,Slide,NA
2988,MN/UKH/83L05/2018/1,Manipur,Ukhrul,1.5 km South of Leiting Village.,24.925194,94.337056,Debris,Slide,NA
2989,MN/UKH/83L01/2018/3,Manipur,Ukhrul,NH 102,24.930278,94.149361,Debris,Slide,NA
2990,MN/UKH/83L01/2018/29,Manipur,Ukhrul,Singta village,24.931333,94.228917,Debris,Slide,NA
2991,MN/UKH/83L01/2018/21,Manipur,Ukhrul,Sikibung,24.947972,94.187972,Debris,Slide,NA
2992,MN/UKH/83L01/2018/43,Manipur,Ukhrul,Shongpel,24.982917,94.162639,Debris,Slide,NA
2993,MN/UKL/83L01/2018/008,Manipur,Ukhrul,New Heaven Slide Old Imphal ΓÇô Ukhrul road,24.992889,94.230583,Rock,Slide,2018
2994,MAN/UKH/83K08/2015/008,Manipur,Ukhrul,Near Shangshak village,25.002611,94.330278,Earth,Subsidence,NA
2995,MAN/UKH/83K08/2015/014,Manipur,Ukhrul,Nearly 6km from Changa on the,25.012111,94.464833,Debris,Slide,NA
2996,MAN/UKH/83K08/2015/005,Manipur,Ukhrul,"Ukhrul- Imphal Highway, Near",25.027528,94.316806,Debris,Slide,NA
2997,MN/UKH/83K12/2017/13,Manipur,Ukhrul,Sahamphung,25.051944,94.551111,,Slide,NA
2998,MN/UKH/83K12/2017/14,Manipur,Ukhrul,Sahamphung,25.052833,94.551083,,Slide,NA
2999,MN/UKH/83K12/2017/62,Manipur,Ukhrul,Khayang,25.055278,94.567861,Debris,Slide,NA
3000,MN/UKH/83K12/2017/18,Manipur,Ukhrul,Sahamphung,25.058833,94.55125,,Slide,NA
3001,MN/UKH/83K12/2017/60,Manipur,Ukhrul,Khayang,25.059861,94.584889,Debris,Slide,NA
3002,MN/UKH/83K12/2017/61,Manipur,Ukhrul,Khayang,25.062833,94.577722,Debris,Slide,NA
3003,MN/UKH/83K12/2017/54,Manipur,Ukhrul,Chammu,25.063861,94.614972,Debris,Slide,NA
3004,MN/UKH/83K12/2017/22,Manipur,Ukhrul,Mapum,25.065056,94.544583,Debris,Slide,NA
3005,MN/UKH/83K12/2017/31,Manipur,Ukhrul,Mapum,25.079361,94.549667,Debris,Slide,NA
3006,MN/UKH/83K12/2017/5,Manipur,Ukhrul,Mapum,25.081611,94.506333,,Slide,NA
3007,MN/UKH/83K12/2017/90,Manipur,Ukhrul,Mapum,25.091742,94.550444,Debris,Slide,NA
3008,MN/UKH/83K12/2017/89,Manipur,Ukhrul,Mapum,25.091858,94.550786,Debris,Slide,NA
3009,MN/UKH/83K12/2017/36,Manipur,Ukhrul,Mapum,25.096611,94.551028,Debris,Slide,NA
3010,MN/UKH/83K12/2017/48,Manipur,Ukhrul,Mapum,25.10125,94.510806,Debris,Slide,NA
3011,MN/UKH/83K12/2017/47,Manipur,Ukhrul,Mapum,25.101972,94.5125,,Slide,NA
3012,MAN/UKH/83K08/2015/042,Manipur,Ukhrul,Ukhrul Talui road,25.127556,94.338583,Debris,Slide,NA
3013,MAN/UKH/83K08/2015/025,Manipur,Ukhrul,Ukhrul Jessami road.,25.127722,94.449417,Earth,Slide,NA
3014,MAN/UKH/83K08/2015/030,Manipur,Ukhrul,Ukhrul Jessami road.,25.158361,94.461472,Debris,Slide,NA
3015,MAN/UKH/83K08/2015/057,Manipur,Ukhrul,Somdal village,25.168528,94.288333,Earth,Slide,NA
3016,MN/UKH/83K11/2017/103,Manipur,Ukhrul,New Tusom,25.178417,94.52725,Debris,Slide,NA
3017,MN/UKH/83K12/2017/73,Manipur,Ukhrul,Khamasom,25.181194,94.524861,Debris,Slide,NA
3018,MN/UKH/83K12/2017/75,Manipur,Ukhrul,Khamasom,25.181528,94.523694,Debris,Slide,NA
3019,MN/UKH/83K12/2017/82,Manipur,Ukhrul,Khamasom,25.184194,94.522694,Debris,Slide,NA
3020,MN/UKH/83K12/2017/86,Manipur,Ukhrul,Khamasom,25.188611,94.520917,,Slide,NA
3021,MN/UKH/83K12/2017/68,Manipur,Ukhrul,Huishu,25.259222,94.547417,Debris,Slide,NA
3022,MN/UKH/83K12/2017/66,Manipur,Ukhrul,Huishu,25.263722,94.544833,,Slide,NA
3023,MN/UKH/83K11/2017/37,Manipur,Ukhrul,Poi,25.286944,94.531361,Debris,Slide,NA
3024,MN/UKH/83K11/2017/39,Manipur,Ukhrul,Poi,25.288417,94.539528,Debris,Slide,NA
3025,MN/UKH/83K11/2017/28,Manipur,Ukhrul,Poi,25.289806,94.525639,,Slide,NA
3026,MN/UKH/83K11/2017/7,Manipur,Ukhrul,Chingai,25.316639,94.504278,,Slide,NA
3027,MN/UKH/83K11/2017/16,Manipur,Ukhrul,Chingai,25.325194,94.511861,,Slide,NA
3028,MN/UKH/83K11/2017/15,Manipur,Ukhrul,Chingai,25.325889,94.511306,,Slide,NA
3029,MN/UKH/83K11/2017/14,Manipur,Ukhrul,Chingai,25.326722,94.510083,,Slide,NA
3030,MN/UKH/83K11/2017/24,Manipur,Ukhrul,Chingai,25.3375,94.527806,Debris,Slide,NA
3031,MN/UKH/83K11/2017/98,Manipur,Ukhrul,New Tusom,25.388056,94.550083,Debris,Slide,NA
3032,MN/UKH/83K11/2017/57,Manipur,Ukhrul,TusomC V,25.400639,94.620639,Debris,Slide,NA
3033,MN/UKH/83K11/2017/68,Manipur,Ukhrul,Tusom Khullen,25.407667,94.587222,Debris,Slide,NA
3034,MN/UKH/83K11/2017/62,Manipur,Ukhrul,TusomC V,25.407972,94.596917,,Slide,NA
3035,MN/UKH/83K11/2017/65,Manipur,Ukhrul,TusomC V,25.409306,94.596417,,Slide,NA
3036,MN/UKH/83K11/2017/63,Manipur,Ukhrul,TusomC V,25.410278,94.600389,,Slide,NA
3037,MN/UKH/83K11/2017/64,Manipur,Ukhrul,N/A N/A,25.410667,94.598361,,Slide,NA
3038,MN/UKH/83K11/2017/55,Manipur,Ukhrul,New Tusom,25.414028,94.58,,Slide,NA
3039,MN/UKH/83K11/2017/50,Manipur,Ukhrul,New Tusom,25.416,94.579028,,Slide,NA
3040,MN/UKH/83K11/2017/49,Manipur,Ukhrul,New Tusom,25.417167,94.578556,,Slide,NA
3041,MN/UKH/83K11/2017/51,Manipur,Ukhrul,New Tusom,25.418361,94.578528,,Slide,NA
3042,MN/UKH/83K11/2017/93,Manipur,Ukhrul,New Tusom,25.442278,94.563833,,Slide,NA
3043,MN/UKH/83K11/2017/92,Manipur,Ukhrul,New Tusom,25.45475,94.552583,,Slide,NA
3044,MN/UKH/83K11/2017/90,Manipur,Ukhrul,New Tusom,25.466528,94.552028,,Slide,NA
3045,MN/UKH/83K11/2017/105,Manipur,Ukhrul,Wahong,25.467169,94.54755,Debris,Slide,NA
3046,MN/UKH/83K11/2017/104,Manipur,Ukhrul,Wahong,25.467772,94.549483,,Slide,NA
3047,MN/UKH/83K11/2017/83,Manipur,Ukhrul,New Tusom,25.476722,94.534806,Debris,Slide,NA
3048,MN/UKH/83K11/2017/77,Manipur,Ukhrul,Wahong,25.492333,94.555444,Debris,Slide,NA
3049,MN/WEI/83H13/2020/4,Manipur,West,"Imphal Meitei Langol, West Imphal",24.82,93.89,Debris,Slide,NA
3050,MN/WEI/83H13/2020/5,Manipur,West,Imphal Lamshang-Chingkhulong road,24.83,93.88,Rock,Slide,NA
3051,MEG/WJH/83C4/2016/50,Meghalaya,East,Jaintia Hills 0.29 km SE of Rathacherra NH44,25.033628,92.439331,Debris,Slide,2016
3052,MEG/WJH/83C4/2016/47,Meghalaya,East,Jaintia Hills 0.60 km NE of Rathacherra NH40,25.038186,92.440725,Debris,Slide,2014
3053,MEG/WJH/83C4/2016/53,Meghalaya,East,Jaintia Hills 0.46 km N of Rathacherra NH44,25.038361,92.43675,Debris,Slide,2016
3054,MEG/WJH/83C4/2016/78,Meghalaya,East,Jaintia Hills 0.55 km N of Rathacherra Nh44,25.039097,92.436869,Debris,Slide,NA
3055,MEG/WJH/83C4/2016/56,Meghalaya,East,Jaintia Hills 1.23 km NW of Rathacherra NH44,25.044136,92.430244,Rock,Slide,2016
3056,MEG/WJH/83C4/2016/63,Meghalaya,East,Jaintia Hills 0.41 km NE of Danaubluh Nh44,25.044733,92.423675,Rock,Slide,2015
3057,MEG/WJH/83C4/2016/80,Meghalaya,East,Jaintia Hills Danauubluh 1 NH44,25.044947,92.420261,Debris,Slide,NA
3058,ME/EJH/83C08/2025/06,Meghalaya,East,Jaintia Hills DonarSkul landslide NH-06,25.048054,92.409245,Debris,Slide,11 May 2025 around 10.30 pm
3059,MEG/WJH/83C4/2016/71,Meghalaya,East,Jaintia Hills 0.86 km NE of Kuliang NH44,25.074439,92.371186,Rock,Slide,NA
3060,MEG/WJH/83C4/2016/70,Meghalaya,East,Jaintia Hills 0.85 km NE of Kuliang NH44,25.075167,92.370953,Debris,Slide,2014
3061,MEG/WJH/83C4/2016/101,Meghalaya,East,Jaintia Hills 0.8 km Wof Kuliang NH44,25.079722,92.359361,Debris,Slide,2013
3062,MEG/WJH/83C4/2016/99,Meghalaya,East,Jaintia Hills 1.18 km NNW of Kuliang NH44,25.083361,92.361083,Debris,Slide,2016
3063,MEG/WJH/83C4/2016/112,Meghalaya,East,Jaintia Hills 2.91 km SSW of Sonapyrdi Approach road Sonapur to,25.095131,92.350111,Rock,Slide,2014
3064,MEG/WJH/83C4/2016/137,Meghalaya,East,Jaintia Hills 4.50km SE of Lympyngngad ┬á,25.122381,92.243069,Debris,Slide,2016
3065,MEG/WJH/83C4/2016/134,Meghalaya,East,Jaintia Hills 1.92 km SE of Lympyngngad,25.136047,92.222064,Debris,Slide,2016
3066,MG/EKH/78O12/2017/72,Meghalaya,East,Khasi Hills <Null>,25.158643,91.525222,Rock,Slide,NA
3067,MG/EKH/78O12/2017/63,Meghalaya,East,Khasi Hills <Null>,25.159469,91.528337,Rock,Slide,NA
3068,MEG/EJH/83C08/2022/10,Meghalaya,East,"Jaintia Hills NH-06,Near Toll gate Lumshnong Lumshnong slide",25.16400556,92.38702778,Debris,Slide,NA
3069,MEG/WJH/83C4/2016/120,Meghalaya,East,Jaintia Hills 1.09 km SE of Narphu NH44,25.165028,92.388056,Rock,Slide,2016
3070,MG/EKH/78O12/2017/12,Meghalaya,East,Khasi Hills Along LawbahHat Mawdon,25.181759,91.573658,Rock,Slide,NA
3071,MEG/EKH/78O8/2019/11,Meghalaya,East,Khasi Hills Balat-Shella road Balat 4 km Slide,25.18688889,91.39855556,Debris,Slide,27 June 2019
3072,MG/EKH/78O16/2017/12,Meghalaya,East,Khasi Hills along sohrashella bypass from,25.188327,91.761486,Rock,Slide,NA
3073,MEG/WJH/83C4/2016/24,Meghalaya,East,Khasi Hills 2 km W of Dawki NH40,25.191111,92.003389,Debris,Slide,2016
3074,MG/EKH/78O16/2017/9,Meghalaya,East,Khasi Hills Along the NongshkenLakading,25.199311,91.858857,Debris,Slide,NA
3075,MG/EKH/78O12/2017/80,Meghalaya,East,Khasi Hills Nag Nag village,25.200934,91.63449,Debris,Slide,NA
3076,MG/EKH/78O12/2017/4,Meghalaya,East,Khasi Hills along sohrashella bypass from,25.204882,91.742535,Debris,Slide,NA
3077,MG/EKH/78O16/2017/6,Meghalaya,East,Khasi Hills Along sohrashella bypass from,25.205307,91.755686,Debris,Slide,NA
3078,MG/EKH/78O12/2017/26,Meghalaya,East,Khasi Hills along sohrashella bypass from,25.20655,91.744914,Debris,Slide,NA
3079,MG/EKH/78O12/2017/65,Meghalaya,East,Khasi Hills Along Sohra Mawlong road,25.206885,91.740497,Debris,Slide,NA
3080,MG/EKH/78O12/2017/29,Meghalaya,East,Khasi Hills <Null>,25.207314,91.592357,Rock,Slide,NA
3081,MG/EKH/78O12/2017/62,Meghalaya,East,Khasi Hills Along LawbahHat Mawdon,25.208313,91.606889,Rock,Slide,NA
3082,MG/EKH/78O12/2017/19,Meghalaya,East,Khasi Hills Approach road to Sohbar village,25.212554,91.747962,Debris,Slide,NA
3083,MG/EKH/78O12/2017/54,Meghalaya,East,Khasi Hills Along Sohra Mawlong road,25.216078,91.738387,Debris,Slide,NA
3084,MG/EKH/78O12/2017/48,Meghalaya,East,Khasi Hills Along Sohra Mawlong road,25.216805,91.709405,Rock,Slide,NA
3085,MG/EKH/78O12/2017/61,Meghalaya,East,Khasi Hills Along LawbahHat Mawdon,25.218821,91.581584,Rock,Slide,NA
3086,MG/EKH/78O12/2017/11,Meghalaya,East,Khasi Hills <Null>,25.220023,91.631989,Rock,Slide,NA
3087,MG/EKH/78O12/2017/13,Meghalaya,East,Khasi Hills Along Sohra Mawlong road,25.221164,91.719886,Debris,Slide,NA
3088,MG/EKH/78O16/2017/8,Meghalaya,East,Khasi Hills Along approach road to Laitiam,25.222528,91.765256,Debris,Slide,NA
3089,MG/EKH/78O16/2017/11,Meghalaya,East,Khasi Hills Along approach road to Laitiam,25.223307,91.762345,Debris,Slide,NA
3090,MG/EKH/78O12/2017/15,Meghalaya,East,Khasi Hills Along approach road to Laitiam,25.227249,91.748917,Debris,Slide,2017
3091,MG/EKH/78O12/2017/51,Meghalaya,East,Khasi Hills Along Mawlong Tyrna road,25.228272,91.687776,Rock,Slide,NA
3092,MG/EKH/78O12/2017/25,Meghalaya,East,Khasi Hills <Null>,25.229706,91.745297,Rock,Slide,NA
3093,MG/EKH/78O16/2017/7,Meghalaya,East,Khasi Hills Approach road to,25.234097,91.866071,Debris,Slide,NA
3094,MG/EKH/78O12/2017/75,Meghalaya,East,Khasi Hills Along Mawlong Tyrna road,25.234966,91.690051,Debris,Slide,NA
3095,MG/EKH/78O12/2017/60,Meghalaya,East,Khasi Hills Approach road to Tyrna village,25.240338,91.677786,Debris,Slide,NA
3096,ME/EKJ/78O15/2015/115,Meghalaya,East,Khasi Hills Tangamng approach road,25.256259,91.868197,Debris,Slide,NA
3097,MG/EKH/78O11/2017/17,Meghalaya,East,Khasi Hills Along MawsynramLawbah,25.265048,91.591553,Rock,Slide,NA
3098,MG/EKH/78O11/2017/8,Meghalaya,East,Khasi Hills <Null>,25.273217,91.609962,Rock,Slide,NA
3099,MG/EKH/78O11/2017/16,Meghalaya,East,Khasi Hills Along MawsynramLawbah,25.27342,91.578074,Rock,Slide,NA
3100,MG/EKH/78O11/2017/14,Meghalaya,East,Khasi Hills <Null>,25.282485,91.57685,Rock,Slide,NA
3101,MG/EKH/78O11/2017/2,Meghalaya,East,Khasi Hills village approach road,25.295624,91.56964,Rock,Slide,NA
3102,MEG/WJH/83C4/2016/129,Meghalaya,East,Jaintia Hills 1.38 km NNE of Umtyra NH44,25.297628,92.387525,Debris,Slide,2016
3103,MEGH/EKH/78O15/2008/D-43,Meghalaya,East,Khasi Hills Pynursla-2 slide,25.301444,91.9245,Rock,Slide,NA
3104,ME/EKJ/78O15/2015/125,Meghalaya,East,Khasi Hills Myllad approach raod,25.324806,91.942194,Debris,Slide,NA
3105,ME/EKJ/78O15/2015/128,Meghalaya,East,Khasi Hills Myllad approach raod,25.325889,91.935222,Debris,Slide,NA
3106,ME/EKJ/78O15/2015/107,Meghalaya,East,Khasi Hills NH-40 (Shillong-Dauki road),25.32765,91.893414,Debris,Slide,NA
3107,MG/EJH/83C11/2018/11,Meghalaya,East,Jaintia Hills Daistong slide no 4 2 km north of Daistong,25.339339,92.584781,Rock,Rock fall,NA
3108,6884,Meghalaya,East,Khasi Hills Mawlynnu(Sixteen) Weiloi-Mawsynram Road,25.34508889,91.60050278,Debris,Slide,"28 May 2024, morning"
3109,ME/EKJ/78O15/2015/105,Meghalaya,East,Khasi Hills NH-40 (Shillong-Pynursla road),25.34815,91.892506,Rock,Rock fall,NA
3110,ME/EKJ/78O15/2015/103,Meghalaya,East,Khasi Hills NH-40 (Shillong-Pynursla road),25.351304,91.89353,Debris,Slide,NA
3111,MG/EJH/83C11/2018/9,Meghalaya,East,Jaintia Hills Daistong slide 4 km North of Daistong,25.354239,92.572861,Rock,Slide,NA
3112,ME/EKJ/78O15/2015/80,Meghalaya,East,Khasi Hills Near Mawlat village,25.358977,91.973477,Debris,Slide,NA
3113,MEGH/EKH/78O15/2008/D-47,Meghalaya,East,Khasi Hills Ryngnga slide,25.359611,91.889417,Rock,Slide,NA
3114,ME/EKJ/78O15/2015/98,Meghalaya,East,Khasi Hills NH-40 (Shillong-Pynursla road),25.360132,91.882043,Rock,Slide,NA
3115,MEGH/EKH/78O15/2008/D-49,Meghalaya,East,Khasi Hills Ryngnga-3 slide,25.364889,91.881,Rock,Slide,NA
3116,MG/EJH/83C11/2018/8,Meghalaya,East,Jaintia Hills Molasngi slide 1 km West of Molasngi,25.36565,92.5314,,Slide,NA
3117,MEGH/EKH/78O15/2008/D-51,Meghalaya,East,Khasi Hills Ryngnga-6 slide,25.372139,91.879889,Rock,Slide,NA
3118,MG/EJH/83C11/2018/5,Meghalaya,East,Jaintia Hills Pdeingrynkati slide Pdeingrynkati-Saipung road,25.375719,92.610181,,Slide,NA
3119,ME/EKJ/78O15/2015/97,Meghalaya,East,Khasi Hills NH-40 (Shillong-Pynursla road),25.3763,91.874028,Rock,Slide,NA
3120,ME/EKJ/78O15/2015/96,Meghalaya,East,Khasi Hills NH-40 (Shillong-Pynursla road),25.382428,91.874568,Rock,Slide,NA
3121,ME/EKJ/78O15/2015/92,Meghalaya,East,Khasi Hills NH-40 (Shillong-Pynursla road),25.391723,91.871851,Rock,Slide,NA
3122,ME/EKJ/78O15/2015/89,Meghalaya,East,Khasi Hills NH-40 (Shillong-Pynursla road),25.397287,91.872324,Rock,Slide,NA
3123,ME/EKJ/78O15/2015/67,Meghalaya,East,Khasi Hills Shillong-Sohra road,25.398345,91.769704,Debris,Slide,NA
3124,ME/EKH/2025/14,Meghalaya,East,Khasi Hills Ummawiong Lyngiang-Tynsad Road,25.41384722,91.67856111,Debris,Slide,"28 May 2024, morning"
3125,ME/EKJ/78O15/2015/60,Meghalaya,East,Khasi Hills NH- 40,25.415438,91.867487,Rock,Slide,NA
3126,MG/EKH/78O11/2017/7,Meghalaya,East,Khasi Hills ShillongMawsynram road,25.423674,91.721317,Debris,Slide,NA
3127,MG/EKH/78O11/2017/6,Meghalaya,East,Khasi Hills ShillongMawsynram road,25.446933,91.742919,Rock,Slide,NA
3128,ME/EKJ/78O15/2015/70,Meghalaya,East,Khasi Hills Shillong-Sohra road,25.452164,91.819054,Debris,Slide,NA
3129,ME/EKH/78O15/2025/05,Meghalaya,East,Khasi Hills Lumkyntung landslide Lumkyntung village,25.456896,91.826145,Debris,Slide,30 May 2025 (around 11.00 Hrs).
3130,ME/EKH/83C02/2015/186,Meghalaya,East,Khasi Hills,25.489833,92.069033,Rock,Slide,NA
3131,MEG/EKH/78O11/2021/002,Meghalaya,East,Khasi Hills NA NA,25.49151667,91.77329444,Rock,Rock fall,NA
3132,MEG/EKH/78O10/2021/04,Meghalaya,East,Khasi Hills NA NA,25.50368056,91.72342222,Rock,Slide,19 July 2007
3133,MEG/EKH/78O10/2016/32,Meghalaya,East,Khasi Hills ShillongMairang bypass R.S4 New Shillong mairang bypass,25.504083,91.723028,Debris,Slide,2016
3134,MG/EGH/78K10/2018/2,Meghalaya,East,Garo hills Williamnagar road slide NH-127B,25.50781,90.68,Rock,Slide,NA
3135,MEGH/EKH/78O14/2009/D-39,Meghalaya,East,Khasi Hills Lymlyer landslide (A) NH-44 (Shillong - Silchar),25.529056,91.923722,Debris,Slide,NA
3136,MEGH/EKH/78O14/2009/D-38,Meghalaya,East,Khasi Hills Sohryngkham Rock Fall NH-44,25.536972,91.973639,Rock,Rock fall,NA
3137,ME/EKH/83C02/2015/164,Meghalaya,East,"Khasi Hills 1.5km SSW of Pepbah, NH-44",25.539611,92.001556,Rock,Slide,NA
3138,MEGH/EKH/83C02/2009/D-33,Meghalaya,East,Khasi Hills Puriang-3 slide NH-44 (Shillong - Silchar),25.54264,92.10214,Rock,Slide,1 July 2009
3139,ME/EKH/83C02/2015/151,Meghalaya,East,"Khasi Hills Puriang, NH-44",25.542694,92.096472,Rock,Slide,NA
3140,MEG/EKH/78O10/2016/09,Meghalaya,East,Khasi Hills Nongbri village Slide 1 km W of Nongbri village,25.542744,91.662067,Rock,Slide,2016
3141,MEG/EKH/78O14/2020/12,Meghalaya,East,"Khasi Hills Madanryting, Block G Madanryting Wahtiang",25.54930833,91.91161389,Debris,Slide,NA
3142,MG/EGH/78K14/2018/7,Meghalaya,East,Garo hills South-West of Nongchram Ading NH-44E,25.558058,90.809919,,Slide,NA
3143,MG/WJH/83C06/2018/4,Meghalaya,East,Jaintia Hills Mynso quarry slide Mynso-Samatan road,25.563472,92.329689,Rock,Slide,NA
3144,ME/EKJ/78O14/2015/28,Meghalaya,East,Khasi Hills Near Nongumlong,25.568837,91.833286,Rock,Slide,NA
3145,ME/EKJ/78O14/2015/10,Meghalaya,East,Khasi Hills Near Nongumlong,25.571256,91.825464,Rock,Slide,NA
3146,ME/EKJ/78O14/2015/11,Meghalaya,East,Khasi Hills Near Nongumlong,25.571555,91.826228,Debris,Slide,NA
3147,ML-3/2010,Meghalaya,East,Khasi Hills Lumsohra NA,25.57188889,91.90127778,,,28 June 2010
3148,ME/EKJ/78O14/2015/14,Meghalaya,East,Khasi Hills Near Nongumlong,25.57255,91.828833,Debris,Slide,NA
3149,ME/EKH/83C02/2015/147,Meghalaya,East,Khasi Hills NH-44,25.57395,92.058583,Debris,Slide,NA
3150,ME/EKJ/78O14/2015/16,Meghalaya,East,Khasi Hills Near Nongumlong,25.57428,91.831851,Debris,Slide,NA
3151,ME/EKH/83C02/2015/148,Meghalaya,East,"Khasi Hills .5 km NE of Thangshalai, NH-44",25.576203,92.057722,Debris,Slide,NA
3152,ME/EKH/83C02/2015/181,Meghalaya,East,Khasi Hills,25.576806,92.242444,Debris,Slide,NA
3153,ME/EKJ/78O14/2015/52,Meghalaya,East,Khasi Hills Near Dewsaw,25.576847,91.753423,Debris,Slide,NA
3154,ME/EKJ/78O14/2015/53,Meghalaya,East,Khasi Hills 5 km Nongthliw,25.577212,91.75219,Debris,Slide,NA
3155,ML/EKH/78O14/2014/03,Meghalaya,East,Khasi Hills Barapathar Barapathar,25.57822,91.86545,Debris,Slide,23 September 2014
3156,MEG/EKH/78O14/2020/10,Meghalaya,East,Khasi Hills NH-6 Lumnamawai Slide at Mawlai,25.59875,91.86427778,Debris,Slide,NA
3157,ME/EKJ/78O14/2015/46,Meghalaya,East,Khasi Hills Umj jew- Lumpyngrope,25.599096,91.859289,Earth,Slide,NA
3158,ME/EKJ/78O14/2015/33,Meghalaya,East,Khasi Hills Old shillong -Guwahati road,25.612528,91.870861,Earth,Slide,NA
3159,ME/EKJ/78O14/2015/35,Meghalaya,East,Khasi Hills Old shillong -Guwahati road,25.614112,91.869632,Earth,Slide,NA
3160,ME/EKJ/78O14/2015/38,Meghalaya,East,Khasi Hills Old shillong -Guwahati road,25.614657,91.870692,Earth,Slide,NA
3161,ME/EKJ/78O14/2015/41,Meghalaya,East,Khasi Hills Old shillong -Guwahati road,25.615134,91.872232,Debris,Slide,NA
3162,ME/EKJ/78O14/2015/17,Meghalaya,East,Khasi Hills NH-40,25.616596,91.876562,Earth,Slide,2015
3163,MEG/EKH/78O14/2020-21/1,Meghalaya,East,Khasi Hills NA NA,25.62,91.88272222,,Slide,2013
3164,ME/EKH/2025/8,Meghalaya,East,Khasi Hills Mowing Rim Shillong-Umiam Road,25.630403,91.8899195,Debris,Subsidence,28 May 2024 at 4.00 hrs
3165,ME/EKJ/78O14/2015/19,Meghalaya,East,Khasi Hills NH-40,25.633896,91.891833,Debris,Slide,2015
3166,ME/EKJ/78O14/2015/04,Meghalaya,East,Khasi Hills Lum- Diengei Rd,25.637274,91.844234,Debris,Slide,NA
3167,ME/EKJ/78O14/2015/30,Meghalaya,East,Khasi Hills Mawatawar- Bhoilymbong Rd,25.637779,91.932565,Debris,Slide,NA
3168,ME/EKJ/78O14/2015/05,Meghalaya,East,Khasi Hills Lum- Diengei Rd,25.640264,91.848588,Rock,Slide,NA
3169,MEG/EKH/78O10/2021/03,Meghalaya,East,Khasi Hills NH-40 Umiam view point,25.64906111,91.89733611,Rock,Slide,2020
3170,MEG/EKH/78O14/2019/06,Meghalaya,East,"Khasi Hills Guwahati-Shillong Road, Near Umiam Umiam Landslide-II",25.64911111,91.899,Debris,Slide,11 July 2019
3171,ME/EKJ/78O14/2015/21,Meghalaya,East,Khasi Hills NH-40,25.649222,91.899,Debris,Slide,NA
3172,4694,Meghalaya,East,Khasi Hills Mowing Rim Umiam Road,25.65057222,91.89351389,Debris,Fall,02 July 2024
3173,ME/EKH/83C02/2015/163,Meghalaya,East,Khasi Hills NH-44,25.653181,92.041194,Debris,Slide,NA
3174,4699,Meghalaya,East,Khasi Hills Umiam Hydal Project GS Road,25.65341111,91.89819444,Debris,Slide,01 July 2024
3175,ME/EKH/83C02/2015/159,Meghalaya,East,Khasi Hills,25.674,92.157667,Earth,Slide,NA
3176,ME/EKH/83C02/2015/156,Meghalaya,East,Khasi Hills Khyndawsao,25.696556,92.109694,Debris,Fall,NA
3177,ME/EKJ/78O14/2015/24,Meghalaya,East,Khasi Hills NH-40,25.708426,91.896406,Debris,Slide,NA
3178,ME/EKH/83C02/2015/161,Meghalaya,East,Khasi Hills,25.747597,92.114167,Debris,Slide,NA
3179,ME/EWK/2026/29,Meghalaya,Eastern-West,Khasi Hill Umkrem Umkrem,25.49551944,91.49585278,Debris,Slide,02 July 2025
3180,ME/EWK/2025/1,Meghalaya,Eastern-West,Khasi Hill Kynshi,25.55256111,91.61870278,Debris,Fall,28 June 2024
3181,ME/EWK/2026/50,Meghalaya,Eastern-West,Khasi Hill Mairang-Guwahati Road,25.68690556,91.64915278,Debris,Fall,28 May 2025
3182,7244,Meghalaya,Eastern-West,Khasi Hill Nongkhlaw-Tirotsing 1 Mairang-Guwahati Road,25.69150833,91.64160833,Debris,Slide,29 May 2025
3183,7249,Meghalaya,Eastern-West,Khasi Hill Umniangriang Mairang-Guwahati Road,25.733262,91.675754,Debris,Slide,11 June 2025
3184,7251,Meghalaya,Eastern-West,Khasi Hill Madpan Mairang-Guwahati Road,25.791616,91.658242,Debris,Slide,29 May 2024
3185,ML-12/2010,Meghalaya,Jaintia,Hills Ratachera Slide NA,25.04222222,92.44127778,,,22 April 2010
3186,ML-8/2010,Meghalaya,Jaintia,Hills Sonapur NA,25.12383333,92.38519444,,,22 April 2010
3187,ML-7/2010,Meghalaya,Jaintia,Hills Tongseng Landslide NA,25.13486111,92.382,,,22 April 2010
3188,ML-5A/2010,Meghalaya,Jaintia,Hills Tongseng Landslide NA,25.13561111,92.3805,,,2010
3189,ML-5B/2010,Meghalaya,Jaintia,Hills Tongseng Landslide NA,25.13561111,92.3805,,,2010
3190,ML-06/2012-13,Meghalaya,Jaintia,Hills Tongseng slide NA,25.14341667,92.37805556,,,"26 June 2012, at 3AM"
3191,ML-05/2012-13,Meghalaya,Jaintia,Hills Tanshang slide II NA,25.14702778,92.37883333,,,"26 June 2012, at 3AM"
3192,MEGH/EKH/83C02/2009/D-35,Meghalaya,Jaintia,Hills Kongong-2 slide NH-44 (Shillong-Silchar road),25.54261,92.09842,Debris,Slide,1 July 2009
3193,ME/RIB/2025/22,Meghalaya,Ri-Bhoi,Umiam Hydal Project GS Road,25.66315,91.90180278,Debris,Fall,30 May 2025
3194,MEG/RB/78O14/2017/01,Meghalaya,Ri-Bhoi,Tharia slide Tharia village,25.663444,91.915944,Debris,Slide,17 June 2017
3195,4701,Meghalaya,Ri-Bhoi,Umsawlum A GS Road,25.67032222,91.90487222,Debris,Slide,30 May 2025
3196,MEG/RIB/83C1/2016/5,Meghalaya,Ri-Bhoi,Umlatara SH,25.796657,92.143462,Earth,Slide,2015
3197,MG/WKH/78O5/2020/5,Meghalaya,Ri-Bhoi,Belahari slide Belahari village,25.84,91.47,Earth,Slide,NA
3198,MEG/RIB/78O13/2016/5,Meghalaya,Ri-Bhoi,34.190 chainage slide NH6,25.853111,91.881583,Debris,Slide,2015
3199,MEG/RIB/78O13/2016/16,Meghalaya,Ri-Bhoi,Umdihar NH6,25.865894,91.880278,Earth,Slide,2015
3200,MEG/RIB/78O09/2016/54,Meghalaya,Ri-Bhoi,UmlingPatharkhamma R.S3 UmlingPatharkhamma road,25.934889,91.714389,Earth,Slide,2016
3201,MEG/RIB/78O09/2016/44,Meghalaya,Ri-Bhoi,Jirang village slide5 Patharkhamma Guwahati road,25.935833,91.56525,Earth,Slide,2016
3202,MEG/RIB/78O09/2016/39,Meghalaya,Ri-Bhoi,Paham slide2 Patharkhamma Guwahati road,25.945619,91.548883,Earth,Slide,2016
3203,ML/RIB/78O13/2014/07,Meghalaya,Ri-Bhoi,Shangbangla GS road,25.95847,91.85406,Debris,Slide,23 September 2014 at 09.00hrs and
3204,MEG/RIB/83C1/2016/3,Meghalaya,Ri-Bhoi,South of Markang SH,25.970062,92.054889,Earth,Slide,2015
3205,MEG/RIB/78O09/2016/35,Meghalaya,Ri-Bhoi,Huro Jirang village slide3 0.5 km SW of Huro Jirang vilalge,25.971897,91.562372,Earth,Slide,2016
3206,MEG/RIB/78O09/2016/34,Meghalaya,Ri-Bhoi,Huro Jirang village slide2 2.5km SW of Huro Jirang vilalge,25.978481,91.569575,Earth,Slide,2016
3207,MEG/RIB/83C1/2016/4,Meghalaya,Ri-Bhoi,Jowe SH,25.982436,92.057405,Debris,Slide,2015
3208,MEG/RIB/78O09/2016/33,Meghalaya,Ri-Bhoi,Huro Jirang village slide1 0.5km NE of Huro Jirang vilalge,25.994619,91.577214,Earth,Slide,2016
3209,MEG/RIB/78O13/2016/11,Meghalaya,Ri-Bhoi,Hynniangban Them slide NH6,25.998847,91.863883,Earth,Slide,2015
3210,ML/RIB/78N16/2014/06,Meghalaya,Ri-Bhoi,19 Mile GS Road,26.00294,91.86692,Debris,Slide,23 September 2014
3211,ME/RIB/78N12/2015/105,Meghalaya,Ri-Bhoi,"Shakhoikuna-2 Shakhoikuna-2, Ri-Bhoi,",26.007083,91.909806,Earth,Slide,NA
3212,ML/RIB/78N16/2014/05,Meghalaya,Ri-Bhoi,17 Mile C GS Road,26.01061,91.86886,Debris,Slide,2014
3213,AS/KAM/78N16/2015/76,Meghalaya,Ri-Bhoi,Barpathar Barpathar Quarry,26.086975,91.7831,Debris,Slide,NA
3214,MG/SWK/78O04/2017/7,Meghalaya,South,West Khasi Hills SH4,25.191366,91.040468,Rock,Slide,NA
3215,MG/SWK/78O04/2017/5,Meghalaya,South,West Khasi Hills AlongNonghyllam Ranikor road,25.221572,91.185833,Debris,Slide,NA
3216,MG/SWK/78O04/2017/2,Meghalaya,South,West Khasi Hills <Null>,25.239068,91.174728,Debris,Slide,NA
3217,MG/WKH/78O07/2017/1,Meghalaya,South,West Khasi Hills Mawpud village slide Mawpud village,25.266939,91.383208,Debris,Slide,NA
3218,MEG/SG/78K11/2022/01,Meghalaya,South,"Garo Hills Ramgmik gittam, Siju Siju slide",25.36103333,91.64700833,Debris,Slide,17 June 2022 at 4.30 hrs
3219,MG/SGH/78K11/2018/1,Meghalaya,South,Garo hills Nengkhra-Nongalbibra road slide NH-62,25.39466,90.69083,Debris,Slide,NA
3220,MG/SGH/78K11/2018/6,Meghalaya,South,Garo hills Nengkhra-Nongalbibra road slide NH-62,25.39799,90.69972,Debris,Slide,NA
3221,MG/SGH/78K11/2018/7,Meghalaya,South,Garo hills Nengkhra-Nongalbibra road slide NH-62,25.403061,90.724166,Debris,Slide,18 August 2007
3222,MG/SGH/78K14/2018/3,Meghalaya,South,Garo hills Rongjeng slide NH44E,25.565569,90.808153,,Slide,NA
3223,ME/SWK/2025/16,Meghalaya,South,West Khasi Hills Mawiang SH-3,25.619397,91.61704,Debris,Slide,30 May 2025
3224,MEG/WJH/83C4/2016/44,Meghalaya,West,Jaintia Hills 0.50 km S of Hawai Bhoi Muktapur ΓÇôSankhat┬á road,25.143375,92.141861,Debris,Slide,2010
3225,MEG/WJH/83C4/2016/36,Meghalaya,West,Jaintia Hills 2.71 km SW of Lympyngad Muktapur ΓÇô Lympyngad road,25.147942,92.181586,Debris,Slide,2016
3226,MEG/WJH/83C4/2016/33,Meghalaya,West,Jaintia Hills 3.15 km E of Lympyngad Muktapur ΓÇô Lympyngad road,25.148158,92.177172,Debris,Slide,2016
3227,MEG/WJH/83C4/2016/31,Meghalaya,West,Jaintia Hills 3.36 km SW of Lympyngad Muktapur ΓÇô Lympyngad road,25.148747,92.175119,Debris,Slide,2016
3228,MEG/WJH/83C4/2016/42,Meghalaya,West,Jaintia Hills 0.60 km NW of Lympyngad Muktapur ΓÇô Lympyngad┬á,25.156542,92.198469,Debris,Slide,2016
3229,MEGH/WKH/78O04/2008/D-27,Meghalaya,West,Khasi Hills Shipur slide,25.20283,91.20908,Debris,Fall,10 August 2008
3230,MEG/WJH/83C4/2016/10,Meghalaya,West,Jaintia Hills 0.24 km N of Nongtalang NH40E( Jowai Dawki road),25.211722,92.065389,Debris,Slide,2016
3231,MEG/WJH/83C4/2016/29,Meghalaya,West,Jaintia Hills 1.13 km E of Sohkha mission NH40E,25.214153,92.045428,Debris,Slide,2016
3232,MEG/WJH/83C4/2016/05,Meghalaya,West,Jaintia Hills 0.24 km NE of Nongtalang NH40E,25.215583,92.077639,Debris,Slide,NA
3233,MEG/WJH/83C4/2016/06,Meghalaya,West,Jaintia Hills 0.21 km NE of Nongtalang NH40E,25.215611,92.077361,Debris,Slide,NA
3234,MEG/WJH/83C4/2016/22,Meghalaya,West,Jaintia Hills 0.85 km SW of Power station Myntdu Leshka power station,25.229167,92.2235,Debris,Slide,2016
3235,MEG/WJH/83C4/2016/19,Meghalaya,West,Jaintia Hills 0.84 km SW of Power station Myntdu Leshka power station,25.231383,92.2215,Debris,Slide,2016
3236,MEG/WJH/83C4/2016/01,Meghalaya,West,Jaintia Hills 3.29 km NE of Nongtalang NH40E,25.237361,92.096992,Debris,Slide,2015
3237,ME/WJH/883C03/2015/197,Meghalaya,West,Jaintia Hills,25.262931,92.203628,Rock,Slide,NA
3238,ME/WJH/83C03/2015/179,Meghalaya,West,Jaintia Hills,25.266222,92.202528,Debris,Slide,NA
3239,ME/WJH/883C03/2015/188,Meghalaya,West,Jaintia Hills,25.346972,92.008278,Rock,Slide,NA
3240,ME/WJH/883C03/2015/191,Meghalaya,West,Jaintia Hills,25.356461,92.006278,Rock,Slide,NA
3241,ML-01/2012-13,Meghalaya,West,Khasi Hills Pynden Shallang slide NA,25.36497222,91.02411111,,,01 May 2012 at 3 AM
3242,MEG/SG/78K03/2022/04,Meghalaya,West,Garo Hills Jibalgre village Jibalgre slide,25.38163333,90.06033889,Debris,Slide,9 June 2022 at 2.00hrs
3243,MEGH/WKH/78O07/2007/D-4,Meghalaya,West,Khasi Hills Mawthawiang slide,25.4013,91.45855,Debris,Slide,18 August 2007
3244,MEGH/WKH/78O07/2007/D-3,Meghalaya,West,Khasi Hills Laitlawsnai slide,25.425,91.405,Debris,Slide,18 August 2007
3245,ME/WJH/83C03/2015/166,Meghalaya,West,Jaintia Hills 1.2 km SW of Jowai,25.435167,92.185006,Debris,Slide,NA
3246,MEG/WJH/83C3/2020/5,Meghalaya,West,Jaintia Hills Chutwakhu Rd near Govt. Boy’s Chutwakhu road landslide,25.43630556,92.19525,,Slide,26 May 2020
3247,MG/WKH/78O03/2017/10,Meghalaya,West,Khasi Hills 0.3 km SSW of Nongraingap Maweit Nongraingap road,25.436306,91.050361,Debris,Slide,NA
3248,MEG/WJH/83C3/2020/3,Meghalaya,West,Jaintia Hills Iawmusiang Wahthanad Iawmusiang Landslide - II,25.44177778,92.19558333,Debris,Slide,26 May 2020
3249,MEG/WJH/83C3/2020/7,Meghalaya,West,Jaintia Hills Salaroh Salaroh Landslide,25.44741667,92.20138889,,Slide,26 May 2020
3250,MG/WKH/78O03/2017/11,Meghalaya,West,Khasi Hills 1 km NNW of Nongpathar Maweit Nongyier road,25.455639,91.082944,Debris,Slide,NA
3251,MG/WKH/78O03/2017/2,Meghalaya,West,Khasi Hills Wah Lyngdoh Nongstoin Maweit road,25.496081,91.117675,Debris,Slide,NA
3252,MG/WKH/78O03/2017/17,Meghalaya,West,Khasi Hills Mawlangriang Nongstoin Riangpoit road,25.496861,91.198556,Debris,Slide,NA
3253,MG/WKH/78O02/2017/46,Meghalaya,West,Khasi Hills 0.6 km SW of Thahkanar Nongstoin Maweit road,25.507378,91.223883,Debris,Slide,NA
3254,MEGH/WGH/78K02/2007/D-19,Meghalaya,West,Garo Hills Tura town (Rishipara) slide,25.51028,90.21678,,,27 July 2007
3255,MG/WKH/78O06/2017/17,Meghalaya,West,"Khasi Hills Pyndengrei Metrology slide Pyndengrei, Nongstoin",25.527781,91.263214,Debris,Slide,NA
3256,MG/WJH/83C06/2018/5,Meghalaya,West,Jaintia hills Mokaiyaw slide 3 km NE of Mokaiyaw village,25.529408,92.455339,,Fall,NA
3257,ML-13/2012-13,Meghalaya,West,Khasi Hills Porsohsat slide NA,25.53086111,91.29780556,,,21 August 2012 at 10:30am
3258,4692,Meghalaya,West,Khasi Hills West Khasi Hills Mawrok Shosat,25.531698,91.295995,Debris,Slide,NA
3259,6891,Meghalaya,West,Khasi Hills Mawrok Sohsat Mairang-Nongstoin Road,25.531739,91.296177,Debris,Slide,02 July 2024
3260,MG/WKH/78O02/2017/54,Meghalaya,West,Khasi Hills 1.8 km NE of Nongkaniang Mawkadiang Nongkaniang road,25.536889,91.206556,Debris,Slide,NA
3261,MG/WKH/78O02/2017/52,Meghalaya,West,Khasi Hills 0.9 km NE of Nongkaniang Mawkadiang Nongkaniang road,25.537344,91.207542,Debris,Slide,NA
3262,MEG/WKH/78O10/2016/04,Meghalaya,West,Khasi Hills NH44E slide4 Along NH44E 2 km West of,25.537972,91.602361,Debris,Slide,2016
3263,ME/WKH/2025/6,Meghalaya,West,Khasi Hills Sohpian Mairang-Nongstoin Road,25.540056,91.314142,Debris,Fall,02 July 2024
3264,MG/WKH/78O06/2017/8,Meghalaya,West,Khasi Hills Pyndengrei slide No 3 NH44E Nongstoin bypass,25.544906,91.268575,Debris,Slide,NA
3265,MG/WKH/78O06/2017/6,Meghalaya,West,Khasi Hills Pyndengrei slide No 1 NH44E Nongstoinbypass,25.544917,91.270722,Debris,Slide,NA
3266,MG/WKH/78O06/2017/7,Meghalaya,West,Khasi Hills Pyndengrei slide No 2 NH44E Nongstoin bypass,25.545061,91.269778,Debris,Slide,NA
3267,MG/WKH/78O02/2017/14,Meghalaya,West,Khasi Hills 0.76 km NW of Mawiawban NH44E,25.546553,91.235222,Debris,Slide,NA
3268,MG/WKH/78O02/2017/37,Meghalaya,West,Khasi Hills 0.9 km NN of Mawiawban Link road from NH44E from,25.549139,91.244417,Debris,Slide,NA
3269,MG/WKH/78O02/2017/38,Meghalaya,West,Khasi Hills 1 km NN of Mawiawban Link road from NH44E from,25.549333,91.246583,Debris,Slide,NA
3270,MG/WGH/78K06/2020/16,Meghalaya,West,"Garo Hills Tura-Williamnagar road slide no 3 SH-1, Tura-Williamnagar Road,",25.56,90.37,Debris,Slide,2019
3271,MG/WKH/78O02/2017/30,Meghalaya,West,Khasi Hills 2.1 km E of Urkyllong Link road from NH44E from,25.560931,91.227694,Debris,Slide,NA
3272,MG/WJH/83C06/2018/6,Meghalaya,West,Jaintia hills Mynso quarry slide Mynso-Samatan road,25.561281,92.330142,Debris,Slide,NA
3273,MG/WKH/78O02/2017/20,Meghalaya,West,Khasi Hills 1.3 km E of Mawliehdein NH44E,25.565489,91.220686,Debris,Slide,NA
3274,MG/WGH/78G14/2020/2,Meghalaya,West,Garo Hills NA NA,25.57,89.98,Debris,Slide,NA
3275,MEG/WJH/83C10/2016/31,Meghalaya,West,Jaintia Hills N of Lumjem Lumjem-Muthairain road,25.571,92.55128,Debris,Slide,NA
3276,MG/WKH/78O02/2017/60,Meghalaya,West,Khasi Hills 0.3 km NNE of Umsaw Umsaw Mawsiangbah,25.57425,91.214472,Debris,Slide,NA
3277,MG/WGH/78G14/2020/1,Meghalaya,West,"Garo Hills Tura-Ampati road slide no1 SH-12,Tura-Ampati Road, near",25.58,89.99,Earth,Slide,NA
3278,MG/WKH/78O02/2017/29,Meghalaya,West,Khasi Hills 1.6 km N of Mawnar NH44E,25.582836,91.183972,Debris,Slide,NA
3279,MG/WKH/78O02/2017/1,Meghalaya,West,Khasi Hills Rwiang NH44E,25.602683,91.180708,Debris,Slide,NA
3280,MG/WKH/78O02/2017/10,Meghalaya,West,Khasi Hills 0.5 km NW of Rwiang NH44E,25.606969,91.176158,Debris,Slide,NA
3281,MG/WGH/78K06/2020/3,Meghalaya,West,"Garo Hills Rongram-Jengjal road slide 3 NH-217,Paikan-Tura Dalu Road",25.61,90.29,Debris,Slide,NA
3282,ME/WKH/2026/39,Meghalaya,West,Khasi Hills Nongstoin-RongjongTura Road,25.61276111,91.17375278,Debris,Slide,02 July 2024
3283,MG/WGH/78K06/2020/8,Meghalaya,West,Garo Hills NA NA,25.62,90.33,Debris,Slide,NA
3284,MEG/WKH/78O10/2016/27,Meghalaya,West,"Khasi Hills MairangNongkhlaw R.S3 MairangNongkhlaw road, about",25.620361,91.617083,Earth,Slide,2016
3285,MG/WGH/78K06/2020/10,Meghalaya,West,"Garo Hills Rongram-Jengjal road slide 10 NH-217,Paikan-Tura Dalu Road",25.63,90.33,Rock,Slide,NA
3286,MG/WKH/78O02/2017/82,Meghalaya,West,Khasi Hills 1.1 km NW of Sinduli NH44E,25.644833,91.134778,Debris,Slide,NA
3287,MG/WKH/78O02/2017/76,Meghalaya,West,Khasi Hills 1.5 km E of Tumtum NH44E,25.644944,91.158153,Debris,Slide,NA
3288,MG/WKH/78O02/2017/81,Meghalaya,West,Khasi Hills 0.8 km NNW of Seinduli NH44E,25.660825,91.143689,,Slide,NA
3289,7243,Meghalaya,West,Khasi Hills Nongstoin-RongjongTura Road,25.66156667,91.13485278,Debris,Slide,02 July 2024
3290,MG/WKH/78O02/2017/44,Meghalaya,West,Khasi Hills 1.8 km SW of Porla NH44E,25.664111,91.089556,Debris,Slide,NA
3291,MG/WKH/78O02/2017/43,Meghalaya,West,Khasi Hills 1.5 km SW of Porla NH44E,25.666028,91.091167,Debris,Slide,NA
3292,MG/WKH/78O02/2017/41,Meghalaya,West,Khasi Hills 1.3 km SW of Porla NH44E,25.667072,91.091972,Debris,Slide,2017
3293,MG/WKH/78O02/2017/45,Meghalaya,West,Khasi Hills 0.2 km W of Riando petrolpump slide NH44E,25.667744,91.597819,Debris,Slide,2017
3294,MG/WKH/78O02/2017/88,Meghalaya,West,Khasi Hills 0.8 km NW of Porla NH44E,25.671944,91.096139,Debris,Slide,NA
3295,MG/WKH/78O02/2017/101,Meghalaya,West,Khasi Hills Mawthengkut Riangdo Mawthengkut road,25.678306,91.07975,Debris,Slide,NA
3296,MG/WKH/78O02/2017/102,Meghalaya,West,Khasi Hills Nongprut Riangdo Boko road,25.690833,91.056556,Debris,Slide,NA
3297,MEG/WKH/78O10/2016/24,Meghalaya,West,Khasi Hills NongkhlawPatharkhamma R.S11 NongkhlawPatharkhammah,25.6999,91.642192,Debris,Slide,2016
3298,MEG/WKH/78O10/2016/23,Meghalaya,West,Khasi Hills NongkhlawPatharkhamma R.S10 NongkhlawPatharkhammah,25.700053,91.644486,Debris,Slide,2016
3299,MEG/WKH/78O10/2016/50,Meghalaya,West,Khasi Hills NongkhlawPatharkhammah,25.795444,91.662111,Earth,Slide,2016
3300,MG/WKH/78O1/2020/7,Meghalaya,West,Khasi Hills Aradonga slide Hahim-Riangdo road,25.85,91.17,Earth,Slide,NA
3301,MIZ/AZL/2024/754,Mizoram,Aizawl,NULL NULL,23.10172778,93.20231944,Debris,,28 May 2024
3302,MIZ/AZL/2024/856,Mizoram,Aizawl,NULL NULL,23.20960722,93.13104722,Debris,Slide,2 July 2024
3303,MIZ/AZL/2024/857,Mizoram,Aizawl,NULL NULL,23.21068583,93.1212325,Debris,Slide,2 July 2024
3304,MIZ/AZL/2024/854,Mizoram,Aizawl,NULL NULL,23.24500833,93.17587222,Debris,Slide,24 September 2024
3305,MIZ/AZL/2024/772,Mizoram,Aizawl,NULL NULL,23.25951944,93.15917222,Debris,,28 September 2024
3306,MIZ/AZL/2024/771,Mizoram,Aizawl,NULL NULL,23.26126111,93.15070556,Debris,Slide,28 November 2024
3307,MIZ/AZL/2024/514,Mizoram,Aizawl,NULL NULL,23.33194444,92.78916667,Debris,Slide,NA
3308,MIZ/AZL/2024/524,Mizoram,Aizawl,NULL NULL,23.35416667,92.77027778,Debris,Fall,NA
3309,MIZ/AZL/2024/533,Mizoram,Aizawl,NULL NULL,23.36138889,92.77083333,Rock,Slide,NA
3310,MIZ/AZL/2024/529,Mizoram,Aizawl,NULL NULL,23.37083333,92.75861111,Debris,Slide,NA
3311,MIZ/AZL/2024/536,Mizoram,Aizawl,NULL NULL,23.3725,92.75861111,Debris,,NA
3312,MIZ/AZL/2024/540,Mizoram,Aizawl,NULL NULL,23.39194444,92.75611111,Debris,,NA
3313,MIZ/AZL/2024/543,Mizoram,Aizawl,NULL NULL,23.40222222,92.75,Debris,,NA
3314,MZ/AIZ/84A11/2016/97,Mizoram,Aizawl,"North of Sialsuk, SH-Sialsuk-",23.409674,92.750935,Rock,Slide,2016
3315,MIZ/AZL/2024/511,Mizoram,Aizawl,NULL NULL,23.41,92.74944444,Debris,Slide,28 May 2024
3316,MZ/AIZ/84A11/2016/98,Mizoram,Aizawl,"North of Sialsuk, SH-Sialsuk-",23.411146,92.752193,Debris,Slide,2016
3317,MZ/AIZ/84A11/2016/99,Mizoram,Aizawl,"west of Samlukhai, SH-Sialsuk-",23.412046,92.750099,Rock,Slide,2016
3318,MIZ/AZL/2024/546,Mizoram,Aizawl,NULL NULL,23.41805556,92.77111111,Debris,Slide,NA
3319,MIZ/AZL/2024/503,Mizoram,Aizawl,NULL NULL,23.42722222,92.71277778,Debris,,28 May 2024
3320,MIZ/AZL/2024/548,Mizoram,Aizawl,NULL NULL,23.43194444,92.76083333,Debris,Slide,28 May 2024
3321,MIZ/AZL/2022/42,Mizoram,Aizawl,Sialsuk to Hmuifang road (SH) NULL,23.43936111,92.76144444,Rock,Slide,2022
3322,MZ/AIZ/84A11/2016/100,Mizoram,Aizawl,About 3km Southeast of Lungsai,23.440648,92.703726,Rock,Slide,2016
3323,MZ/AIZ/84A11/2016/102,Mizoram,Aizawl,"About 15km south of Damdia,",23.442296,92.695903,Debris,Slide,2016
3324,MIZ/AZL/2024/500,Mizoram,Aizawl,NULL NULL,23.44333333,92.68527778,Debris,Slide,28 May 2024
3325,MIZ/AZL/2024/498,Mizoram,Aizawl,NULL NULL,23.44805556,92.68333333,Debris,Slide,28 May 2024
3326,MIZ/AZL/2024/489,Mizoram,Aizawl,NULL NULL,23.45083333,92.6825,Debris,Slide,28 May 2024
3327,MIZ/AZL/2024/496,Mizoram,Aizawl,NULL NULL,23.45083333,92.67944444,Debris,Slide,NA
3328,MIZ/AZL/2024/494,Mizoram,Aizawl,NULL NULL,23.45138889,92.68083333,Debris,,NA
3329,MIZ/AZL/2024/495,Mizoram,Aizawl,NULL NULL,23.45138889,92.68,Debris,Slide,NA
3330,MZ/SER/84A11/2017/148,Mizoram,Aizawl,"1.5km Southwest of Samsuih,",23.464206,92.737583,Rock,Slide,NA
3331,MIZ/AZL/2024/556,Mizoram,Aizawl,NULL NULL,23.46722222,92.74083333,Debris,,NA
3332,MZ/SER/84A11/2017/149,Mizoram,Aizawl,"1.2km Southeast of Samsuih, SH-",23.467262,92.740634,Rock,Rock fall,NA
3333,MIZ/AZL/2024/555,Mizoram,Aizawl,NULL NULL,23.4675,92.74083333,Debris,Slide,NA
3334,MZ/SER/84A11/2017/150,Mizoram,Aizawl,"Near the viewpoint, about",23.470109,92.740615,Rock,Slide,NA
3335,MZ/AZL/84A11/2024/096,Mizoram,Aizawl,"Thiak, Aizawl",23.47388889,92.70972222,Earth,Slide,2023
3336,MZ/SER/84A11/2017/146,Mizoram,Aizawl,About 1.5km Northwest of,23.476702,92.705854,Rock,Slide,NA
3337,MZ/SER/84A11/2017/143,Mizoram,Aizawl,About 200m South of Tropic of,23.498881,92.703251,Rock,Slide,2016
3338,MIZ/AZL/2024/569,Mizoram,Aizawl,NULL NULL,23.49933333,92.70225,Debris,Slide,NA
3339,MIZ/AZL/84A11/2025/200,Mizoram,Aizawl,"Below N. Lungsai, Samlukhai",23.502336,92.697334,Rock,Slide,NA
3340,MIZ/AZL/2024/436,Mizoram,Aizawl,NULL NULL,23.51361111,92.69861111,Debris,,NA
3341,MIZ/AZL/2024/488,Mizoram,Aizawl,NULL NULL,23.52583333,92.63861111,Debris,Slide,2 June 2024
3342,MIZ/AZL/2024/486,Mizoram,Aizawl,NULL NULL,23.52694444,92.65444444,Debris,Slide,20 September 2024
3343,MIZ/AZL/2024/485,Mizoram,Aizawl,NULL NULL,23.5275,92.65472222,Debris,,NA
3344,MIZ/AZL/2024/427,Mizoram,Aizawl,NULL NULL,23.52861111,92.6975,Debris,Slide,28 May 2024
3345,MZ/AZL/84A10/2024/103,Mizoram,Aizawl,Phulpui,23.52944444,92.72944444,Debris,Debris flow,28 May 2024
3346,MIZ/AZL/2024/482,Mizoram,Aizawl,NULL NULL,23.5325,92.65555556,Debris,Slide,NA
3347,MIZ/AZL/2024/424,Mizoram,Aizawl,NULL NULL,23.53388889,92.6975,Debris,Slide,NA
3348,MIZ/AZL/2024/419,Mizoram,Aizawl,NULL NULL,23.53805556,92.69944444,Debris,Slide,NA
3349,MIZ/AZL/2024/480,Mizoram,Aizawl,NULL NULL,23.53861111,92.65916667,Debris,Slide,NA
3350,MIZ/AZL/2024/481,Mizoram,Aizawl,NULL NULL,23.53888889,92.65888889,Debris,Slide,NA
3351,MIZ/AZL/2024/405,Mizoram,Aizawl,NULL NULL,23.54055556,92.71666667,Debris,Slide,NA
3352,MIZ/AZL/2024/470,Mizoram,Aizawl,NULL NULL,23.54305556,92.66638889,Debris,Slide,NA
3353,MIZ/AZL/2024/397,Mizoram,Aizawl,NULL NULL,23.54555556,92.72111111,Debris,Slide,NA
3354,MIZ/AZL/2024/445,Mizoram,Aizawl,NULL NULL,23.54972222,92.70361111,Debris,Slide,NA
3355,MIZ/AZL/2024/444,Mizoram,Aizawl,NULL NULL,23.55027778,92.70444444,Debris,Slide,28 May 2024
3356,MIZ/AZL/2024/386,Mizoram,Aizawl,NULL NULL,23.55444444,92.70527778,Debris,Slide,28 May 2024
3357,MIZ/AZL/2024/387,Mizoram,Aizawl,NULL NULL,23.5625,92.70777778,Debris,Slide,25 August 2024
3358,MZ/AZL/84A10/2024/109,Mizoram,Aizawl,Aibawk,23.565,92.70777778,Debris,Slide,28 May 2024
3359,MZ/AIZ/84A14/2015/60,Mizoram,Aizawl,"Tlungvel, On Turini lui near",23.566631,92.876781,Debris,Slide,NA
3360,MIZ/AZL/2024/384,Mizoram,Aizawl,NULL NULL,23.57027778,92.70722222,Debris,,28 May 2024
3361,MIZ/AZL/2024/382,Mizoram,Aizawl,NULL NULL,23.57138889,92.70972222,Debris,Slide,28 May 2024
3362,MIZ/AZL/2024/377,Mizoram,Aizawl,NULL NULL,23.57888889,92.7125,Debris,,NA
3363,MIZ/AZL/2024/371,Mizoram,Aizawl,NULL NULL,23.58277778,92.71333333,Debris,Slide,NA
3364,MIZ/AZL/2023/143,Mizoram,Aizawl,NULL NULL,23.58388889,92.71722222,Rock,Slide,8 August 2023
3365,MIZ/AZL/2023/144,Mizoram,Aizawl,NULL NULL,23.58591667,92.71777778,Earth,Slide,25 July 2023
3366,MIZ/AZL/2024/391,Mizoram,Aizawl,NULL NULL,23.58611111,92.72944444,Debris,Slide,NA
3367,MIZ/AZL/2024/369,Mizoram,Aizawl,NULL NULL,23.58638889,92.71388889,Debris,,2024
3368,MIZ/AZL/2024/307,Mizoram,Aizawl,NULL NULL,23.58694444,92.8175,Debris,Slide,25 August 2024
3369,MIZ/AZL/2024/367,Mizoram,Aizawl,NULL NULL,23.59027778,92.71583333,Earth,Slide,28 May 2024
3370,MIZ/AZL/2024/310,Mizoram,Aizawl,NULL NULL,23.60083333,92.83027778,Debris,Slide,NA
3371,MIZ/AZL/2024/363,Mizoram,Aizawl,NULL NULL,23.60138889,92.71888889,Debris,Slide,NA
3372,MIZ/AZL/2024/353,Mizoram,Aizawl,NULL NULL,23.60638889,92.7775,Debris,Slide,2024
3373,MZ/AIZ/84A14/2015/78,Mizoram,Aizawl,"East of Tlungvel, about 3km",23.607347,92.879114,Debris,Slide,NA
3374,MIZ/AZL/2024/331,Mizoram,Aizawl,NULL NULL,23.60972222,92.79972222,Earth,Slide,2 July 2024
3375,MIZ/AZL/2024/330,Mizoram,Aizawl,NULL NULL,23.60972222,92.80027778,Earth,Slide,NA
3376,MZ/AZL/84A10/2016/02,Mizoram,Aizawl,Tlungvel Presbyterian church slide Tlungvel village (near the,23.613722,92.851889,Earth,Earth Flow,2016
3377,MIZ/AZL/2024/342,Mizoram,Aizawl,NULL NULL,23.61611111,92.79777778,Debris,,28 May 2024
3378,MZ/AZL/84A10/2024/063,Mizoram,Aizawl,"Falkawn, Aizawl",23.61916667,92.7225,Debris,Slide,28 May 2024
3379,MZ/AZL/84A10/2024/065,Mizoram,Aizawl,"Falkawn vengthar, Aizawl",23.61972222,92.72527778,Debris,Slide,28 May 2024
3380,MIZ/AZL/2024/348,Mizoram,Aizawl,NULL NULL,23.61972222,92.78916667,Earth,Slide,2024
3381,MZ/AZL/84A10/2024/066,Mizoram,Aizawl,"Falkawn vengthar, Aizawl",23.62027778,92.72555556,Debris,Slide,28 May 2024
3382,MIZ/AZL/2024/222,Mizoram,Aizawl,NULL NULL,23.62055556,92.85083333,Debris,Slide,2024
3383,MZ/AZL/84A10/2024/068,Mizoram,Aizawl,"Falkawn vengthar, Aizawl",23.62111111,92.72444444,Debris,Slide,28 May 2024
3384,MIZ/AZL/2024/349,Mizoram,Aizawl,NULL NULL,23.62194444,92.78972222,Earth,Slide,NA
3385,MIZ/AZL/2023/206,Mizoram,Aizawl,NULL NULL,23.63472222,92.855,Debris,Slide,2023
3386,MZ/AZL/84A10/2024/091,Mizoram,Aizawl,"Kelsih, Aizawl",23.635,92.72361111,Debris,Slide,28 May 2024
3387,MIZ/AZL/2024/292,Mizoram,Aizawl,NULL NULL,23.63611111,92.72333333,Debris,Slide,NA
3388,MIZ/AZL/2024/285,Mizoram,Aizawl,NULL NULL,23.64444444,92.72527778,Debris,,28 May 2024
3389,MZ/AZL/84A10/2024/055,Mizoram,Aizawl,"Melriat, Aizawl",23.64638889,92.72638889,Debris,Slide,02 October 2023
3390,MIZ/AZL/2023/79,Mizoram,Aizawl,Melthum Aizawl-Thenzawl-Lunglei NULL,23.64702778,92.72583333,Debris,Slide,2023
3391,MZ/AZL/84A10/2024/128,Mizoram,Aizawl,Hualngohmun,23.65416667,92.71777778,Debris,Slide,28 May 2024
3392,MIZ/AZL/2022/50,Mizoram,Aizawl,Samtlang NULL,23.65538889,92.71161111,Rock,Slide,NA
3393,MIZ/AZL/2024/225,Mizoram,Aizawl,NULL NULL,23.65583333,92.86111111,Debris,Slide,2024
3394,MZ/AIZ/84A14/2015/107,Mizoram,Aizawl,1.9 km south of Keifang village,23.658861,92.963722,Debris,Slide,NA
3395,MZ/AIZ/84A14/2015/92,Mizoram,Aizawl,"Keifang, quarry section on SH-",23.667361,92.978,Rock,Slide,NA
3396,MZ/AIZ/84A10/2015/73,Mizoram,Aizawl,About 3km North of,23.670556,92.728528,Rock,Slide,NA
3397,MZ/AZL/84A10/2024/085,Mizoram,Aizawl,Aizawl-Thenzawl-Lunglei,23.67138889,92.72361111,Debris,Slide,28 May 2024
3398,MZ/AZL/84A10/2024/074,Mizoram,Aizawl,"Hlimen, Aizawl",23.67388889,92.71472222,Debris,Slide,28 May 2024
3399,MZ/AZL/84A10/2024/084,Mizoram,Aizawl,"Melthum, Aizawl-Thenzawl-",23.67611111,92.71972222,Debris,,28 May 2024
3400,MZ/AZL/84A10/2024/070,Mizoram,Aizawl,"Hlimen, Aizawl",23.67694444,92.71722222,Rock,,28 May 2024
3401,MZ/AZL/84A10/2024/053,Mizoram,Aizawl,Melthum to Hualngohmun,23.67805556,92.72,Debris,Slide,28 May 2024
3402,MZ/AIZ/84E02/2017/34,Mizoram,Aizawl,16.5 km E of Keifang (Kawlkulh,23.68054,93.020091,Debris,Slide,NA
3403,MZ/AZL/84A10/2024/135,Mizoram,Aizawl,Melthum,23.68143611,92.72144167,Debris,Slide,28 May 2024
3404,MZ/AIZ/84E02/2017/39,Mizoram,Aizawl,14km SE of Keifang,23.685795,93.019874,Rock,Slide,NA
3405,MIZ/AZL/2024/268,Mizoram,Aizawl,NULL NULL,23.68916667,92.72055556,Debris,Slide,"28 May 2024, 2 July 2024"
3406,MZ/AZL/84A10/2024/081,Mizoram,Aizawl,"World Bank Road & Melthum,",23.69138889,92.72138889,Debris,,2023
3407,MIZ/AZL/2024/264,Mizoram,Aizawl,NULL NULL,23.69333333,92.76694444,Debris,Slide,NA
3408,MIZ/AZL/2024/633,Mizoram,Aizawl,NULL NULL,23.69916667,92.87416667,Debris,Slide,NA
3409,MZ/AIZ/84A10/2014/04,Mizoram,Aizawl,"CP Road Tlangnuan, CP Road",23.6995,92.71617,Debris,Slide,NA
3410,MZ/AIZ/84A10/2015/229,Mizoram,Aizawl,"Tlangnuam Vengthar, Melthum -",23.700556,92.715972,Rock,Slide,NA
3411,MIZ/AZL/2024/630,Mizoram,Aizawl,NULL NULL,23.70277778,92.8775,Debris,Slide,NA
3412,MZ/AZL/84A10/2024/049,Mizoram,Aizawl,"Tlangnuam CP Road, Aizawl",23.70416667,92.71222222,Earth,Slide,28 May 2024
3413,MZ/AIZ/84A14/2015/108,Mizoram,Aizawl,NE of Keifang village on SH-,23.704861,92.98575,Rock,Slide,NA
3414,MZ/AIZ/84A10/2015/182,Mizoram,Aizawl,"South of Tlawng Hydro-Project,",23.71125,92.660167,Debris,Slide,NA
3415,MIZ/AZL/2024/625,Mizoram,Aizawl,NULL NULL,23.71194444,92.86888889,Debris,Slide,NA
3416,MZ/AIZ/84A10/2015/183,Mizoram,Aizawl,1km South of Tlawng Hydro-,23.712694,92.66025,Debris,Slide,NA
3417,MZ/AZL/84A10/2024/032,Mizoram,Aizawl,"Mission Vengthlang, Aizawl",23.71305556,92.70895833,Debris,Slide,28 May 2024
3418,MZ/AIZ/84A14/2015/80,Mizoram,Aizawl,Tlangnuam village area on NH-,23.716025,92.854306,Rock,Slide,NA
3419,MZ/AZL/84A10/2024/037,Mizoram,Aizawl,"Mission Veng, Aizawl",23.71638889,92.72111111,Debris,Slide,28 May 2024
3420,MZ/AIZ/84A10/2015/196,Mizoram,Aizawl,"West of Mission Veng, Tlawng -",23.716556,92.699056,Debris,Slide,NA
3421,MZ/AZL/84A10/2024/0028,Mizoram,Aizawl,"Nursery Veng, Aizawl",23.71740833,92.70644167,Earth,Slide,28 May 2024
3422,MZ/AIZ/84A10/2015/201,Mizoram,Aizawl,"Near Police Post Forest, Tlawng -",23.7195,92.675528,Debris,Slide,NA
3423,MZ/AIZ/84A10/2015/198,Mizoram,Aizawl,"Southwest of Lawipu, Near",23.722222,92.682278,Debris,Slide,NA
3424,MZ/AZL/84A14/2024/0147,Mizoram,Aizawl,Tuirial,23.72222222,92.80138889,Rock,Slide,28 May 2024
3425,MIZ/AZL/2022/34,Mizoram,Aizawl,Maubawk NULL,23.72327778,92.70222222,Debris,Slide,
3426,MZ/AZL/84A14/2024/137,Mizoram,Aizawl,Tuirial,23.72694444,92.79527778,Debris,Slide,28 May 2024
3427,MZ/AIZ/84A14/2015/82,Mizoram,Aizawl,Seling village on NH 54,23.727472,92.85265,Rock,Rock fall,NA
3428,MIZ/AZL/2024/614,Mizoram,Aizawl,NULL NULL,23.7275,92.77,Debris,Slide,NA
3429,MZ/AIZ/84A10/2015/215,Mizoram,Aizawl,"500m SW of New Secreteriat,",23.727639,92.703083,Rock,Slide,NA
3430,MIZ/AZL/2022/44,Mizoram,Aizawl,Hualngohmun NULL,23.72786111,92.73955556,Debris,Slide,2022
3431,MIZ/AZL/2024/583,Mizoram,Aizawl,NULL NULL,23.72972222,92.85305556,Debris,Slide,28 May 2024
3432,MIZ/AZL/84A14/2025/008,Mizoram,Aizawl,Zemabawk,23.730243,92.75603,Debris,Slide,30 May 2025 (Morning)
3433,MIZ/AZL/2024/612,Mizoram,Aizawl,NULL NULL,23.73027778,92.76861111,Debris,Slide,28 August 2024
3434,MIZ/AZL/2022/5,Mizoram,Aizawl,"Beraw Tlang, Zemabawk, Aizawl NULL",23.73041667,92.75552778,Debris,Debris flow,2020
3435,MIZ/AZL/2024/606,Mizoram,Aizawl,NULL NULL,23.73055556,92.75916667,Debris,Slide,NA
3436,MZ/AIZ/84A14/2015/75,Mizoram,Aizawl,"Zemabawk, near Ripans",23.730867,92.755639,Rock,Slide,NA
3437,MZ/AZL/84A14/2024/148,Mizoram,Aizawl,Tuirial to Seling town,23.73111111,92.84944444,Debris,Slide,2023
3438,MIZ/AZL/2024/229,Mizoram,Aizawl,NULL NULL,23.73194444,92.75,Debris,Slide,28 May 2024
3439,MZ/AZL/84A14/2024/138,Mizoram,Aizawl,Tuirial Airfield,23.73277778,92.79722222,Debris,Slide,28 May 2024
3440,MZ/AIZ/84A14/2015/66,Mizoram,Aizawl,Paibawk Turial section along,23.732867,92.825842,Debris,Slide,NA
3441,MZ/AZL/84A10/2024/009,Mizoram,Aizawl,"Luangmual-Ainawn road, Aizawl",23.73386111,92.69491667,Debris,,28 May 2024
3442,MIZ/AZL/2024/620,Mizoram,Aizawl,NULL NULL,23.73388889,92.79388889,Debris,Slide,2 July 2024
3443,MZ/AIZ/84A10/2014/05,Mizoram,Aizawl,Zemabawk Zemabawk,23.73436,92.75194,Rock,Slide,2012
3444,MZ/AZL/84A14/2024/136,Mizoram,Aizawl,Zemabawk to Tuirial Airfield,23.73555556,92.78833333,Rock,Slide,28 May 2024
3445,MIZ/AZL/2024/226,Mizoram,Aizawl,NULL NULL,23.73722222,92.7425,Debris,Slide,NA
3446,MZ/AZL/84A10/2024/004,Mizoram,Aizawl,"Luangmual, Aizawl",23.74066667,92.69336111,Debris,Slide,28 May 2024
3447,MZ/AZL/84A/10/2023/01,Mizoram,Aizawl,"Vaivakawn landslide Vaivakawn, Aizawl",23.74150833,92.70785833,Rock,Slide,04 June 2023
3448,MZ/AIZ/84A10/2015/225,Mizoram,Aizawl,Ramhlun Sports Complex and,23.741806,92.72525,Debris,Subsidence,NA
3449,MIZ/AZL/84A/10/2021/02,Mizoram,Aizawl,"GWC Road Ṭhuampui Landslide GWC Road, Ainawn Section,",23.74190833,92.74161389,Debris,Slide,
3450,MIZ/AZL/2024/249,Mizoram,Aizawl,NULL NULL,23.74194444,92.71305556,Debris,Slide,21 August 2024
3451,MIZ/AZL/2022/65,Mizoram,Aizawl,Republic Veng cemetary NULL,23.74256944,92.73774444,Debris,Subsidence,
3452,MZ/AIZ/84A10/2015/184,Mizoram,Aizawl,"Tanhril near the Spring, Tanhril -",23.743694,92.679028,Rock,Slide,NA
3453,MZ/AIZ/84A10/2014/01,Mizoram,Aizawl,Laiputlang Laiputlang,23.74372,92.72417,Debris,Slide,NA
3454,MIZ/AZL/2024/250,Mizoram,Aizawl,NULL NULL,23.74388889,92.71222222,Debris,Slide,20 July 2024
3455,MIZ/AZL/2024/639,Mizoram,Aizawl,NULL NULL,23.74416667,92.85555556,Debris,Slide,25 September 2024
3456,MZ/AIZ/84A10/2015/187,Mizoram,Aizawl,"Luangmual, Mizoram Univ. -",23.745083,92.6955,Debris,Slide,NA
3457,MIZ/AZL/2024/245,Mizoram,Aizawl,NULL NULL,23.75138889,92.69583333,Debris,Slide,NA
3458,MIZ/AIZ/84A09/2016/77,Mizoram,Aizawl,Gate for Mizoram Truck,23.754493,92.690145,Rock,Slide,2016
3459,MIZ/AZL/2024/238,Mizoram,Aizawl,NULL NULL,23.76055556,92.73194444,Debris,Slide,2 July 2024
3460,MZ/AZL/84A13/2024/150,Mizoram,Aizawl,Sesawng,23.76083333,92.8475,Debris,Slide,28 May 2024
3461,MIZ/AZL/2024/642,Mizoram,Aizawl,NULL NULL,23.76166667,92.85083333,Debris,,2 July 2024
3462,MIZ/AIZ/84A09/2016/133,Mizoram,Aizawl,Hunther area,23.771587,92.732129,Debris,Slide,NA
3463,MZ/AZL/84A09/2024/111,Mizoram,Aizawl,"BSUP, Durtlang",23.77305556,92.74361111,Debris,Slide,28 May 2024
3464,MIZ/AZL/2024/652,Mizoram,Aizawl,NULL NULL,23.77361111,92.84944444,Debris,Slide,28 May 2024
3465,MZ/AZL/84A13/2024/113,Mizoram,Aizawl,Muthi,23.77361111,92.76111111,Debris,Slide,28 May 2024
3466,MZ/AIZ/84E01/2017/55,Mizoram,Aizawl,14 lm from Dilkhan,23.777805,93.00489,Debris,Slide,NA
3467,MIZ/AZL/2024/648,Mizoram,Aizawl,NULL NULL,23.77833333,92.84666667,Debris,Slide,28 May 2024
3468,MZ/AIZ/84E01/2017/94,Mizoram,Aizawl,ThanglailungSaitual section,23.779444,93.023918,Debris,Slide,NA
3469,MIZ/AZL/2023/155,Mizoram,Aizawl,NULL NULL,23.78138889,92.67638889,Rock,Slide,25 October 2023
3470,MIZ/AIZ/84A09/2016/131,Mizoram,Aizawl,Hunther area,23.787414,92.725278,Debris,Slide,NA
3471,MZ/AIZ/84E01/2017/112,Mizoram,Aizawl,~16 km from Thanglailung,23.7885,93.024666,Rock,Slide,NA
3472,MIZ/AIZ/84A13/2016/43,Mizoram,Aizawl,,23.788722,92.837833,Debris,Slide,2016
3473,MZ/AIZ/84E01/2017/51,Mizoram,Aizawl,Near Thanglailung,23.792555,93.029892,Rock,Slide,NA
3474,MZ/AZL/84A13/2024/152,Mizoram,Aizawl,Mualmam,23.80750556,92.83417222,Earth,Slide,28 May 2024
3475,MIZ/AZL/2024/653,Mizoram,Aizawl,NULL NULL,23.815,92.8275,Debris,Slide,NA
3476,MIZ/AIZ/84A09/2016/84,Mizoram,Aizawl,Sairang road (near bridge),23.816611,92.662306,Debris,Slide,2016
3477,MIZ/AZL/2024/656,Mizoram,Aizawl,NULL NULL,23.82527778,92.8325,Debris,Slide,NA
3478,MIZ/AZL/2024/657,Mizoram,Aizawl,NULL NULL,23.82638889,92.8325,Debris,Slide,28 May 2024
3479,MIZ/AZL/2024/659,Mizoram,Aizawl,NULL NULL,23.83277778,92.8325,Debris,Slide,2 July 2024
3480,MIZ/AIZ/84A13/2016/6,Mizoram,Aizawl,near vanzao,23.844139,92.933,Rock,Slide,NA
3481,MIZ/AZL/2024/661,Mizoram,Aizawl,NULL NULL,23.84777778,92.83694444,Debris,Slide,28 May 2024
3482,MZ/AIZ/84E01/2017/85,Mizoram,Aizawl,"3 km from Tuivai river, near",23.85075,93.115608,Rock,Slide,NA
3483,MIZ/AZL/2023/125,Mizoram,Aizawl,NULL NULL,23.86472222,92.88194444,Rock,Slide,2022
3484,MIZ/AIZ/84A09/2016/53,Mizoram,Aizawl,"~1km from Lungdai, on Silchar",23.868917,92.735472,Rock,Rock fall,2016
3485,MZ/AIZ/84E01/2017/65,Mizoram,Aizawl,Ainawl village,23.87075,93.078529,Debris,Slide,2017
3486,MIZ/AZL/2024/664,Mizoram,Aizawl,NULL NULL,23.87694444,92.84,Earth,Slide,2 July 2024/
3487,MIZ/AZL/2023/128,Mizoram,Aizawl,NULL NULL,23.88194444,92.88166667,Debris,Slide,2023
3488,MIZ/AIZ/84A13/2016/22,Mizoram,Aizawl,2.5 km S of Khawruhlian,23.882583,92.877639,Debris,Slide,2016
3489,MZ/AIZ/84E01/2017/93,Mizoram,Aizawl,"Ainawl village, near Tuivai river",23.887251,93.095612,Debris,Slide,NA
3490,MIZ/AZL/2023/117,Mizoram,Aizawl,NULL NULL,23.89027778,92.91944444,Debris,Slide,2022
3491,MIZ/AZL/2023/118,Mizoram,Aizawl,NULL NULL,23.89083333,92.92055556,Debris,Slide,2022
3492,MIZ/AIZ/84A13/2016/29,Mizoram,Aizawl,~07 m from prev location,23.891722,92.84925,Debris,Slide,2016
3493,MIZ/AZL/2023/115,Mizoram,Aizawl,NULL NULL,23.90222222,92.91888889,Debris,Slide,2022
3494,MZ/AIZ/84E01/2017/77,Mizoram,Aizawl,SuangpuilawnZawngin section,23.927389,93.02803,Debris,Slide,NA
3495,MIZ/AZL/2022/57,Mizoram,Aizawl,Bawngkawn East NULL,23.93395,92.65928,Debris,Slide,2022
3496,MIZ/AIZ/84A09/2016/57,Mizoram,Aizawl,"Serkhan-Khawnpui section,",23.934222,92.730611,Debris,Slide,2016
3497,MIZ/AIZ/84A13/2016/11,Mizoram,Aizawl,1.5 km S of Kepran,23.9395,92.927889,Debris,Slide,2016
3498,MZ/AIZ/84E01/2017/87,Mizoram,Aizawl,SuangpuilawnE. Phaileng,23.958944,93.022781,Debris,Slide,NA
3499,MZ/AIZ/84E01/2017/103,Mizoram,Aizawl,SuangpuilawnE. Phaileng,23.961,93.028969,Debris,Slide,NA
3500,MZ/AIZ/84E01/2017/110,Mizoram,Aizawl,Suangpuilawn village,23.962278,93.035309,Debris,Slide,2017
3501,MZ/AIZ/84E01/2017/97,Mizoram,Aizawl,Suangpuilawn village,23.966249,93.041115,Rock,Slide,NA
3502,MZ/AIZ/83D16/2016/101,Mizoram,Aizawl,jhum road from darlawn,24.004313,92.904068,Earth,Slide,2016
3503,MZ/AIZ/83D16/2016/100,Mizoram,Aizawl,Darlawn (water harvesting,24.013044,92.920237,Debris,Slide,NA
3504,MZ/AIZ/83D16/2016/98,Mizoram,Aizawl,North of Serzawl,24.024826,92.888859,Earth,Slide,NA
3505,MIZ/AZL/2023/113,Mizoram,Aizawl,NULL NULL,24.02555556,92.91944444,Debris,Debris flow,2023
3506,MZ/AIZ/83D16/2016/74,Mizoram,Aizawl,5km N. Of Darlawn,24.026556,92.911915,Rock,Rock fall,2016
3507,MIZ/AZL/2023/83,Mizoram,Aizawl,Darlawn Vengthar NULL,24.02833333,92.89138889,Debris,Slide,2022
3508,MZ/AIZ/83D16/2016/77,Mizoram,Aizawl,6km south of Sailutar,24.037336,92.922455,Debris,Slide,2016
3509,MZ/AIZ/83H04/2017/14,Mizoram,Aizawl,VanbawngN Khawlek section,24.046499,93.04422,Rock,Slide,NA
3510,MZ/AIZ/83D16/2016/64,Mizoram,Aizawl,South of Bukpui village,24.053275,92.77647,Rock,Slide,2016
3511,MZ/AIZ/83D16/2016/95,Mizoram,Aizawl,Sunhluchip,24.067478,92.893471,Rock,Slide,2012
3512,MZ/AIZ/83D16/2016/63,Mizoram,Aizawl,2km S. Of Bukpui village,24.070285,92.787738,Rock,Slide,2016
3513,MIZ/AZL/2024/708,Mizoram,Aizawl,NULL NULL,24.090025,93.54191667,Debris,Slide,7 October 2024
3514,MZ/AIZ/83D16/2016/47,Mizoram,Aizawl,N of Bukpui,24.09109,92.795724,Debris,Slide,2016
3515,MZ/AIZ/83D16/2016/48,Mizoram,Aizawl,N of Bukpui,24.09123,92.795928,Rock,Slide,2016
3516,MZ/AIZ/83D16/2016/50,Mizoram,Aizawl,N of Bukpui,24.091664,92.796134,Rock,Slide,2016
3517,MZ/AIZ/83D16/2016/89,Mizoram,Aizawl,5km south of Ratu,24.094248,92.917745,Rock,Slide,2016
3518,MZ/AIZ/83D16/2016/53,Mizoram,Aizawl,N of Bukpui,24.125294,92.805847,Debris,Slide,2016
3519,MZ/AIZ/83D16/2016/54,Mizoram,Aizawl,N of Bukpui,24.125631,92.805948,Debris,Slide,NA
3520,MZ/AIZ/83D16/2016/55,Mizoram,Aizawl,N of Bukpui,24.125996,92.805874,Debris,Slide,NA
3521,MZ/AIZ/83D16/2016/117,Mizoram,Aizawl,2.5km east of New vervek,24.182669,92.950748,Earth,Slide,NA
3522,MZ/AIZ/83D16/2016/118,Mizoram,Aizawl,towards Tipaimukh,24.184022,92.951257,Debris,Slide,NA
3523,MZ/AIZ/83D16/2016/125,Mizoram,Aizawl,8 km wast of Tipaimukh,24.193061,92.992877,Rock,Slide,NA
3524,MZ/AIZ/83D16/2016/110,Mizoram,Aizawl,N. Of New Vervek,24.193682,92.946417,Debris,Slide,2016
3525,MIZ/AZL/2023/111,Mizoram,Aizawl,NULL NULL,24.19533333,92.99544444,Debris,Slide,2023
3526,MZ/AIZ/83D16/2016/123,Mizoram,Aizawl,towards Tuival R.,24.199185,92.992094,Rock,Slide,NA
3527,MIZ/AZL/2023/96,Mizoram,Aizawl,Ṭinghmun NULL,24.2005,92.94105556,Debris,Slide,2023
3528,MZ/AIZ/83D16/2016/121,Mizoram,Aizawl,9 km wast of Tipaimukh,24.200746,92.98517,Debris,Slide,NA
3529,MIZ/AZL/2023/93,Mizoram,Aizawl,Vaitin Vengthar NULL,24.22972222,92.99333333,Earth,Slide,2023
3530,MZ/AIZ/83D16/2016/132,Mizoram,Aizawl,west of Sakawrdai towards,24.246076,92.948994,Debris,Slide,NA
3531,MIZ/AZL/2023/84,Mizoram,Aizawl,N. Serzawl NULL,24.26311111,92.96041667,Debris,Slide,2023
3532,MIZ/AZL/2024/723,Mizoram,Aizawl,NULL NULL,24.33300556,93.65357222,Debris,Slide,28 September 2024
3533,MIZ/AZL/2024/721,Mizoram,Aizawl,NULL NULL,24.33915833,93.66233611,Debris,Slide,13 August 2024
3534,MZ/AIZ/83D15/2020/4,Mizoram,Aizawl,Saipum-Tuirial dam slide 4 Saipum-Tuirial dam- Mauchhar,24.37,92.89,Rock,Slide,2019
3535,MZ/AIZ/83D15/2020/3,Mizoram,Aizawl,Saipum-Tuirial dam slide 3 Saipum-Tuirial dam- Mauchhar,24.37,92.89,Debris,Slide,2019
3536,MZ/AIZ/83D15/2020/6,Mizoram,Aizawl,Saipum-Tuirial dam slide 6 Saipum-Tuirial dam- Mauchhar,24.37,92.89,Debris,Slide,2019
3537,MIZ/AZL/2024/730,Mizoram,Aizawl,NULL NULL,24.48458889,93.58781944,Debris,Slide,13 August 2024
3538,MIZ/AZL/2024/728,Mizoram,Aizawl,NULL NULL,24.49112222,93.62215556,Earth,Slide,13 August 2024
3539,MIZ/AZL/2024/731,Mizoram,Aizawl,NULL NULL,24.492825,93.58643611,Earth,Slide,28 September 2024
3540,MZ-30/2011,Mizoram,CHAMPHAI,Ngopa landsinking,23.88591667,93.20961111,,,2010
3541,MZ/CHA/84E08/2017/2,Mizoram,Champhai,Champhai,23.051673,93.306394,Rock,Rock fall,NA
3542,MZ/CHA/84E08/2017/45,Mizoram,Champhai,Farkawn Tiau road,23.075575,93.315376,Debris,Slide,NA
3543,MZ/CHA/84E08/2017/40,Mizoram,Champhai,FarkawnSamthang Rd,23.127266,93.296204,Rock,Slide,NA
3544,MZ/CHA/84E08/2017/37,Mizoram,Champhai,Saikhumphai road,23.135434,93.368506,Rock,Slide,NA
3545,MZ/CHA/84E08/2017/32,Mizoram,Champhai,Saikhumphai Rd,23.140294,93.344976,,Slide,NA
3546,MZ/CHA/84E08/2017/30,Mizoram,Champhai,Saikhumphai road,23.140461,93.343504,,Slide,NA
3547,MZ/CHA/84E08/2017/23,Mizoram,Champhai,Vaphai slide VaphaiSamthang Rd,23.146464,93.306249,Debris,Slide,NA
3548,MZ/CHA/84E08/2017/21,Mizoram,Champhai,FarkawnSamthang Rd,23.150818,93.286358,Debris,Slide,NA
3549,MZ/CHA/84E08/2017/4,Mizoram,Champhai,Samthang Farkawn shortcut,23.161889,93.2775,,Slide,NA
3550,MZ/CHA/84E08/2017/12,Mizoram,Champhai,Samthang Farkawn shortcut,23.164508,93.270428,,Slide,NA
3551,MZ/SER/84F01/2018/18,Mizoram,Champhai,8.5km SE of East Lungdar on,23.244541,93.099533,Debris,Slide,2017
3552,MZ/CHA/84E03/2017/61,Mizoram,Champhai,6 km south of Bungzung,23.254263,93.238127,Debris,Slide,NA
3553,MZ/CHA/84E03/2017/58,Mizoram,Champhai,11km north of Sialhawlk,23.296419,93.095813,Rock,Slide,NA
3554,MZ/CHA/84E03/2017/44,Mizoram,Champhai,Tlangpui village,23.299073,93.057068,Rock,Slide,NA
3555,MZ/CHA/84E07/2017/103,Mizoram,Champhai,KhuanglengChamphai Rd,23.306444,93.303889,Rock,Slide,NA
3556,MZ/CHA/84E03/2017/64,Mizoram,Champhai,Khawhai slide Khawhai Tlangpui road.,23.322995,93.092151,Rock,Slide,NA
3557,MZ/CHA/84E03/2017/75,Mizoram,Champhai,10 km south of Khawhai,23.3305,93.096806,Debris,Slide,NA
3558,MZ/CHA/84E03/2017/13,Mizoram,Champhai,Tlangpui road,23.336389,93.074722,Debris,Slide,NA
3559,MZ/CHA/84E07/2017/88,Mizoram,Champhai,Zakhowthar Melbuk Rd,23.379469,93.385565,,Slide,NA
3560,MZ/CHA/84E03/2017/66,Mizoram,Champhai,Near Khawhai school,23.38075,93.13075,,Slide,NA
3561,MZ/CHA/84E03/2017/68,Mizoram,Champhai,Khawhai slide Khawhai Tung Tan road,23.381167,93.112917,Rock,Slide,NA
3562,MZ/CHA/84E07/2017/92,Mizoram,Champhai,Zakhowthar Melbuk Rd,23.382417,93.384944,,Slide,NA
3563,MZ/CHA/84E07/2017/108,Mizoram,Champhai,East of Melbuk,23.397861,93.3845,Rock,Slide,NA
3564,MZ/CHA/84E07/2017/117,Mizoram,Champhai,Melbuk slide MelbukMulkawi Rd,23.411417,93.343361,Rock,Slide,NA
3565,MZ/CHA/84E03/2017/80,Mizoram,Champhai,Kawhai Khawzawl road,23.422583,93.166,Rock,Slide,NA
3566,MZ/CHA/84E03/2017/15,Mizoram,Champhai,Khawhai Khawzawl road,23.425583,93.168278,Debris,Slide,2017
3567,MZ/CHA/84E07/2017/6,Mizoram,Champhai,IndoMyanmar road (north of,23.427713,93.33564,Rock,Slide,NA
3568,MZ/CHA/84E03/2017/16,Mizoram,Champhai,Khawhai Khawzawl road,23.429181,93.171166,Debris,Slide,2017
3569,MZ/CHA/84E03/2017/17,Mizoram,Champhai,Khawhai Khawzawl road,23.430917,93.171889,Rock,Slide,NA
3570,MZ/CHA/84E03/2017/21,Mizoram,Champhai,Chawngtalai Tualte road,23.447639,93.223611,Rock,Slide,NA
3571,MZ/CHA/84E03/2017/24,Mizoram,Champhai,Chawngtalai village,23.449083,93.206222,Debris,Slide,NA
3572,MZ/CHA/84E07/2017/14,Mizoram,Champhai,Tuipui slide Near Tuipui Bridge,23.451972,93.259686,Debris,Slide,NA
3573,MZ/CHA/84E07/2017/27,Mizoram,Champhai,Champhai slide Bypass road,23.466139,93.312778,Debris,Slide,NA
3574,MZ/CHA/84E07/2017/31,Mizoram,Champhai,"Champhai slide 100m south of police chock,",23.46718,93.311778,Debris,Slide,NA
3575,MZ/CHA/84E07/2017/41,Mizoram,Champhai,Jail Veng road (Opposite of Jail,23.469833,93.314889,Rock,Slide,2017
3576,MZ/CHA/84E07/2017/42,Mizoram,Champhai,"Near 135km Seiling mile stone,",23.470329,93.26728,Debris,Slide,NA
3577,MZ/CHA/84E03/2017/34,Mizoram,Champhai,ChamphaiKhawzawl Rd,23.473258,93.241869,Debris,Slide,NA
3578,MZ/CHA/84E03/2017/37,Mizoram,Champhai,ChamphaiKhawzawl Rd,23.473611,93.243069,Debris,Slide,NA
3579,MZ/CHA/84E03/2017/53,Mizoram,Champhai,Rullam Road,23.481881,93.214835,Debris,Slide,NA
3580,MZ/CHA/84E07/2017/60,Mizoram,Champhai,Hmunhmeltha road,23.498889,93.311889,Debris,Slide,NA
3581,MZ/CHA/84E06/2017/23,Mizoram,Champhai,3km N of Zote,23.512147,93.359164,Debris,Slide,2017
3582,MZ/CHA/84E02/2017/0017,Mizoram,Champhai,Nw of Khwazawl,23.537082,93.161682,Rock,Rock fall,NA
3583,MZ/CHA/84E02/2017/0019,Mizoram,Champhai,Nw of Khwazawl,23.538538,93.158251,Rock,Slide,NA
3584,MZ/CHA/84E06/2017/32,Mizoram,Champhai,Jhum road east of ngur,23.54294,93.384772,Rock,Slide,2017
3585,MZ/CHA/84E02/2017/19,Mizoram,Champhai,6km E from NgaizawlKhawzawl,23.543891,93.232644,Debris,Slide,NA
3586,MZ/CHA/84E02/2017/0014,Mizoram,Champhai,Nw of Khwazawl,23.548173,93.131588,Rock,Slide,2017
3587,MZ/CHA/84E02/2017/0004,Mizoram,Champhai,2 km s. of Puilo on the PMGSY,23.555561,93.072462,Debris,Slide,NA
3588,MZ/CHA/84E02/2017/0067,Mizoram,Champhai,1km from Tuisen bridge,23.56952,93.100523,Rock,Slide,NA
3589,MZ/CHA/84E02/2017/0126,Mizoram,Champhai,Puilo village,23.570595,93.07382,Debris,Slide,NA
3590,MZ/CHA/84E02/2017/0069,Mizoram,Champhai,2.5 km N of Tuisen bridge,23.57348,93.102938,Rock,Slide,NA
3591,MZ/CHA/84E02/2017/0065,Mizoram,Champhai,500m N of Puilo vilage,23.573731,93.075313,Rock,Slide,NA
3592,MZ/CHA/84E02/2017/2,Mizoram,Champhai,kawlkulh,23.602028,93.083824,Rock,Slide,NA
3593,MZ/CHA/84E02/2017/26,Mizoram,Champhai,3km E from Kawlkulh,23.607124,93.088782,Rock,Slide,NA
3594,MZ/CHA/84E02/2017/0009,Mizoram,Champhai,16km N of Khawzawl,23.608133,93.201022,Debris,Slide,NA
3595,MZ/CHA/84E02/2017/0010,Mizoram,Champhai,17km N. Of Khawzawl,23.612312,93.198942,Rock,Slide,NA
3596,MZ/CHA/84E06/2017/30,Mizoram,Champhai,1km W of Vapar,23.619791,93.33801,Debris,Slide,NA
3597,MZ/CHA/84E02/2017/0111,Mizoram,Champhai,10.5km S of Dulte,23.626738,93.033627,Debris,Slide,NA
3598,MZ/CHA/84E02/2017/0113,Mizoram,Champhai,3.5km S of Dulte,23.633591,93.048668,,Flow,NA
3599,MZ/CHA/84E02/2017/0085,Mizoram,Champhai,1km towards Chimluang project,23.644469,93.068299,,Slide,NA
3600,MZ/CHA/84E02/2017/0119,Mizoram,Champhai,Near Chimluang road project,23.646848,93.068776,Debris,Slide,NA
3601,MZ/CHA/84E02/2017/0120,Mizoram,Champhai,3km E of Dulte,23.647593,93.068219,Debris,Slide,NA
3602,MZ/CHA/84E02/2017/0082,Mizoram,Champhai,6.8km N of kawlkulh (Ngopa,23.657186,93.087169,Debris,Slide,NA
3603,MZ/CHA/84E06/2017/3,Mizoram,Champhai,11.5km N of Vapar,23.657642,93.349683,Debris,Slide,NA
3604,MZ/CHA/84E06/2017/28,Mizoram,Champhai,12 km N of Vapar,23.659891,93.349052,Debris,Slide,NA
3605,MZ/CHA/84E06/2017/4,Mizoram,Champhai,15km N of Vapar,23.673104,93.349412,Debris,Slide,NA
3606,MZ/CHA/84E02/2017/6,Mizoram,Champhai,N/A N/A,23.69159,93.190067,Rock,Slide,NA
3607,MZ/CHA/84E02/2017/0096,Mizoram,Champhai,16.5km E of Saitual,23.696979,93.041829,Debris,Slide,NA
3608,MZ/CHA/84E02/2017/16,Mizoram,Champhai,19km E of Saitual,23.708507,93.05583,Debris,Slide,NA
3609,MZ/CHA/84E05/2017/26,Mizoram,Champhai,KhuangphahVaikhawtlang,23.78775,93.386887,Debris,Slide,NA
3610,MZ/CHA/84E05/2017/29,Mizoram,Champhai,KhuangphahVaikhawtlang,23.79125,93.384583,Debris,Slide,NA
3611,MZ/CHA/84E01/2017/12,Mizoram,Champhai,NgopaPawlrang section,23.798611,93.16378,Debris,Slide,NA
3612,MZ/CHA/84E01/2017/1,Mizoram,Champhai,NgopaPawlrang section,23.801001,93.166359,Debris,Slide,NA
3613,MZ/CHA/84E01/2017/31,Mizoram,Champhai,"17.2 km S of Ngopa,",23.803055,93.160164,Debris,Slide,2017
3614,MZ/CHA/84E05/2017/20,Mizoram,Champhai,KawlbemSelam section,23.832916,93.301888,Debris,Slide,2017
3615,MZ/CHA/84E05/2017/15,Mizoram,Champhai,KawlbemSelam section,23.833166,93.305275,Debris,Slide,NA
3616,MZ/CHA/84E01/2017/21,Mizoram,Champhai,7.8 km S of Ngopa,23.84461,93.190277,Rock,Slide,NA
3617,MZ/CHA/84E01/2017/16,Mizoram,Champhai,6.5 km S of Ngopa,23.851723,93.186775,Rock,Slide,NA
3618,MZ/CHA/84E01/2017/42,Mizoram,Champhai,Near Ngopa village,23.868279,93.222557,Debris,Slide,NA
3619,MZ/CHA/84E05/2017/9,Mizoram,Champhai,KawlbemVaikhawtlang section,23.870445,93.353859,Debris,Slide,NA
3620,MZ/CHA/84E01/2017/39,Mizoram,Champhai,KawlbemNgopa section,23.881056,93.245804,Debris,Slide,NA
3621,MZ/CHA/84E05/2017/24,Mizoram,Champhai,KawlbemNgopa section,23.881971,93.250969,Rock,Slide,NA
3622,MZ/CHA/84E01/2017/6,Mizoram,Champhai,"Ngopa village, 0 pointTuivai R",23.885195,93.202332,Rock,Slide,NA
3623,MZ/CHA/84E01/2017/48,Mizoram,Champhai,"Ngopa village, 0 point to Tuivai",23.885279,93.207726,Debris,Debris flow,NA
3624,MZ/CHA/84E01/2017/35,Mizoram,Champhai,"Ngopa village, 0 point to Tuivai",23.908806,93.177391,Debris,Slide,2017
3625,MZ/CHA/84E01/2017/24,Mizoram,Champhai,"Ngopa village, 0 point to Tuivai",23.914278,93.178864,Debris,Slide,NA
3626,MZ/CHA/84E01/2017/19,Mizoram,Champhai,,23.950277,93.217056,Debris,Slide,NA
3627,MIZ/HNAH/84B13/2025/080,Mizoram,Hnahthial,NH 54,22.902089,92.879909,Debris,Slide,31 May 2025
3628,MIZ/AZL/2022/39,Mizoram,Hnahthial,"Shalom Vengthar, Bawngkawn NULL",22.91452778,92.89333333,Rock,Slide,14 November 2022
3629,MIZ/KOL/2023/162,Mizoram,Kolasib,NULL NULL,23.03016667,92.67336111,Debris,Slide,12 September 2023
3630,MIZ/KOL/2023/161,Mizoram,Kolasib,NULL NULL,23.03833333,92.67055556,Earth,Slide,2023
3631,MIZ/KOL/2024/800,Mizoram,Kolasib,NULL NULL,23.05209722,93.12644167,Debris,Slide,
3632,MIZ/KOL/2023/160,Mizoram,Kolasib,NULL NULL,23.05222222,92.67027778,Debris,Slide,12 September 2023
3633,MIZ/KOL/2023/165,Mizoram,Kolasib,NULL NULL,23.32522222,92.70047222,Debris,Slide,2023
3634,MIZ/KOL/2024/858,Mizoram,Kolasib,NULL NULL,23.49216111,93.23695,Rock,Slide,17 July 2024
3635,MIZ/KOL/2024/859,Mizoram,Kolasib,NULL NULL,23.504575,93.23805,Debris,,17 July 2024
3636,MIZ/KOL/2024/793,Mizoram,Kolasib,NULL NULL,23.55426111,93.110175,Earth,Slide,NA
3637,MIZ/KOL/2024/790,Mizoram,Kolasib,NULL NULL,23.56404167,93.10752222,Earth,Slide,12 September 2024
3638,MIZ/KOL/2024/786,Mizoram,Kolasib,NULL NULL,23.56413333,93.11378889,Earth,Slide,12 September 2024
3639,MIZ/KOL/2024/829,Mizoram,Kolasib,NULL NULL,23.6385278,93.13694722,Debris,Slide,2024
3640,MIZ/KOL/2023/168,Mizoram,Kolasib,NULL NULL,23.91916667,92.7375,Debris,Slide,2023
3641,MIZ/KOL/2023/157,Mizoram,Kolasib,NULL NULL,23.93027778,92.6525,Rock,Slide,17 September 2023
3642,MIZ/KOL/2023/186,Mizoram,Kolasib,NULL NULL,23.93388889,92.67555556,Earth,Slide,2023
3643,MIZ/KOL/2023/185,Mizoram,Kolasib,NULL NULL,23.935,92.67777778,Earth,Slide,2023
3644,MIZ/KOL/2023/183,Mizoram,Kolasib,NULL NULL,23.93916667,92.68,Rock,Slide,2023
3645,MIZ/KOL/2024/818,Mizoram,Kolasib,NULL NULL,24.05823611,93.28901944,Debris,Slide,2 July 2024
3646,MIZ/KOL/2023/203,Mizoram,Kolasib,NULL NULL,24.06111111,92.59972222,Earth,Slide,2022
3647,MIZ/KOL/2023/204,Mizoram,Kolasib,NULL NULL,24.06194444,92.59444444,Earth,Slide,2022
3648,MIZ/KOL/2023/205,Mizoram,Kolasib,NULL NULL,24.06333333,92.59277778,Debris,Slide,
3649,MIZ/KOL/2023/195,Mizoram,Kolasib,NULL NULL,24.0775,92.79055556,Rock,Slide,2023
3650,MIZ/KOL/2024/847,Mizoram,Kolasib,NULL NULL,24.10710778,93.11535444,Debris,Slide,7 July 2024
3651,MIZ/KOL/2024/849,Mizoram,Kolasib,NULL NULL,24.11104722,93.10374167,Earth,Slide,24 September 2024
3652,MIZ/KOL/2022/27,Mizoram,Kolasib,Kolasib Vengthar NULL,24.16647222,92.69555556,Debris,Slide,2022
3653,MIZ/KOL/2023/214,Mizoram,Kolasib,NULL NULL,24.17638889,92.57333333,Earth,Slide,2023
3654,MIZ/KOL/2023/208,Mizoram,Kolasib,NULL NULL,24.18055556,92.69555556,Rock,Slide,2023
3655,MZ/KOL/83D12/2016/21,Mizoram,Kolasib,towards kolasib,24.239118,92.639369,Rock,Slide,NA
3656,MZ/KOL/83D12/2016/6,Mizoram,Kolasib,tuithaveng,24.24496,92.683014,Debris,Slide,2016
3657,MIZ/KOL/2023/210,Mizoram,Kolasib,NULL NULL,24.24722222,92.69333333,Debris,Slide,2023
3658,MZ/KLS/83D11/2020/17,Mizoram,Kolasib,GosenVeng slide 2 NH-54,24.25,92.68,Rock,Slide,NA
3659,MZ/KLS/83D11/2020/18,Mizoram,Kolasib,GosenVeng slide 3 NH-54,24.26,92.67,Debris,Slide,NA
3660,MZ/KLS/83D11/2020/11,Mizoram,Kolasib,Zero Point slide 2 Saihapui K-Zero Point road,24.26,92.65,Debris,Slide,NA
3661,MIZ/KOL/2023/211,Mizoram,Kolasib,NULL NULL,24.26944444,92.69222222,Debris,Debris flow,2023
3662,MZ/KOL/83D15/2020/19,Mizoram,Kolasib,N. Hlimen slide 4 N. Hlimen-Saipum road section,24.28,92.81,Debris,Slide,2019
3663,MZ/KOL/83D15/2020/20,Mizoram,Kolasib,N. Hlimen slide 5 N. Hlimen-Saipum road section,24.29,92.82,Debris,Slide,NA
3664,MIZ/KOL/2024/825,Mizoram,Kolasib,NULL NULL,24.297775,93.34159722,Debris,Slide,24 September 2024
3665,MIZ/KOL/2024/826,Mizoram,Kolasib,NULL NULL,24.31379722,93.33684722,Debris,Slide,NA
3666,MZ/KLS/83D11/2020/14,Mizoram,Kolasib,Bilkhawthlir slide NH-54,24.33,92.72,Debris,Slide,NA
3667,MIZ/KOL/2022/11,Mizoram,Kolasib,Bilkhawthlir to Serlui B Road NULL,24.33805556,92.73386111,Rock,Slide,2022
3668,MZ/KOL/83D15/2020/23,Mizoram,Kolasib,N. Hlimen slide 8 N. Hlimen-Saipum road section,24.34,92.84,Debris,Slide,NA
3669,MZ/KOL/83D15/2020/28,Mizoram,Kolasib,N. Hlimen slide 13 N. Hlimen-Saipum road section,24.34,92.84,Debris,Slide,2019
3670,MZ/KOL/83D15/2020/26,Mizoram,Kolasib,N. Hlimen slide 11 N. Hlimen-Saipum road section,24.34,92.84,Debris,Slide,NA
3671,MIZ/KOL/2024/864,Mizoram,Kolasib,NULL NULL,24.34421944,93.03191111,Debris,Slide,NA
3672,MIZ/KOL/2022/10,Mizoram,Kolasib,Bilkhawthlir to Serlui B Road NULL,24.34966667,92.75888889,Earth,Slide,2022
3673,MZ/KLS/83D11/2020/22,Mizoram,Kolasib,Zukbual-Bilkhawthlir road slide 1 Zukbual-Bilkhawthlir road,24.35,92.67,Debris,Slide,NA
3674,MZ/KOL/83D15/2020/34,Mizoram,Kolasib,Saipum-Tuirial dam slide 8 Saipum-Tuirial dam- Mauchhar,24.36,92.89,Rock,Slide,2019
3675,MZ/KOL/83D15/2020/42,Mizoram,Kolasib,Saipum-Saiphai section slide 4 Saipum-Saiphai village road,24.37,92.81,Debris,Slide,2019
3676,MZ/KOL/83D15/2020/37,Mizoram,Kolasib,NEEPCO Guest House-Saipum village NEEPCO Guest House-Saipum,24.37,92.86,Debris,Slide,2019
3677,MIZ/KOL/2024/868,Mizoram,Kolasib,NULL NULL,24.42383889,93.14429167,Debris,,NA
3678,MIZ/KOL/2024/884,Mizoram,Kolasib,NULL NULL,24.526075,93.05379167,Debris,Slide,28 May 2024
3679,MIZ/KOL/2024/844,Mizoram,Kolasib,NULL NULL,24.55987778,93.12541667,Debris,Slide,7 July 2024
3680,MIZ/KOL/2024/805,Mizoram,Kolasib,NULL NULL,24.56016389,93.24426944,Debris,Slide,2024
3681,MIZ/KOL/2024/841,Mizoram,Kolasib,NULL NULL,24.57151389,93.141725,Debris,,2 July 2024
3682,MIZ/KOL/2024/882,Mizoram,Kolasib,NULL NULL,24.57296389,93.17700556,Debris,Slide,7 July 2024
3683,MIZ/KOL/2024/808,Mizoram,Kolasib,NULL NULL,24.58496667,93.31397222,Debris,Slide,NA
3684,MIZ/KOL/2024/809,Mizoram,Kolasib,NULL NULL,24.599425,93.30004722,Debris,Slide,24 August 2024
3685,MIZ/KOL/2024/875,Mizoram,Kolasib,NULL NULL,24.6273,93.20404444,Earth,Slide,17 July 2024
3686,MIZ/KOL/2024/742,Mizoram,Kolasib,NULL NULL,24.66895556,93.33700556,Debris,Slide,2 July 2024
3687,MIZ/KOL/2024/745,Mizoram,Kolasib,NULL NULL,24.73838889,93.30909722,Debris,Slide,18 August 2024
3688,MZ/LAW/84B12/2020/20,Mizoram,Lawngtlai,Chhippui village slide 8 Chhippui village,22.18,92.61,Rock,Slide,NA
3689,MZ/LAW/84B12/2020/14,Mizoram,Lawngtlai,Chhippui village slide 3 Chhippui village,22.18,92.61,Rock,Slide,NA
3690,MZ/LAW/84B12/2020/9,Mizoram,Lawngtlai,Chhippui road slide 3 Chhippui road,22.21,92.61,Debris,Slide,2017
3691,MZ/LAW/84B12/2020/37,Mizoram,Lawngtlai,Bifurcation from Damdep II slide 2 Bifurcation from Damdep II,22.25,92.62,Debris,Slide,2019
3692,MZ/LAW/84B11/2020/29,Mizoram,Lawngtlai,Vaseikai to Parva road slide 2 Vaseikai to Parva road,22.31,92.63,Debris,Slide,2019
3693,MZ/LAW/84B11/2020/11,Mizoram,Lawngtlai,Sekulhkai to M Kawnpui road slide 1 Sekulhkai to M Kawnpui road,22.33,92.74,Rock,Slide,NA
3694,MZ/LAW/84B11/2020/13,Mizoram,Lawngtlai,Sekulhkai to M Kawnpui road slide 3 Sekulhkai to M Kawnpui road,22.33,92.73,Debris,Slide,2019
3695,MZ/LAW/84B11/2020/15,Mizoram,Lawngtlai,Sekulhkai to M Kawnpui road slide 4 Sekulhkai to M Kawnpui road,22.33,92.72,Debris,Slide,2019
3696,MZ/LAW/84B11/2020/16,Mizoram,Lawngtlai,M Kawnpui slide M Kawnpui,22.34,92.71,Debris,Slide,2019
3697,MZ/LAW/84B15/2018/35,Mizoram,Lawngtlai,Vathuampui Road,22.341,92.768997,Debris,Slide,NA
3698,MZ/LAW/84B11/2020/40,Mizoram,Lawngtlai,Vaseikai to Fangfarlui slide Vaseikai to Fangfarlui,22.35,92.65,Debris,Slide,2019
3699,MZ/LAW/84B11/2020/24,Mizoram,Lawngtlai,M Kawnpui to Saibawh road slide 8 M Kawnpui to Saibawh road,22.35,92.74,Debris,Slide,2019
3700,MZ/LAW/84B15/2018/30,Mizoram,Lawngtlai,Multi- Modal Road,22.379,92.858002,Debris,Slide,NA
3701,MZ/LAW/84B11/2020/44,Mizoram,Lawngtlai,Vaseitlang II slide Vaseitlang II,22.39,92.61,Debris,Slide,2019
3702,MZ/LAW/84B11/2020/45,Mizoram,Lawngtlai,Rangkashya road slide 1 Rangkashya road,22.39,92.59,Debris,Slide,2019
3703,MZ/LAW/84B15/2018/18,Mizoram,Lawngtlai,Multi- Modal Road,22.405001,92.861,Debris,Slide,NA
3704,MZ/LAW/84B11/2020/55,Mizoram,Lawngtlai,Ajasora slide 2 outside Ajasora village,22.43,92.69,Rock,Slide,NA
3705,MZ/LAW/84B15/2018/8,Mizoram,Lawngtlai,Along NH 54,22.458916,92.886108,Rock,Rock fall,NA
3706,MZ/LAW/84B15/2018/13,Mizoram,Lawngtlai,Multi- Modal Road,22.469469,92.878334,Debris,Slide,NA
3707,MZ/LAW/84B15/2018/11,Mizoram,Lawngtlai,Multi- Modal Road,22.482,92.877998,Debris,Slide,NA
3708,MIZ/LAW/84B15/2025/056,Mizoram,Lawngtlai,NH 54,22.48765,92.886806,Rock,Rock fall,31 May 2025
3709,MZ/LAW/84B14/2018/51,Mizoram,Lawngtlai,Lawngtlai to Ngengpuikai Road,22.513,92.793999,Rock,Rock fall,NA
3710,MZ/LAW/84B10/2020/16,Mizoram,Lawngtlai,Chawngtelui to Diltlang road slide Chawngtelui to Diltlang road,22.52,92.72,Debris,Slide,2019
3711,MZ/LAW/84B14/2018/38,Mizoram,Lawngtlai,Multi- Modal Road,22.530001,92.890999,Debris,Slide,NA
3712,MZ/LAW/84B14/2018/47,Mizoram,Lawngtlai,Lawngtlai to Ngengpuikai Road,22.532,92.862999,Debris,Slide,NA
3713,MZ/LAW/84B14/2018/15,Mizoram,Lawngtlai,5 km North of Lawngtlai on NH,22.552301,92.883888,Rock,Slide,NA
3714,MZ/LAW/84B14/2018/21,Mizoram,Lawngtlai,NH 54,22.579611,92.870552,Debris,Slide,NA
3715,MZ/LAW/84B10/2020/18,Mizoram,Lawngtlai,Kamlanagar IV slide Kamlanagar IV,22.61,92.64,Debris,Slide,2019
3716,MZ/LAW/84B10/2020/4,Mizoram,Lawngtlai,Chawngte P slide 1 Outside Chawngte P,22.61,92.66,Debris,Slide,2019
3717,MZ/LAW/84B14/2019/7,Mizoram,Lawngtlai,Outside Lungtian village,22.704,92.985001,Debris,Slide,NA
3718,MZ/LUN/84B10/2020/81,Mizoram,Lunglei,Zehtet to Mautlang road slide 4 Zehtet to Mautlang road,22.65,92.71,Debris,Slide,2019
3719,MZ/LUN/84B10/2020/78,Mizoram,Lunglei,Zehtet to Mautlang road slide 1 Zehtet to Mautlang road,22.66,92.71,Debris,Debris flow,2019
3720,MZ/LUN/84B10/2020/58,Mizoram,Lunglei,Chawngte P to Ruallalung road slide 6 Chawngte P to Ruallalung road,22.66,92.67,Debris,Slide,NA
3721,MZ/LUN/84B10/2020/57,Mizoram,Lunglei,Chawngte P to Ruallalung road slide 5 Chawngte P to Ruallalung road,22.66,92.67,Debris,Slide,2018
3722,MZ/LUNG/84B14/2018/23,Mizoram,Lunglei,NH 54 4 km south of S. Tawipui,22.66,92.855003,Debris,Slide,NA
3723,MZ/LUNG/84B14/2018/24,Mizoram,Lunglei,Leichedut slide S. Tawipui,22.673,92.844002,Debris,Slide,NA
3724,MZ/LUN/84B10/2020/61,Mizoram,Lunglei,Ruallalung to S Lungrang road slide 2 Ruallalung to S Lungrang road,22.68,92.66,Debris,Fall,2016
3725,MZ/LUN/84B13/2018/8,Mizoram,Lunglei,4km bualte/6km Thualte stone,22.789967,92.820396,Debris,Slide,NA
3726,MZ/LUN/84B13/2018/9,Mizoram,Lunglei,Bualte Road,22.791958,92.833511,Rock,Slide,NA
3727,MZ/LUN/84F01/2018/1,Mizoram,Lunglei,2.5km North of South Vanlaphai,22.802805,93.004639,Debris,Slide,NA
3728,MZ/LUN/84B13/2018/19,Mizoram,Lunglei,Thaizawl village,22.812588,92.807343,Rock,Slide,2018
3729,MZ/LUN/84B13/2018/21,Mizoram,Lunglei,about 500m from Thaizawl,22.815697,92.802696,Debris,Slide,NA
3730,MIZO/LUN/84B13/2005/E-21,Mizoram,Lunglei,Lunglei-8 slide,22.83528,92.80519,Rock,Rock fall,NA
3731,MZ/LUN/84B13/2018/36,Mizoram,Lunglei,about 1 Km from TNT along,22.837809,92.798653,Rock,Rock fall,2018
3732,MZ/LUN/84B13/2018/43,Mizoram,Lunglei,!5km from junc (Lunglei-,22.841097,92.792755,Rock,Slide,NA
3733,MIZO/LUN/84B09/2005/E-5,Mizoram,Lunglei,Pachang slide,22.851028,92.694972,Debris,Fall,NA
3734,MIZO/LUN/84B09/2005/E-7,Mizoram,Lunglei,Hawruang slide,22.85258,92.70186,Debris,Slide,NA
3735,MZ/LUN/84B13/2018/68,Mizoram,Lunglei,1 km N from Luangmual,22.869707,92.753304,Rock,Slide,NA
3736,MZ/LUN/84B13/2018/70,Mizoram,Lunglei,1.2km from Luangmual,22.870546,92.752853,Rock,Slide,NA
3737,MZ/LUN/84B13/2018/69,Mizoram,Lunglei,4km S of Dawn,22.87056,92.822105,Rock,Slide,2018
3738,MZ/LUN/84B13/2018/75,Mizoram,Lunglei,E Rotlang- S. Mualthuam,22.873812,92.902039,Debris,Slide,NA
3739,MZ/LUN/84B13/2018/76,Mizoram,Lunglei,E Rotlang- S. Mualthuam,22.874456,92.901688,,Slide,NA
3740,MIZO/LUN/84B13/2005/E-14,Mizoram,Lunglei,Lunglei-2 slide,22.87506,92.75136,Debris,Slide,NA
3741,MZ/LUN/84B05/2020/35,Mizoram,Lunglei,Silkur village slide 2 Silkur village,22.88,92.46,Rock,Rock fall,2017
3742,MZ/LUN/84B13/2018/77,Mizoram,Lunglei,Zobawk-Leite road,22.882607,92.837952,Debris,Slide,NA
3743,MZ/LUN/84B05/2020/41,Mizoram,Lunglei,Tlabung -Tiperghat road section slide SH- Tlabung -Tiperghat road,22.89,92.49,Debris,Slide,2017
3744,MZ/LUN/84B13/2018/84,Mizoram,Lunglei,S of Dawn,22.892199,92.822884,Debris,Slide,NA
3745,MIZ/LUNG/84B09/2025/077,Mizoram,Lunglei,"Bazar Veng, Lunglei",22.895235,92.747812,Debris,Slide,02 June 2025
3746,MZ/LUN/84B13/2018/94,Mizoram,Lunglei,11 Km S of Leite,22.901035,92.87265,,Slide,NA
3747,MIZO/LUN/84B13/2005/E-19,Mizoram,Lunglei,Lunglei-7 slide,22.9015,92.83319,Debris,Fall,NA
3748,MZ/LUN/84B13/2018/97,Mizoram,Lunglei,Darzo-Tuipui,22.902401,92.941025,Rock,Rock fall,NA
3749,MZ/LUN/84B13/2018/96,Mizoram,Lunglei,New Dawn,22.902414,92.829948,Debris,Slide,NA
3750,MZ/LUN/84B13/2018/101,Mizoram,Lunglei,Tuipui D- Hnathial,22.908737,92.930191,Debris,Slide,NA
3751,MZ/LUN/84B05/2020/26,Mizoram,Lunglei,NW of Kamlabagan slide 2 1 km NW of Kamlabagan on,22.91,92.46,Debris,Slide,2017
3752,MZ/LUN/84B13/2018/102,Mizoram,Lunglei,Hnathial- Tuipui D,22.91165,92.929871,Debris,Slide,2018
3753,MZ/LUN/84B13/2018/105,Mizoram,Lunglei,Lunglei Zotlang,22.914276,92.753403,Rock,Slide,NA
3754,MZ/LUN/84B05/2020/31,Mizoram,Lunglei,North of Tlabung slide 11 5 km North of Tlabung on,22.93,92.49,Debris,Slide,2018
3755,MZ/LUN/84B13/2018/111,Mizoram,Lunglei,Chengpui-Rualveng Rd,22.940655,92.833038,Debris,Slide,NA
3756,MZ/LUN/84B09/2018/30,Mizoram,Lunglei,Thuampui-Vahne-Lunglei,22.954966,92.705765,Rock,Rock fall,NA
3757,MZ/LUN/84B13/2018/114,Mizoram,Lunglei,6 Km N of Vanhe,22.957518,92.707161,Debris,Slide,NA
3758,MZ/LUN/84B13/2018/117,Mizoram,Lunglei,N of Pukpui,22.9634,92.737465,Debris,Slide,NA
3759,MZ/LUN/84B13/2018/122,Mizoram,Lunglei,Mausen-Pukpui road,22.993277,92.72374,Debris,Slide,NA
3760,MZ/LUN/84A16/2018/82,Mizoram,Lunglei,South of Thiltlang Village (NH,23.001865,92.923225,Debris,Slide,2018
3761,MZ/LUN/84A16/2018/50,Mizoram,Lunglei,Zotuitlang-Haulawng Section,23.005556,92.810555,Rock,Slide,2018
3762,MZ/LUN/84A12/2018/21,Mizoram,Lunglei,Lunglei-Aizawl road (SE of,23.011667,92.720558,Rock,Slide,NA
3763,MZ/LUN/84A12/2018/22,Mizoram,Lunglei,Lunglei-Aizawl road,23.014982,92.720505,Debris,Slide,NA
3764,MZ/LUN/84A12/2018/16,Mizoram,Lunglei,Thuampui-S. Lungdai Section,23.015444,92.704414,Debris,Slide,NA
3765,MZ/LUN/84A16/2018/79,Mizoram,Lunglei,Southern part of Thiltlang,23.017494,92.920425,Debris,Slide,NA
3766,MZ/LUN/84A16/2018/77,Mizoram,Lunglei,Southern outskirts of Thiltlang,23.018333,92.920555,Debris,Slide,NA
3767,MZ/LUN/84A16/2018/83,Mizoram,Lunglei,Lunglei-Aizawl road,23.021692,92.752975,Rock,Rock fall,NA
3768,MZ/LUN/84A16/2018/73,Mizoram,Lunglei,Northern outskirts of Thiltlang,23.025131,92.91922,Debris,Slide,2018
3769,MZ/LUN/84A16/2018/88,Mizoram,Lunglei,Lunglei-Aizawl road,23.031231,92.773987,Rock,Rock fall,NA
3770,MZ/LUN/84A16/2018/90,Mizoram,Lunglei,Haulawng Village,23.0425,92.772781,Debris,Slide,NA
3771,MIZ/LUN/84A16/2025/195,Mizoram,Lunglei,"Aizawl-Thenzawl-Lunglei SH,",23.04345,92.772408,Debris,Slide,2025
3772,MZ/LUN/84A16/2018/71,Mizoram,Lunglei,Pangzawl-Thiltlang Section (NH,23.047222,92.906944,Debris,Slide,NA
3773,MIZ/LUN/84A16/2025/187,Mizoram,Lunglei,"Aizawl-Thenzawl-Lunglei SH,",23.054573,92.772578,Debris,Slide,2024
3774,MZ/LUN/84A16/2018/69,Mizoram,Lunglei,Pangzawl-Thiltlang Section (NH,23.057276,92.90416,Rock,Slide,NA
3775,MIZ/LUN/84A16/2025/178,Mizoram,Lunglei,"Aizawl-Thenzawl-Lunglei SH,",23.067473,92.767201,Earth,Slide,30 May 2025
3776,MZ/LUN/84A16/2018/11,Mizoram,Lunglei,Haulawng-Thenzawl Section,23.078611,92.760002,Rock,Slide,NA
3777,MZ/LUN/84A16/2018/66,Mizoram,Lunglei,Lungmawi-Tuichang River-,23.088615,92.849403,,Slide,NA
3778,MZ/LUN/84A16/2018/1,Mizoram,Lunglei,Haulawng-Bualpui V. Section,23.092278,92.789948,Debris,Slide,NA
3779,MZ/LUN/84A12/2018/36,Mizoram,Lunglei,Serte-Sertlangpui Section,23.094528,92.695808,Debris,Slide,NA
3780,MZ/LUN/84A12/2018/37,Mizoram,Lunglei,Serte-Sertlangpui Section,23.097,92.696358,Rock,Slide,2018
3781,MIZ/LUN/84A12/2025/146,Mizoram,Lunglei,Mualthuam N,23.118272,92.742799,Debris,Slide,2025
3782,MIZ/LUN/84A12/2025/139,Mizoram,Lunglei,Aizawl-Thenzawl-Lunglei SH,23.123927,92.739604,Debris,Slide,NA
3783,MZ/LUN/84A16/2018/65,Mizoram,Lunglei,Bualpui V-Lungmawi Section,23.125807,92.817886,Rock,Slide,NA
3784,MIZ/LUN/84A12/2025/136,Mizoram,Lunglei,Aizawl-Thenzawl-Lunglei SH,23.127505,92.740257,Debris,Slide,2025
3785,MZ/LUN/84A16/2018/63,Mizoram,Lunglei,Bualpui V-Lungmawi Section,23.129629,92.809196,Debris,Slide,NA
3786,MIZ/LUN/84A12/2025/133,Mizoram,Lunglei,Aizawl-Thenzawl-Lunglei SH,23.131999,92.744413,Earth,Slide,13 September 2025
3787,MIZ/LUNG/84A12/2025/047,Mizoram,Lunglei,Aizawl-Thenzawl-Lunglei,23.132082,92.746268,Debris,Slide,31 May 2025
3788,MZ/LUN/84A12/2018/73,Mizoram,Lunglei,Dehlui River-Lungchem Village,23.133902,92.623497,Rock,Slide,NA
3789,MZ/LUN/84A12/2018/75,Mizoram,Lunglei,Dehlui River-Lungchem Village,23.135416,92.616661,Rock,Slide,NA
3790,MIZ/LUN/84A12/2025/126,Mizoram,Lunglei,Aizawl-Thenzawl-Lunglei SH,23.135979,92.747589,Debris,Slide,2025
3791,MIZ/LUN/84A12/2025/125,Mizoram,Lunglei,Aizawl-Thenzawl-Lunglei SH,23.136964,92.74724,Earth,Slide,13 Septemebr 2025
3792,MIZ/LUN/84A16/2025/121,Mizoram,Lunglei,Sekhum,23.139887,92.751646,Debris,Slide,30 May 2025
3793,MZ/LUN/84A16/2018/32,Mizoram,Lunglei,East of Rawpui (kachha road),23.143888,92.909447,Debris,Slide,NA
3794,MIZ/LUN/84A16/2025/112,Mizoram,Lunglei,"Aizawl-Thenzawl-Lunglei SH,",23.149163,92.750431,Debris,Slide,2025
3795,MIZ/LUN/84A12/2025/111,Mizoram,Lunglei,"Aizawl-Thenzawl-Lunglei SH,",23.149588,92.749562,Debris,Slide,2025
3796,MIZ/LUN/84A12/2025/105,Mizoram,Lunglei,"Aizawl-Thenzawl-Lunglei SH,",23.152289,92.746243,Debris,Slide,30 May 2025
3797,MIZ/LUN/84A12/2025/095,Mizoram,Lunglei,"Aizawl-Thenzawl-Lunglei SH,",23.164169,92.74339,Earth,Slide,2025
3798,MIZ/LUN/84A12/2025/093,Mizoram,Lunglei,South of Ramlaitui,23.164812,92.743396,Debris,Slide,02 June 2025
3799,MIZ/LUN/84A12/2025/091,Mizoram,Lunglei,"Aizawl-Thenzawl-Lunglei SH,",23.168362,92.74061,Debris,Slide,2025
3800,MIZ/LUN/84A12/2025/088,Mizoram,Lunglei,"Aizawl-Thenzawl-Lunglei SH,",23.170205,92.73929,Debris,Slide,2025
3801,MIZ/LUNG/84A12/2025/177,Mizoram,Lunglei,Changpui,23.173258,92.611929,Debris,Debris flow,01 June 2025
3802,MZ/LUN/84A12/2018/81,Mizoram,Lunglei,Changpui Village near Mizoram,23.17411,92.608917,Debris,Slide,NA
3803,MZ/LUN/84A08/2020/2,Mizoram,Lunglei,"West Banghmun slide Near Mizoram Rural Bank, West",23.18,92.49,Debris,Slide,2018
3804,MIZ/LUNG/84A12/2025/038,Mizoram,Lunglei,Ramlaitui,23.183856,92.735346,Debris,Slide,30 May 2025
3805,MZ/LUN/84A12/2018/44,Mizoram,Lunglei,Sertlangpui-Kawlhawk section,23.184711,92.679962,Debris,Slide,NA
3806,MZ/LUN/84A12/2018/63,Mizoram,Lunglei,Tleu-Thenhlum Section,23.188799,92.55249,Debris,Slide,NA
3807,MIZ/LUN/84A12/2025/061,Mizoram,Lunglei,"North of Ramlaitui, Aizawl-",23.189242,92.734475,Debris,Slide,2025
3808,MZ/LUN/84A12/2018/62,Mizoram,Lunglei,Near Kao river along Tleu-,23.189638,92.549889,Rock,Slide,NA
3809,MIZ/LUNG/84A12/2025/198,Mizoram,Lunglei,Thenhlum to West Bunghmun,23.190022,92.554302,Debris,Debris flow,01 June 2025
3810,MIZ/LUNG/84A12/2025/174,Mizoram,Lunglei,West Bungtlang to Changpui,23.197283,92.632661,Earth,Slide,01 June 2025
3811,MIZ/LUN/84A12/2025/042,Mizoram,Lunglei,Outside Kanghmun S Aizawl-,23.201447,92.736703,Debris,Slide,2025
3812,MIZ/LUN/84A12/2025/005,Mizoram,Lunglei,Aizawl-Thenzawl-Lunglei,23.2034,92.7379,Rock,,2025
3813,MIZ/LUNG/84A12/2025/214,Mizoram,Lunglei,Tleu,23.204706,92.533825,Debris,Debris flow,01 June 2025
3814,MIZ/LUNG/84A12/2025/192,Mizoram,Lunglei,Thenhlum to West Bunghmun,23.205193,92.574684,Debris,Debris flow,01 June 2025
3815,MIZ/LUNG/84A12/2025/173,Mizoram,Lunglei,West Bungtlang to Changpui,23.206413,92.632701,Debris,Slide,01 June 2025
3816,MZ/LUN/84A12/2018/55,Mizoram,Lunglei,West of Tleu Village along,23.208918,92.518692,Debris,Slide,2018
3817,MIZ/LUNG/84A12/2025/200,Mizoram,Lunglei,Thenhlum to West Bunghmun,23.208921,92.541174,Earth,Slide,01 June 2025
3818,MIZ/LUNG/84A12/2025/207,Mizoram,Lunglei,Tleu to West Bunghmun,23.209857,92.500587,Debris,Slide,01 June 2025
3819,MIZ/LUNG/84A12/2025/194,Mizoram,Lunglei,Thenhlum to West Bunghmun,23.212919,92.558022,Debris,Debris flow,01 June 2025
3820,MIZ/LUNG/84A12/2025/032,Mizoram,Lunglei,Kanghmun,23.214239,92.740856,Debris,Slide,31 May 2025
3821,MIZ/LUNG/84A12/2025/193,Mizoram,Lunglei,Thenhlum to West Bunghmun,23.214589,92.572672,Debris,Slide,01 June 2025
3822,MIZ/LUN/84A12/2025/030,Mizoram,Lunglei,Aizawl-Thenzawl-Lunglei SH,23.230114,92.740067,Earth,Slide,02 June 2025
3823,MZ/LUN/84A12/2018/50,Mizoram,Lunglei,West Bungtlang-Changpui,23.242306,92.640587,Debris,Slide,NA
3824,MZ/LUN/84A11/2017/133,Mizoram,Lunglei,About 2.5 km Southeast of,23.268811,92.665508,Rock,Slide,2016
3825,MIZ/LUNG/84A11/2025/163,Mizoram,Lunglei,Thenzawl - Buarpui road,23.297521,92.689449,Debris,Debris flow,01 June 2025
3826,MIZ/LUNG/84A11/2025/169,Mizoram,Lunglei,Thenzawl - Buarpui road,23.301901,92.649401,Debris,Slide,01 June 2025
3827,MIZ/LUNG/84A11/2025/164,Mizoram,Lunglei,Thenzawl - Buarpui road,23.30374,92.672816,Debris,Slide,01 June 2025
3828,MIZ/LUNG/84A11/2025/168,Mizoram,Lunglei,New Khawlek,23.32044,92.643229,Debris,Slide,01 June 2025
3829,MZ-27/2010-12,Mizoram,MAMIT,Mamit landsinking,23.92322222,92.49222222,,,2010
3830,MZ/MAM/84A11/2017/142,Mizoram,Mamit,Darlung Slide Road Junction of Darlung-Reiek,23.460968,92.597217,Debris,Slide,2010
3831,MZ/MAM/84A10/2015/140,Mizoram,Mamit,"South of Kanghmun, PMGSY-",23.500083,92.585889,Rock,Slide,NA
3832,MZ/MAM/84A06/2020/2,Mizoram,Mamit,East Saihtah slide 4 2.5 Km East Saihtah on PMGSY,23.57,92.47,Rock,Slide,2019
3833,MZ/MAM/84A10/2015/164,Mizoram,Mamit,N/A N/A,23.609111,92.596306,Rock,Slide,NA
3834,MZ/MAM/84A10/2015/155,Mizoram,Mamit,"Seventh Day School, Khawrihnin",23.621722,92.623583,Rock,Slide,NA
3835,MZ/MAM/84A10/2015/122,Mizoram,Mamit,"South of Chungtlang, SH-Reiek-",23.67425,92.587278,Debris,Slide,NA
3836,MZ/MAM/84A10/2015/170,Mizoram,Mamit,Western slope of Reiek Tlang,23.681778,92.602611,Rock,Slide,NA
3837,MZ/MAM/84A10/2015/169,Mizoram,Mamit,Western slope of Reiek Tlang,23.682611,92.602028,Debris,Slide,NA
3838,MZ/MAM/84A10/2015/135,Mizoram,Mamit,"Chungtlang, SH-Reiek- Mamit-",23.6935,92.570306,Rock,Slide,NA
3839,MZ/MAM/84A10/2015/118,Mizoram,Mamit,"South of Rulpuihlim, SH-Reiek-",23.697889,92.568444,Debris,Slide,NA
3840,MZ/MAM/84A10/2015/180,Mizoram,Mamit,"West of Tlawng Hydro-Project,",23.712528,92.64775,Debris,Slide,NA
3841,MZ/MAM/84A10/2015/126,Mizoram,Mamit,"North of Rulpuihlim, SH-Reiek-",23.735833,92.558056,Debris,Slide,NA
3842,MIZ/AIZ/84A10/2016/103,Mizoram,Mamit,"Rawpuichhip-Mamit road, NH",23.767139,92.533889,Rock,Rock fall,2016
3843,MIZ/MAM/84A09/2016/126,Mizoram,Mamit,,23.780864,92.577909,Debris,Slide,2016
3844,MIZ/MAM/84A09/2016/130,Mizoram,Mamit,,23.796268,92.54654,Debris,Slide,2016
3845,MIZ/AIZ/84A09/2016/85,Mizoram,Mamit,Sairang road,23.846786,92.655892,Rock,Rock fall,2015
3846,MZ/MAM/84A05/2020/1,Mizoram,Mamit,Mamit-Tuidam old road section slide 1 Mamit-Tuidam old road section,23.91,92.45,Debris,Slide,2019
3847,MZ/MAM/84A05/2020/2,Mizoram,Mamit,"Mamit-Tuidam old road section slide 2 Mamit-Tuidam old road section,",23.93,92.37,Debris,Debris flow,2019
3848,MZ/MAM/84A05/2020/8,Mizoram,Mamit,North of Tuidam slide 1 Tuidam-Kwarthah road section,23.94,92.37,Rock,Slide,2019
3849,MZ/MAM/83D08/2020/9,Mizoram,Mamit,West of Zamuang-Rengdil section West of Zamuang-Rengdil,24.08,92.39,Earth,Slide,2019
3850,MZ/MAM/83D08/2020/6,Mizoram,Mamit,West of Zamuang-Rengdil section West of Zamuang-Rengdil,24.09,92.37,Earth,Slide,2019
3851,MZ/KOL/83D12/2020/2,Mizoram,Mamit,South of Suarhliap slide Mamit Bairabi road section,24.13,92.52,Debris,Slide,NA
3852,MZ/KOL/83D12/2020/4,Mizoram,Mamit,Bairabi Suarhliap slide Bairabi Suarhliap road section,24.17,92.52,Debris,Slide,2019
3853,MZ/SAI/84F04/2020/15,Mizoram,Saiha,South of Laki village slide 2 South of Laki village,22.15,93.01,Debris,Slide,NA
3854,MZ/SAI/84F04/2020/3,Mizoram,Saiha,South of Khopai slide 1 South of Khopai village,22.18,93.01,Debris,Slide,NA
3855,MZ/SAI/84F04/2020/20,Mizoram,Saiha,Mawhro chapi slide 4 Mawhro chapi road,22.22,93.11,Debris,Slide,2017
3856,MZ/SAI/84F03/2020/13,Mizoram,Saiha,SW of Zawngling village slide2 3km SW of Zawngling village,22.26,93.03,Rock,Slide,NA
3857,MZ/SAI/84F03/2020/17,Mizoram,Saiha,North of Pukzing slide 2 North of Pukzing,22.34,93.04,Rock,Slide,NA
3858,MZ/SAI/84B15/2018/60,Mizoram,Saiha,Serkawr Road,22.381001,92.978996,Rock,Rock fall,NA
3859,MZ/SAI/84F03/2020/2,Mizoram,Saiha,North of Lower Theira slide North of Lower Theira,22.41,93.02,Rock,Slide,NA
3860,MZ/SAI/84B15/2018/56,Mizoram,Saiha,NH 54,22.427999,92.947998,Debris,Slide,NA
3861,MZ/SAI/84B15/2018/55,Mizoram,Saiha,Zero Point to Kawlchaw E,22.434999,92.945999,Debris,Slide,NA
3862,MZ/SAI/84B15/2018/54,Mizoram,Saiha,Zero Point to Kawlchaw E,22.455999,92.948997,Debris,Slide,NA
3863,MZ/SAI/84B15/2018/43,Mizoram,Saiha,Lawngtlai to Saiha road,22.483999,92.954002,Debris,Fall,NA
3864,MZ/SAI/84B15/2018/49,Mizoram,Saiha,"A.R. Camp, Saiha",22.485666,92.985825,Debris,Slide,NA
3865,MZ/SAI/84F03/2020/33,Mizoram,Saiha,West of Tlangpuikawn slide West of Tlangpuikawn,22.49,93.01,Debris,Slide,2017
3866,MZ/SER/84F01/2018/14,Mizoram,Serchhip,200m from the Bridge of Valva,23.182667,93.026138,Debris,Slide,2018
3867,MIZ/SER/84A16/2025/090,Mizoram,Serchhip,Bungtlang,23.187762,92.898034,Earth,Slide,01 June 2025
3868,MIZ/SER/84E04/2025/222,Mizoram,Serchhip,Serchhip to Khawbung S road,23.1915,93.011024,Debris,Slide,31 May 2025
3869,MIZ/SER/84A16/2025/219,Mizoram,Serchhip,Khawlailung,23.21795,92.998007,Debris,Slide,01 June 2025
3870,MZ/SER/84A16/2018/48,Mizoram,Serchhip,Piler Road Section,23.221762,92.975006,Rock,Slide,NA
3871,MZ/SER/84A16/2018/43,Mizoram,Serchhip,Tuichang river-Khawlailawng,23.222925,92.940842,Rock,Slide,2018
3872,MZ/SER/84A16/2018/39,Mizoram,Serchhip,East of Keitum Village (Keitum-,23.223055,92.931114,Debris,Slide,NA
3873,MIZ/SER/84A12/2025/026,Mizoram,Serchhip,Aizawl-Thenzawl-Lunglei,23.239637,92.748175,Debris,Slide,30 May 2025
3874,MZ/SER/84A16/2018/15,Mizoram,Serchhip,Thenzawl-S. Zote Section (5 km,23.249727,92.796631,Debris,Slide,NA
3875,MZ/SER/84A15/2016/20,Mizoram,Serchhip,"About 300m West of BSF camp,",23.255288,92.888813,Debris,Slide,2016
3876,MIZ/SER/84A15/2025/144,Mizoram,Serchhip,NH 54,23.272548,92.874296,Earth,Slide,31 May 2025
3877,MIZ/SER/84A15/2025/143,Mizoram,Serchhip,NH 54,23.274148,92.871011,Debris,Debris flow,31 May 2025
3878,MZ/SER/84A15/2016/7,Mizoram,Serchhip,2km Southwest of the,23.275305,92.850377,Debris,Slide,2016
3879,MZ/SER/84A15/2016/12,Mizoram,Serchhip,About 1.20km Southwest of,23.28388,92.857468,Debris,Slide,2016
3880,MZ/SER/84A15/2016/10,Mizoram,Serchhip,"Near K.H Quarry, SH-Thenzawl-",23.283951,92.852551,Debris,Slide,2015
3881,MZ/SER/84A15/2016/16,Mizoram,Serchhip,About 900m Southwest of,23.28611,92.85748,Debris,Slide,2015
3882,MZ/SER/84A15/2016/26,Mizoram,Serchhip,About 200m North of Road,23.291063,92.860374,Debris,Slide,2015
3883,MIZ/SER/84A15/2025/129,Mizoram,Serchhip,"Dinthar, Serchhip",23.299628,92.855609,Debris,Slide,31 May 2025
3884,MIZ/SER/84A11/2025/160,Mizoram,Serchhip,Thenzawl - Buarpui road,23.300291,92.69577,Debris,Debris flow,01 June 2025
3885,MIZ/SER/84A15/2025/114,Mizoram,Serchhip,Serchhip,23.300837,92.855693,Debris,Slide,31 May 2025
3886,MIZ/SER/84A15/2025/128,Mizoram,Serchhip,"Dinthar, Serchhip",23.301381,92.853078,Debris,Debris flow,31 May 2025
3887,MIZ/SER/84A15/2025/125,Mizoram,Serchhip,"Chhim Veng, Serchhip",23.307524,92.857678,Debris,Subsidence,01 June 2025
3888,MIZ/SER/84A15/2025/108,Mizoram,Serchhip,Serchhip,23.311529,92.85443,Debris,Slide,31 May 2025
3889,MZ/SER/84A15/2016/126,Mizoram,Serchhip,About 1.7km Northwest of,23.315355,92.786906,Rock,Slide,2016
3890,MIZ/SER/84A15/2025/134,Mizoram,Serchhip,New Serchhip,23.346456,92.851511,Debris,Slide,01 June 2025
3891,MZ/SER/84A15/2016/129,Mizoram,Serchhip,"North of Sialhau, PMGSY",23.387328,92.933397,Rock,Slide,2016
3892,MZ/SER/84A15/2016/127,Mizoram,Serchhip,About 1km North of,23.40002,92.842404,Debris,Slide,2016
3893,MZ/SER/84A15/2016/68,Mizoram,Serchhip,Northwest of Sainik,23.447093,92.863082,Rock,Slide,2016
3894,MZ/SER/84E03/2017/6,Mizoram,Serchhip,Rullam Road,23.46025,93.01125,Rock,Slide,NA
3895,MZ/SER/84A15/2024/155,Mizoram,Serchhip,"Venglai, Chhingchhip",23.465558,92.855991,Debris,Slide,28 May 2024
3896,MZ/SER/84E03/2017/12,Mizoram,Serchhip,Rullam Road,23.470139,93.025944,Debris,Slide,NA
3897,MZ/SER/84A15/2024/153,Mizoram,Serchhip,Chhingchhip NH,23.47694444,92.857846,Debris,Slide,28 May 2024
3898,MZ/SER/84A15/2016/84,Mizoram,Serchhip,"Mualpui Veng, Chhinchhip, NH-",23.477108,92.857281,Debris,Slide,2016
3899,MZ/SER/84A15/2016/58,Mizoram,Serchhip,"About 500m from Chhingchhip,",23.47803,92.861256,Rock,Slide,2016
3900,MZ/SER/84A15/2016/85,Mizoram,Serchhip,"Mualpui Veng, Chhinchhip, NH-",23.478601,92.858505,Rock,Slide,2015
3901,25943,Nagaland,/Kohima/83K-,Nagaland Kohima Lower Para Medical Landslide NH-29/ Lower Para Medical,25.66772222,94.08908333,Debris,Subsidence,08 July 2018
3902,25954,Nagaland,/Kohima/83K02/2019/,Nagaland Kohima Chainage: 158+850 to 159+450 NH-29/ Dimapur-Kohima,25.72516111,94.03246944,,Slide,2016
3903,25960,Nagaland,/Wokha/83J03/2019/0,Nagaland Wokha Bhandari landslide Wokha-Merapani Road,26.27647222,94.13175,,Slide,2019
3904,25442,Nagaland,/Wokha/83J03/2019/0,Nagaland Wokha #N/A #N/A,26.27647222,94.13175,,Slide,18 and 2019
3905,25964,Nagaland,/Wokha/Chukitong/83,Nagaland Wokha Chukitong landslide Wokha-Mokokhung road,26.09660278,94.368725,Debris,Slide,2022
3906,7030,Nagaland,Chumoukedima,pimula 2 pimula 2,25.734508,93.685507,Debris,Slide,NA
3907,3212,Nagaland,Chumoukedima,NULL NULL,25.7746019,93.9148756,Debris,Slide,03 September 2024
3908,3211,Nagaland,Chumoukedima,NULL NULL,25.7802266,93.936165,Debris,Debris flow,03 September 2024
3909,NA/DIM/83G13/2020/21,Nagaland,Dimapur,NH29/Dimapur-Kohima Rd,25.71,93.74,Debris,Slide,2017
3910,NG/DIM/83G14/2015/22,Nagaland,Dimapur,,25.743,93.798,Debris,Slide,2010
3911,NA/DIM/83G13/2020/6,Nagaland,Dimapur,NH-29,25.77,93.81,Debris,Slide,2018
3912,NA/DIM/83G13/2020/22,Nagaland,Dimapur,NH-29,25.77,93.93,Debris,Slide,2018
3913,NA/DIM/83G13/2020/33,Nagaland,Dimapur,NH-29,25.77,93.91,Debris,Slide,2018
3914,NA/DIM/83G13/2020/39,Nagaland,Dimapur,NH29/Dimapur-Kohima Rd,25.77,93.81,Debris,Slide,2018
3915,NA/DIM/83G13/2020/48,Nagaland,Dimapur,NH29,25.78,93.82,Earth,Slide,NA
3916,NL/DMP/NH-29/2021/01,Nagaland,Dimapur,Chumukedima-Ghaspani slide Between Chumukedima-,25.78180556,93.80180556,Rock,Rock fall,2021
3917,NL/DIM/83G13/2014/01,Nagaland,Dimapur,Kukidolong-1 NH 29,25.78417,93.80028,Earth,Slide,16 July 2013
3918,NA/DIM/83G13/2020/3,Nagaland,Dimapur,'Nihokhu,25.84,93.98,Rock,Slide,2015
3919,NA/DIM/83G13/2020/2,Nagaland,Dimapur,'Nihokhu,25.84,93.98,Rock,Slide,2015
3920,NAG/ZUN/83K09/2016/049,Nagaland,Kiphire,30km away from Muleri,25.7578,94.7058,Debris,Slide,2016
3921,NAG/KIP/83K13/2016/072,Nagaland,Kiphire,North of Moya village,25.783939,94.856411,Debris,Slide,2015
3922,NAG/KIP/83K13/2016/064,Nagaland,Kiphire,NW of Thanamir village,25.789856,94.95825,Debris,Slide,2015
3923,NAG/KIP/83K13/2016/068,Nagaland,Kiphire,North of Moya village,25.789933,94.849811,Debris,Slide,2016
3924,NAG/KIP/83K13/2016/063,Nagaland,Kiphire,NW of Thanamir village,25.793333,94.958014,Debris,Slide,2015
3925,NAG/ZUN/83K09/2016/096,Nagaland,Kiphire,East of Honito village,25.828703,94.726789,Debris,Fall,2016
3926,NAG/ZUN/83K09/2016/117,Nagaland,Kiphire,West of Satoi village,25.836419,94.526964,Debris,Slide,2016
3927,NAG/KIP/83K13/2016/005,Nagaland,Kiphire,East of Sampurre,25.838592,94.788669,Debris,Slide,2016
3928,NAG/KIP/83K13/2016/040,Nagaland,Kiphire,Near Zoanger village,25.849947,94.916697,Rock,Rock fall,2015
3929,NAG/KIP/83K13/2016/085,Nagaland,Kiphire,At Pokphur village,25.878525,94.947372,Debris,Slide,2015
3930,NAG/ZUN/83K09/2016/043,Nagaland,Kiphire,South of Old Seyochong village,25.880908,94.653542,Rock,Rock fall,2016
3931,NAG/KIP/83K13/2016/027,Nagaland,Kiphire,East of Kiphire Town,25.884003,94.792711,Rock,Rock fall,2016
3932,NAG/ZUN/83K09/2016/116,Nagaland,Kiphire,North of Nihoshe,25.886089,94.542711,Debris,Slide,2016
3933,NAG/KIP/83K13/2016/019,Nagaland,Kiphire,1km before Phalengre village,25.889897,94.811111,Debris,Slide,2016
3934,NAG/KIP/83K13/2016/036,Nagaland,Kiphire,West of Sangkhumti village,25.919689,94.839167,Debris,Slide,2016
3935,NAG/ZUN/83K09/2016/046,Nagaland,Kiphire,At Seyochong Town,25.920367,94.641739,Debris,Slide,2016
3936,NAG/KIP/83K13/2016/016,Nagaland,Kiphire,At Longkhakte Nala,25.938447,94.7843,Debris,Slide,2016
3937,NAG/ZUN/83K09/2016/100,Nagaland,Kiphire,At New Yangzitong village,25.940317,94.650583,Debris,Slide,2015
3938,NAG/KIP/83K13/2016/012,Nagaland,Kiphire,Towards Langkok Village road,25.944008,94.789414,Rock,Rock fall,2016
3939,NAG/ZUN/83K09/2016/130,Nagaland,Kiphire,Towards Khukishe village,25.964631,94.574406,Debris,Slide,2016
3940,NAG/ZUN/83K09/2016/122,Nagaland,Kiphire,South of Thokihimi village,25.968006,94.574256,Debris,Slide,2016
3941,NAG/ZUN/83K09/2016/123,Nagaland,Kiphire,South of Thokihimi village,25.970531,94.574903,Debris,Slide,2016
3942,NAG/KIP/83K13/2016/112,Nagaland,Kiphire,Siukiur village,25.971456,94.818392,Debris,Slide,2016
3943,NAG/ZUN/83K09/2016/124,Nagaland,Kiphire,South of Thokihimi village,25.976625,94.579939,Debris,Slide,2016
3944,NAG/ZUN/83K09/2016/144,Nagaland,Kiphire,North of Sukhalu village,25.990339,94.507711,Debris,Slide,2015
3945,NAG/ZUN/83K09/2016/142,Nagaland,Kiphire,North of Sukhalu village,25.998217,94.504756,Debris,Slide,2016
3946,NL/KOH/83K02/2024/001,Nagaland,Kohima,NH 102A/Shajouba,25.472137,94.151037,Debris,Slide,2023
3947,NL/KOH/83K02/2024/002,Nagaland,Kohima,NH 102A/Tadubi,25.481594,94.141694,Rock,Slide,NA
3948,NL/KOH/83K02/2023/55,Nagaland,Kohima,Kidima Kigwema-Chakhabama road,25.52246944,94.19153333,Rock,Slide,NA
3949,NL/KOH/83K02/2024/007,Nagaland,Kohima,NH-2/Khuzama,25.538422,94.136039,Debris,Slide,01 June 2024
3950,NG/KOH/83K2/2015/124,Nagaland,Kohima,Viswema terrace fields,25.554,94.148,Debris,Slide,2009
3951,NL/KOH/83K02/2014/48,Nagaland,Kohima,Viswema slide Agri-link Road,25.55697,94.15322,Debris,Debris flow,2014
3952,NG/KOH/83K2/2015/195,Nagaland,Kohima,NH-29,25.563,94.14,Debris,Slide,2015
3953,NG/KOH/83K2/2015/193,Nagaland,Kohima,,25.566,94.162,Debris,Slide,NA
3954,NG/KOH/83K2/2015/192,Nagaland,Kohima,Viswema-Kidima approach road,25.567,94.164,Debris,Slide,NA
3955,NG/KOH/83K2/2015/125,Nagaland,Kohima,,25.572,94.25,Debris,Slide,NA
3956,NL/KOH/83K02/2014/37,Nagaland,Kohima,Viswema -Kedima road Viswema -Kedima road,25.57244,94.17178,Debris,Slide,2014
3957,NG/KOH/83K2/2015/240,Nagaland,Kohima,,25.594,94.166,Debris,Debris flow,NA
3958,NL/KOH/83G14/2023/20,Nagaland,Kohima,Poilwa Poilwa-Khonoma road,25.60054167,93.92484444,Rock,Slide,2023
3959,NG/KOH/83K2/2015/208,Nagaland,Kohima,Mima village,25.61,94.139,Debris,Slide,2013
3960,NL/KOH/83K02/2022/014,Nagaland,Kohima,Chakhaboma Chakhaboma-Pfutsero road,25.611096,94.216757,Debris,Slide,NA
3961,NG/KOH/83K2/2015/131,Nagaland,Kohima,Kisama,25.617,94.113,Rock,Slide,NA
3962,NL/KOH/83K02/2014/03,Nagaland,Kohima,Phesama NH 29,25.621,94.11806,Debris,Debris flow,2013
3963,NG/KOH/83G14/2015/5,Nagaland,Kohima,Between Khonoma & Dziilekie,25.631,93.999,Rock,Slide,2015
3964,NG/KOH/83K2/2015/140,Nagaland,Kohima,Kohima-Khonoma-Pedi-Peren,25.645,94.034,Debris,Slide,2013
3965,NG/KOH/83K2/2015/34,Nagaland,Kohima,Between Lerie and Pfiichama,25.65,94.122,Debris,Slide,2013
3966,NL/KOH/83K02/2014/45,Nagaland,Kohima,Thedziilieziekie Kohima-Khonoma-Pedi-Peren,25.65275,94.032,Debris,Slide,2014
3967,NL/KOH/83K02/2014/15,Nagaland,Kohima,Forest colony along Kohima Science Jotsoma village,25.65653,94.09061,Debris,Slide,2014
3968,NL/KOH/83K02/2014/13,Nagaland,Kohima,Jotsoma forest colony road slide Jotsoma village (Science college,25.65747,94.08611,Debris,Slide,2014
3969,NL/KOH/83K02/2023/43,Nagaland,Kohima,Peducha-Zadima road Peducha-Zadima road,25.65852222,94.12213056,Debris,Slide,2023
3970,NG/KOH/83K2/2015/184,Nagaland,Kohima,"Agri colony, Kohima Town",25.659,94.089,Debris,,NA
3971,NG/KOH/83K2/2015/80,Nagaland,Kohima,"Lower Jail colony, Kohima Town",25.662,94.096,Debris,Slide,2010
3972,NL/KOH/83K02/2014/01,Nagaland,Kohima,"PWD Road Junction, Kohima Town NH 29",25.663,94.10439,Debris,Slide,2014
3973,NG/KOH/83K2/2015/100,Nagaland,Kohima,"Midland colony, Kohima Town",25.665,94.104,Debris,Slide,1989
3974,NG/KOH/83K2/2015/139,Nagaland,Kohima,"Midland colony, Kohima Town",25.665,94.104,Debris,,1989
3975,NG/KOH/83K2/2015/142,Nagaland,Kohima,,25.666,94.098,Debris,Slide,NA
3976,NG/KOH/83K2/2015/157,Nagaland,Kohima,NH-29,25.667,94.089,Debris,Slide,1968
3977,NG/KOH/83K2/2015/128,Nagaland,Kohima,NH-29,25.667,94.089,Debris,,1989
3978,NG/KOH/83K2/2015/94,Nagaland,Kohima,Kohima-Khonoma road,25.667,94.035,Rock,Rock fall,2015
3979,NG/KOH/83K2/2015/148,Nagaland,Kohima,Kohima-Khonoma-Pedi-Peren,25.668,94.051,Debris,Slide,2013
3980,NL/KOH/83K02/2014/09,Nagaland,Kohima,11km- slide Kohima-pedi-peren,25.66806,94.05525,Debris,Slide,2014
3981,NL/KOH/83K02/2023/37,Nagaland,Kohima,Chakhabama Kohima-Zunhoboto road,25.66874167,94.22856389,Rock,Slide,NA
3982,NL/KOH/83K02/2023/39,Nagaland,Kohima,Chakhabama Kohima-Zunhoboto road,25.66883889,94.21054444,Debris,Slide,NA
3983,NG/KOH/83K2/2015/147,Nagaland,Kohima,NE downslope of Paramedical,25.669,94.091,Debris,Slide,NA
3984,NG/KOH/83K2/2015/58,Nagaland,Kohima,,25.672,94.111,Debris,Slide,NA
3985,NG/KOH/83K2/2015/202,Nagaland,Kohima,"Daklane colony, Kohima Town",25.672,94.106,Debris,Slide,1965
3986,NG/KOH/83K2/2015/162,Nagaland,Kohima,T-Khel Model village road,25.673,94.101,Debris,Slide,2010
3987,NL/KOH/83K02/2023/10,Nagaland,Kohima,Kohima-Chakhaboma road Kohima-Chakhaboma road,25.67776,94.1390317,Debris,Slide,2023
3988,NG/KOH/83K2/2015/237,Nagaland,Kohima,NH-29,25.679,94.07,Debris,,1940
3989,NG/KOH/83K2/2015/132,Nagaland,Kohima,Western downslope of Christ,25.68,94.117,Debris,Slide,NA
3990,NG/KOH/83K2/2015/154,Nagaland,Kohima,Kohima-Chakhabama road (part,25.682,94.131,Debris,,2010
3991,NG/KOH/83K2/2015/150,Nagaland,Kohima,T-Khel Model village road,25.682,94.096,Debris,Slide,2011
3992,NL/KOH/83K02/2014/29,Nagaland,Kohima,Kohima Ring road Ring road,25.68375,94.12436,Debris,Slide,2014
3993,NL-08/2012-13,Nagaland,Kohima,Chakhabama slide (A),25.68436111,94.20497222,,,06 August 2012 at 22:00 Hrs.
3994,NG/KOH/83K2/2015/219,Nagaland,Kohima,,25.685,94.059,Rock,Slide,1940
3995,NG/KOH/83K2/2015/84,Nagaland,Kohima,Secretariat-BSF Camp road,25.685,94.12,Debris,Slide,2013
3996,NL/KOH/83K02/2014/25,Nagaland,Kohima,Nagaland Secretariat road Nagaland Secretariat road,25.69583,94.10833,Debris,Slide,2014
3997,NG/KOH/83K2/2015/213,Nagaland,Kohima,,25.696,94.08,Debris,,NA
3998,NL/KOH/83K02/2014/04,Nagaland,Kohima,Meriema National Highway (NH)- 61,25.71611,94.08883,Debris,Debris flow,03 July 2013
3999,NG/KOH/83K2/2015/141,Nagaland,Kohima,NH-61,25.717,94.086,Debris,Slide,2015
4000,NL/KOH/83K02/2014/20,Nagaland,Kohima,"Nagaland University, Meirima Campus NU Campus",25.72628,94.10003,Debris,Slide,2014
4001,NL/KOH/83K02/2014/21,Nagaland,Kohima,NU Meirima Campus (B) NU Campus,25.72739,94.10103,Debris,Slide,2014
4002,NG/KOH/83K2/2015/69,Nagaland,Kohima,NH-61 (Between Meriema and,25.729,94.083,Debris,Slide,2014
4003,NG/KOH/83K2/2015/75,Nagaland,Kohima,NH-29,25.735,94.02,Debris,Slide,2008
4004,NG/KOH/83K2/2015/234,Nagaland,Kohima,,25.744,94.242,Debris,Slide,NA
4005,NG/KOH/83K2/2015/217,Nagaland,Kohima,,25.748,94.077,Debris,Slide,2013
4006,NL/KOH/83K02/2022/008,Nagaland,Kohima,Chiesema Chiesema,25.7491204,94.0804548,Debris,Slide,NA
4007,NAG/KOH/83K1/2016/054,Nagaland,Kohima,Kijumetouma,25.750583,94.180833,Debris,Slide,NA
4008,NAG/KOH/83K1/2016/158,Nagaland,Kohima,Nearly 2 km S of Kijumetoma,25.750617,94.237358,Debris,Slide,NA
4009,NAG/KOH/83K1/2016/160,Nagaland,Kohima,"Chiechama, near Gariephe Basa",25.755206,94.179975,Debris,Slide,NA
4010,NAG/KOH/83K1/2016/048,Nagaland,Kohima,Tseisema,25.759556,94.026056,Debris,Slide,NA
4011,NL/KOH/83K02/2023/09,Nagaland,Kohima,Kohima-Botsa road Kohima-Botsa road,25.7641457,94.0781772,Rock,Slide,2023
4012,NAG/KOH/83K1/2016/058,Nagaland,Kohima,Kijumetouma,25.767,94.229778,Debris,Slide,NA
4013,NL/KOH/83K02/2022/011,Nagaland,Kohima,Pherima Pherima,25.771977,93.905846,Debris,Slide,2022
4014,NL/KOH/83K01/2022/028,Nagaland,Kohima,Kohima-10th Mile-Nuiland Road Kohima-10th Mile-Nuiland Road,25.77457,94.075897,Debris,Slide,NA
4015,NL/KOH/83K01/2023/51,Nagaland,Kohima,Kohima-Nuiland road Kohima-Nuiland road,25.795875,93.99373611,Debris,Slide,NA
4016,NL/KOH/83K01/2023/50,Nagaland,Kohima,Kohima-Nuiland road Kohima-Nuiland road,25.79595,93.99585278,Rock,Slide,NA
4017,NL/KOH/83K01/2023/49,Nagaland,Kohima,Kohima-Nuiland road Kohima-Nuiland road,25.79835556,94.00099444,Debris,Slide,NA
4018,NAG/KOH/83K1/2016/005,Nagaland,Kohima,Chiechama,25.808722,94.138278,Debris,Slide,NA
4019,NAG/KOH/83K1/2016/163,Nagaland,Kohima,Nearly 4 km NE of Gariphema,25.828558,94.239531,Debris,Slide,NA
4020,NAG/KOH/83K1/2016/073,Nagaland,Kohima,Phekerkrie,25.833028,94.050056,Earth,Slide,NA
4021,NAG/KOH/83K1/2016/130,Nagaland,Kohima,Viphoma,25.840139,94.006528,Debris,Slide,NA
4022,NAG/KOH/83K1/2016/069,Nagaland,Kohima,Phekerkrie,25.865472,94.049944,Debris,Slide,NA
4023,NL/KOH/83K01/2022/030,Nagaland,Kohima,Kohima-10th Mile-Nuiland Road Phekerkrie Basa,25.882916,94.036198,Debris,Slide,NA
4024,NAG/KOH/83K1/2016/109,Nagaland,Kohima,Tseminuyu,25.889361,94.200583,Earth,Slide,NA
4025,NAG/KOH/83K1/2016/110,Nagaland,Kohima,Tseminuyu,25.89125,94.202306,Debris,Slide,NA
4026,NAG/KOH/83K1/2016/115,Nagaland,Kohima,Phughoboto,25.892028,94.274528,Debris,Slide,NA
4027,NAG/KOH/83K5/2016/146,Nagaland,Kohima,Nearly 2 km S of Satakha village,25.905953,94.427414,Debris,Slide,NA
4028,NAG/KOH/83K5/2016/144,Nagaland,Kohima,Nearly 2 km S of Satakha village,25.90665,94.428758,Debris,Slide,NA
4029,NAG/KOH/83K5/2016/143,Nagaland,Kohima,Nearly 2 km S of Satakha village,25.907417,94.429519,Debris,Slide,NA
4030,NAG/KOH/83K1/2016/128,Nagaland,Kohima,Tseminuyu,25.910583,94.206417,Debris,Slide,NA
4031,NAG/KOH/83K1/2016/089,Nagaland,Kohima,Tsosinyu,25.931167,94.048889,Debris,Slide,NA
4032,NAG/KOH/83K1/2016/094,Nagaland,Kohima,Ghotovi,25.943944,94.026556,Debris,Slide,NA
4033,NAG/KOH/83K1/2016/101,Nagaland,Kohima,Ghotovi,25.948222,94.014361,Earth,Slide,NA
4034,NAG/KOH/83K1/2016/103,Nagaland,Kohima,Ghotovi,25.950944,94.019611,Debris,Slide,NA
4035,NAG/KOH/83K1/2016/100,Nagaland,Kohima,Ghotovi,25.951583,94.023667,Debris,Slide,NA
4036,NAG/KOH/83K1/2016/093,Nagaland,Kohima,Longwesunyu,25.957472,94.036278,Debris,Slide,NA
4037,NG/LON/83J15/2017/37,Nagaland,Longleng,1 km East of Hukpong Village,26.468611,94.806389,Debris,Slide,NA
4038,NG/LON/83J14/2017/1,Nagaland,Longleng,2km N of Longleng Town.,26.494722,94.824722,Debris,Slide,NA
4039,NG/LON/83J14/2017/6,Nagaland,Longleng,4 km N of Longleng Town,26.506389,94.787222,Debris,Slide,NA
4040,NG/LON/83J14/2017/11,Nagaland,Longleng,6 kmsNorth of IRB Camp,26.556111,94.783333,Debris,Slide,NA
4041,NAG/MOKH/83J08/2015/ 0093,Nagaland,Mokokchung,8 km North of Sastami,26.222111,94.419028,Rock,Slide,NA
4042,NAG/MOK/83J/7/2016/0004,Nagaland,Mokokchung,NH-61 at junction Chakabama-,26.282667,94.475667,Debris,Slide,2016
4043,NAG/MOK/83J/7/2016/0009,Nagaland,Mokokchung,Between Kinunger-,26.320639,94.398806,Debris,Slide,NA
4044,NL/MOK/83J07/2025/07,Nagaland,Mokokchung,"Yimlang Slide NH-702D, Yimlang sector,",26.387181,94.444132,Rock,Slide,01 August 2025
4045,NAG/MOKH/83J08/2015/ 0096,Nagaland,Mokokchung,Near the entrance gate of,26.389556,94.616667,Rock,Slide,NA
4046,NAG/MOK/83J/7/2016/0017,Nagaland,Mokokchung,Bewteen Chungtia-,26.395139,94.451194,Debris,Slide,NA
4047,NAG/MOK/83J/7/2016/0011,Nagaland,Mokokchung,Bewteen Chungtia-,26.395389,94.454528,Debris,Slide,NA
4048,NAG/MOKH/83J08/2015/ 0106,Nagaland,Mokokchung,Old Yoongimiti Village,26.431,94.669944,Rock,Slide,NA
4049,3379,Nagaland,Mokokchung,NULL NULL,26.4527822,94.375268,,Slide,08 July 2025
4050,NAG/MOKH/83J08/2015/ 0113,Nagaland,Mokokchung,Longsang Village,26.479167,94.543806,Rock,Slide,NA
4051,NA/MOK/83J07/2020/3,Nagaland,Mokokchung,NH702D,26.49,94.36,Earth,Slide,NA
4052,NA/MOK/83J06/2020/22,Nagaland,Mokokchung,Lakhuni-Mankholemba Rd,26.54,94.44,Earth,Subsidence,2018
4053,NA/MOK/83J06/2020/24,Nagaland,Mokokchung,1km W of Anonghaki,26.55,94.44,Earth,Slide,2018
4054,NA/MOK/83J06/2020/23,Nagaland,Mokokchung,Lakhuni-Mankholemba Rd,26.55,94.44,Earth,Slide,2019
4055,NG/MOK/83J10/2017/18,Nagaland,Mokokchung,MerangkongTamlu rd.,26.635667,94.703611,Rock,Slide,NA
4056,NG/MOK/83J10/2017/23,Nagaland,Mokokchung,Yajang A village,26.688831,94.546019,Debris,Slide,NA
4057,NG/MOK/83J10/2017/12,Nagaland,Mokokchung,TuliAmguri rd,26.695194,94.636194,Rock,Slide,NA
4058,NG/MOK/83J10/2017/13,Nagaland,Mokokchung,TuliAmguri rd,26.697833,94.635056,Rock,Slide,NA
4059,NG/MOK/83J10/2017/16,Nagaland,Mokokchung,TuliAmguri rd,26.703194,94.633917,Debris,Slide,NA
4060,NG/MON/83N3/2017/19,Nagaland,Mon,Near Tamkao,26.378222,95.009,Debris,Slide,NA
4061,NL/MON/83J15/2014/09,Nagaland,Mon,Shense slide State Highway (Tobu to Mon,26.39936,94.94553,Debris,Debris flow,17 August 2023
4062,NG/MON/83N3/2017/4,Nagaland,Mon,Monyakshu,26.439528,95.032278,,Slide,NA
4063,NG/MON/83N3/2017/10,Nagaland,Mon,PesaoMonyakshu Road,26.441056,95.046111,Rock,Slide,NA
4064,NG/MON/83J14/2017/22,Nagaland,Mon,3 km S of Mohung Village,26.541389,94.946389,Debris,Slide,NA
4065,NG/MON/83N2/2017/48,Nagaland,Mon,Chen Moho Wangati Road,26.550472,95.101889,Debris,Slide,NA
4066,NG/MON/83N2/2017/52,Nagaland,Mon,Chen Moho Wangati Road,26.5715,95.097639,Debris,Slide,NA
4067,NG/MON/83N2/2017/54,Nagaland,Mon,Near Chen Moho,26.572889,95.098944,Debris,Slide,NA
4068,NG/MON/83N2/2017/57,Nagaland,Mon,Aboi Chinkhao Road,26.588806,95.017667,,Slide,NA
4069,NG/MON/83N2/2017/66,Nagaland,Mon,Near Totokchinkhu,26.6575,95.012028,,Slide,NA
4070,NG/MON/83N2/2017/29,Nagaland,Mon,Near Longwa,26.666917,95.203583,,Slide,NA
4071,NG/MON/83N2/2017/23,Nagaland,Mon,Near Yuting,26.7015,95.079361,Debris,Slide,NA
4072,NG/MON/83N2/2017/11,Nagaland,Mon,Near Mon Town,26.724278,95.042833,,Slide,NA
4073,NG/MON/83N2/2017/8,Nagaland,Mon,"Thamnan Ward, Mon Town",26.726667,95.027278,,Slide,NA
4074,NG/MON/83N2/2017/2,Nagaland,Mon,"Chingai Ward, Mon Town",26.728556,95.031944,Debris,Slide,NA
4075,NG/MON/83N2/2017/28,Nagaland,Mon,Near Mon village,26.732306,95.055722,Debris,Slide,NA
4076,NG/MON/83N01/2017/72,Nagaland,Mon,Longkai village,26.758306,94.955806,Debris,Slide,NA
4077,NG/MON/83N01/2017/17,Nagaland,Mon,PhuktongTuimei rd,26.773611,95.077611,Rock,Slide,NA
4078,NG/MON/83N01/2017/19,Nagaland,Mon,PhuktongTuimei rd,26.775667,95.072917,Debris,Slide,NA
4079,NG/MON/83N01/2017/21,Nagaland,Mon,PhuktongTuimei rd,26.775944,95.072583,Debris,Slide,NA
4080,NG/MON/83N01/2017/3,Nagaland,Mon,Phuktong village,26.777056,95.069361,Debris,Slide,NA
4081,NG/MON/83N01/2017/4,Nagaland,Mon,Phuktong village,26.778444,95.069083,Debris,Slide,NA
4082,NG/MON/83N01/2017/45,Nagaland,Mon,PhuktongTuimei rd,26.825,95.076778,Rock,Slide,NA
4083,NG/MON/83N01/2017/56,Nagaland,Mon,PhuktongTuimei rd,26.835417,95.080444,Debris,Slide,NA
4084,NG/MON/83N01/2017/60,Nagaland,Mon,PhuktongTuimei rd,26.841222,95.079556,,Slide,NA
4085,NG/MON/83N01/2017/67,Nagaland,Mon,PhuktongTuimei rd,26.845472,95.077639,,Slide,NA
4086,NG/NOK/83N04/2017/53,Nagaland,Noklak,wui,26.041611,95.075806,Rock,Slide,NA
4087,NG/NOK/83N04/2017/54,Nagaland,Noklak,wui,26.045083,95.054833,Debris,Slide,NA
4088,NG/NOK/83N04/2017/51,Nagaland,Noklak,Sanglao,26.066583,95.033361,Debris,Slide,NA
4089,NG/NOK/83N04/2017/50,Nagaland,Noklak,Sanglao,26.068111,95.025972,Rock,Slide,NA
4090,NG/NOK/83N04/2017/35,Nagaland,Noklak,Nokhu,26.165972,95.021667,Rock,Slide,NA
4091,NG/NOK/83N04/2017/37,Nagaland,Noklak,Nokhu,26.167861,95.026694,Debris,Slide,NA
4092,NG/NOK/83N04/2017/28,Nagaland,Noklak,Nokhu,26.174028,95.029722,Rock,Slide,NA
4093,NG/NOK/83N04/2017/22,Nagaland,Noklak,Longnuk,26.175889,95.030472,,Slide,NA
4094,NG/NOK/83N04/2017/21,Nagaland,Noklak,Noklak,26.176278,95.009889,Debris,Slide,NA
4095,NG/NOK/83N04/2017/25,Nagaland,Noklak,Noklak Nokhu road,26.196333,95.019417,Debris,Slide,NA
4096,NAG/PER/83G12/2017/0131,Nagaland,Peren,Intuma road,25.199528,93.625278,Rock,Slide,NA
4097,NG/PRN/83G07/2017/3,Nagaland,Peren,Nchen–Ngaulong slide No.1 Nchen–Ngaulong road section,25.292417,93.498972,Debris,Slide,NA
4098,NA/PER/83G10/2020/5,Nagaland,Peren,Peren-Tening Road,25.51,93.72,Debris,Slide,2019
4099,NL/PER/83G10/2022/051,Nagaland,Peren,Peren-Tening road Peren-Tening road,25.514327,93.666041,Rock,Rock fall,NA
4100,NA/PER/83G10/2020/13,Nagaland,Peren,"Khojai Colony, H/N-182",25.53,93.73,Debris,Slide,NA
4101,NG/PER/83G14/2015/15,Nagaland,Peren,ESE of Benreu,25.569,93.872,Debris,Slide,2013
4102,NG/PER/83G14/2015/11,Nagaland,Peren,ESE of Benreu,25.571,93.871,Debris,Slide,2013
4103,NG/PER/83G14/2015/9,Nagaland,Peren,Kohima-Khonoma-Pedi-Peren,25.575,93.777,Debris,Slide,2010
4104,NG/PER/83G14/2015/26,Nagaland,Peren,Kohima-Khonoma-Pedi-Peren,25.579,93.87,Rock,Slide,2015
4105,NG/PER/83G14/2015/18,Nagaland,Peren,Kohima-Khonoma-Pedi-Peren,25.598,93.848,Rock,Slide,2013
4106,7033,Nagaland,Peren,Jaluki Jaluki,25.60512,93.706701,,Slide,NA
4107,NG/PHE/83K6/2015/248,Nagaland,Phek,Pfiitsero-Lekromi approach,25.546,94.274,Debris,Slide,2013
4108,NG/PHE/83K6/2015/268,Nagaland,Phek,Pfiitsero-Tadubi road,25.549,94.286,Debris,Slide,2015
4109,NG/PHE/83K6/2015/252,Nagaland,Phek,Chizami-Thetsumi-Razeba road,25.552,94.362,Rock,Slide,2010
4110,NG/PHE/83K14/2017/53,Nagaland,Phek,New Thewati to Washello,25.553833,94.762389,Debris,Slide,NA
4111,NG/PHE/83K14/2017/52,Nagaland,Phek,New Thewati,25.555969,94.764325,Debris,Slide,NA
4112,NG/PHE/83K6/2015/332,Nagaland,Phek,,25.559,94.251,Rock,Slide,NA
4113,NG/PHE/83K6/2015/282,Nagaland,Phek,Upslope of Pfiitsero-Tadubi,25.561,94.294,Debris,Slide,NA
4114,NG/PHE/83K14/2017/18,Nagaland,Phek,Shillio to New Thewati,25.561306,94.780778,Debris,Slide,NA
4115,NG/PHE/83K14/2017/16,Nagaland,Phek,Shillio to New Thewati,25.568611,94.783078,Debris,Slide,NA
4116,NG/PHE/83K2/2015/145,Nagaland,Phek,On the immediate downslope of,25.569,94.234,Rock,Slide,NA
4117,7599,Nagaland,Phek,,25.570159,94.253552,Debris,Slide,
4118,NG/PHE/83K10/2017/37,Nagaland,Phek,LephoriReguri road,25.581333,94.627306,Rock,Slide,NA
4119,NG/PHE/83K14/2017/26,Nagaland,Phek,Shillio to Avakhung,25.584147,94.8582,Rock,Slide,NA
4120,NG/PHE/83K14/2017/34,Nagaland,Phek,Shillio to Avakhung,25.585472,94.846833,Rock,Slide,NA
4121,NG/PHE/83K6/2015/286,Nagaland,Phek,Pfiitsero-Phesachodu road,25.586,94.288,Debris,Slide,2013
4122,NG/PHE/83K10/2017/22,Nagaland,Phek,Matikhru road,25.593472,94.596944,Debris,Slide,NA
4123,NG/PHE/83K14/2017/45,Nagaland,Phek,Pokhungri to Shilloi,25.593778,94.822389,Rock,Slide,NA
4124,NG/PHE/83K6/2015/316,Nagaland,Phek,Pfiitsero-Sakraba-Phek road,25.598,94.31,Debris,Slide,2015
4125,NG/PHE/83K6/2015/313,Nagaland,Phek,Kohima-Pfiitsero-Meluri road,25.602,94.427,Rock,Slide,NA
4126,NG/PHE/83K14/2017/6,Nagaland,Phek,,25.605061,94.772156,Debris,Slide,NA
4127,NG/PHE/83K6/2015/327,Nagaland,Phek,Pfiitsero-Sakraba-Phek road,25.607,94.321,Debris,Slide,2015
4128,NG/PHE/83K14/2017/41,Nagaland,Phek,Shillio to Avakhung,25.607778,94.837944,Rock,Slide,NA
4129,NG/PHE/83K10/2017/11,Nagaland,Phek,Washello to Zhipu,25.611028,94.747167,Debris,Slide,NA
4130,NG/PHE/83K2/2015/70,Nagaland,Phek,Kohima-Pfiitsero-Meluri road,25.612,94.209,Debris,Subsidence,NA
4131,NG/PHE/83K6/2015/255,Nagaland,Phek,Kohima-Pfiitsero-Meluri road,25.614,94.496,Rock,Rock fall,NA
4132,NG/PHE/83K6/2015/331,Nagaland,Phek,Kohima-Pfiitsero-Meluri road,25.618,94.468,Rock,Rock fall,NA
4133,NG/PHE/83K6/2015/291,Nagaland,Phek,Phek-Lanye road.,25.62,94.485,Rock,Slide,NA
4134,NL/PHE/83K02/2014/05,Nagaland,Phek,Chakabama- Pfiitsero road SH (Chakabama- Pfiitsero road),25.62067,94.21483,Rock,Slide,2014
4135,NG/PHE/83K2/2015/64,Nagaland,Phek,Kohima-Meluri road (NH-150?),25.621,94.212,Rock,Slide,2014
4136,NG/PHE/83K6/2015/293,Nagaland,Phek,Pfiitsero-Sakraba-Phek road,25.623,94.354,Debris,Slide,2013
4137,NG/PHE/83K14/2017/43,Nagaland,Phek,,25.623364,94.819272,Debris,Slide,NA
4138,NG/PHE/83K6/2015/315,Nagaland,Phek,Pfiitsero-Sakraba-Phek road,25.625,94.335,Debris,Slide,2013
4139,NG/PHE/83K6/2015/277,Nagaland,Phek,,25.63,94.25,Debris,Slide,NA
4140,NG/PHE/83K6/2015/287,Nagaland,Phek,Thipuzu approach road from,25.635,94.253,Debris,Slide,2013
4141,NG/PHE/83K14/2017/3,Nagaland,Phek,Waziho to Mokie,25.640056,94.765278,Debris,Slide,NA
4142,NG/PHE/83K10/2017/24,Nagaland,Phek,LanezhoKizare road,25.650556,94.5095,Rock,Slide,NA
4143,NG/PHE/83K6/2015/257,Nagaland,Phek,Pfiitsero-Sakraba-Phek road,25.655,94.438,Debris,Slide,2010
4144,NG/PHE/83K6/2015/260,Nagaland,Phek,Pfiitsero-Sakraba-Phek road,25.657,94.439,Debris,Slide,2012
4145,NG/PHE/83K14/2017/65,Nagaland,Phek,Kuzato to Wazeho,25.660194,94.7535,Debris,Slide,NA
4146,NG/PHE/83K2/2015/178,Nagaland,Phek,On Chakhabama-Chozuba-,25.665,94.215,Debris,Slide,2012
4147,NG/PHE/83K6/2015/256,Nagaland,Phek,Chakhabama-Chozuba-,25.666,94.258,Debris,Slide,2014
4148,NG/PHE/83K6/2015/265,Nagaland,Phek,Phek Bawe-Phek Town road,25.668,94.464,Debris,Slide,2014
4149,NG/PHE/83K2/2015/161,Nagaland,Phek,On the immediate downslope of,25.671,94.217,Debris,Slide,2014
4150,NG/PHE/83K14/2017/63,Nagaland,Phek,Kuzato to Wazeho,25.674944,94.762694,Debris,Slide,NA
4151,NG/PHE/83K6/2015/262,Nagaland,Phek,Phek Bawe-Phek Town road,25.679,94.458,Debris,Slide,2009
4152,NG/PHE/83K14/2017/68,Nagaland,Phek,Laruri village,25.680167,94.837944,Debris,Slide,NA
4153,NG/PHE/83K6/2015/289,Nagaland,Phek,Chazouba-Phek road,25.695,94.349,Debris,Slide,2015
4154,NG/PHE/83K6/2015/283,Nagaland,Phek,Riinguzu village,25.696,94.32,Debris,,2014
4155,NG/PHE/83K14/2017/78,Nagaland,Phek,Phor village to Kuzato,25.700692,94.775594,Rock,Slide,NA
4156,NG/PHE/83K6/2015/249,Nagaland,Phek,Chozuba-Phek road,25.703,94.338,Debris,Slide,2015
4157,NL/ Phek/83K10/2015/22,Nagaland,Phek,Sohomi village slide Approach road from Phek to,25.72075,94.50163889,Debris,Slide,NA
4158,NG/PHE/83K6/2015/281,Nagaland,Phek,Ketsapo-Khuzami approach,25.726,94.435,Debris,Slide,2012
4159,NG/PHE/83K14/2017/75,Nagaland,Phek,Phor village,25.7345,94.777417,Debris,Slide,NA
4160,NG/PHE/83K6/2015/314,Nagaland,Phek,Chakhabama-Chozuba-,25.736,94.329,Debris,Slide,2015
4161,NG/PHE/83K2/2015/66,Nagaland,Phek,,25.736,94.012,Debris,Slide,2014
4162,NAG/PHK/83K5/2016/028,Nagaland,Phek,Khuzami,25.756417,94.476083,Debris,Slide,NA
4163,6869,Nagaland,Phek,,25.809925,94.398172,Rock,Slide,NA
4164,3378,Nagaland,Tseminyu,NULL NULL,25.8817748,94.1887571,Rock,Slide,NA
4165,NAG/TUN/83J16/2016/0037,Nagaland,Tuensang,8.5 km South of Tuensang Town,26.18096,94.81309,Rock,Rock fall,NA
4166,NAG/TUN/83J16/2016/0038,Nagaland,Tuensang,"Kuthur Vill, Near Primary Health",26.185491,94.814241,Rock,Slide,NA
4167,NAG/TUN/83J16/2016/0033,Nagaland,Tuensang,3 km South of Tuensang Town,26.200056,94.81905,Rock,Slide,NA
4168,NAG/TUN/83J16/2016/0032,Nagaland,Tuensang,2 km South of Tuensang Town,26.205135,94.811625,Rock,Slide,NA
4169,NG/TUE/83N4/2017/6,Nagaland,Tuensang,NoklakPangsha Road,26.221083,95.030139,Rock,Slide,NA
4170,NG/TUE/83N4/2017/7,Nagaland,Tuensang,NoklakPangsha Road,26.223528,95.03275,Rock,Slide,NA
4171,NAG/TUN/83J16/2016/0041,Nagaland,Tuensang,5 km E of New Chengmai Village,26.231694,94.941056,Rock,Slide,NA
4172,NAG/TUN/83J16/2016/0030,Nagaland,Tuensang,Tuensang town river side,26.235736,94.805011,Debris,Slide,NA
4173,NG/TUE/83N4/2017/14,Nagaland,Tuensang,NoklakPangsha Road,26.24075,95.056722,,Slide,NA
4174,NG/TUE/83N4/2017/18,Nagaland,Tuensang,NoklakPangsha Road,26.24325,95.073167,Debris,Slide,NA
4175,NG/TUE/83J15/2017/53,Nagaland,Tuensang,Near Graveyard of Tuensang,26.264444,94.815556,Rock,Slide,NA
4176,NAG/TUEN/83J11/2015/ 0117,Nagaland,Tuensang,Chungliyemti Village,26.272028,94.585056,Debris,Slide,NA
4177,NG/TUE/83J15/2017/3,Nagaland,Tuensang,Sangsangyu Village,26.326944,94.896667,Debris,Subsidence,NA
4178,NAG/TUE/83J15/2009/F-13,Nagaland,Tuensang,Ajang (Bhumbak Village),26.36083,94.84,Rock,Rock fall,04 June 2009
4179,NAG/TUE/83J15/2009/F-11,Nagaland,Tuensang,Noksen-Tuengsang road slide,26.38778,94.82583,Debris,Slide,20 August 2009
4180,NG/TUE/83J15/2017/50,Nagaland,Tuensang,2.7 km S of Ukha,26.4175,94.960278,Debris,Slide,NA
4181,NG/TUE/83J15/2017/52,Nagaland,Tuensang,5.1 km S of Ukha,26.418333,94.968056,Debris,Slide,NA
4182,NAG/WOK/83K1/2016/167,Nagaland,Wokha,Tuqulika,25.817194,94.280058,Debris,Slide,NA
4183,NAG/WOK/83K1/2016/138,Nagaland,Wokha,Nearly 5 km SE of Tesophinyu,25.979897,94.152281,Debris,Slide,NA
4184,NAG/WOK/83K1/2016/154,Nagaland,Wokha,Longchum village,25.985317,94.021903,Debris,Slide,NA
4185,NAG/WOK/83K1/2016/155,Nagaland,Wokha,Longchum village,25.99875,94.026203,Debris,Slide,NA
4186,NL/WOK/83F16/2018/11,Nagaland,Wokha,Ralan-11 Ralan-Woroku road,26.0034,93.9855,Debris,Slide,NA
4187,NL/WOK/83F16/2018/8,Nagaland,Wokha,Ralan-8 Ralan-Woroku road,26.0044,93.9789,Debris,Slide,NA
4188,NAG/WOK/83J/4/2016/0105,Nagaland,Wokha,1.5 km SW of New Ralan,26.006028,94.003194,Debris,Slide,NA
4189,NAG/WOK/83J/4/2016/0100,Nagaland,Wokha,Between New Ralan to,26.008333,94.032333,Debris,Slide,2016
4190,NAG/WOKH/83J08/2015/0037,Nagaland,Wokha,"NH 61, Near NST Bus accident",26.022278,94.257556,Rock,Slide,NA
4191,NAG/WOKH/83J08/2015/0034,Nagaland,Wokha,Wokha to Kohima road. Near,26.033528,94.257306,Rock,Slide,NA
4192,NAG/WOK/83J/4/2016/0106,Nagaland,Wokha,2 km NE of Woroko,26.037381,94.037386,Rock,Slide,NA
4193,NAG/WOK/83J/4/2016/0088,Nagaland,Wokha,1 km NW of Pyotchu,26.055011,94.044322,Rock,Slide,NA
4194,NAG/WOK/83J/4/2016/0070,Nagaland,Wokha,Longsa,26.059222,94.2445,Debris,Slide,NA
4195,NAG/WOK/83J/4/2016/0069,Nagaland,Wokha,4.3 km SW of Wohka,26.069722,94.223444,Debris,Subsidence,NA
4196,NAG/WOK/83J/4/2016/0085,Nagaland,Wokha,1.5 km SW of Longtsung,26.091528,94.100806,Debris,Slide,2016
4197,NAG/WOKH/83J08/2015/0032,Nagaland,Wokha,Wokha Town,26.094778,94.259278,Debris,Slide,NA
4198,NAG/WOK/83J/4/2016/0083,Nagaland,Wokha,500m SW of Longtsung,26.098056,94.105472,Rock,Slide,NA
4199,NAG/WOKH/83J08/2015/0027,Nagaland,Wokha,NH 61,26.113333,94.338611,Rock,Slide,NA
4200,7408,Nagaland,Wokha,,26.114159,94.338471,Debris,Slide,NA
4201,NAG/WOKH/83J08/2015/0021,Nagaland,Wokha,4km East of Wokha,26.114222,94.254417,Rock,Slide,NA
4202,NAG/WOKH/83J08/2015/0017,Nagaland,Wokha,NH-61/ 10 km NE of Wokha,26.117194,94.336972,Rock,Slide,NA
4203,NAG/WOKH/83J08/2015/0022,Nagaland,Wokha,"7 km East of Wokha, NH 61",26.123806,94.294889,Rock,Slide,NA
4204,NAG/WOKH/83J08/2015/0054,Nagaland,Wokha,3 km south of Nungyimg Village,26.127222,94.306444,Rock,Slide,NA
4205,NAG/WOK/83J/4/2016/0066,Nagaland,Wokha,Yekhum to Wokha,26.155083,94.250361,Rock,Slide,NA
4206,NAG/WOK/83J/4/2016/0075,Nagaland,Wokha,Tsopo village,26.179,94.182611,Debris,Slide,NA
4207,NAG/WOKH/83J08/2015/0046,Nagaland,Wokha,Old Rephium Village,26.182583,94.263361,Rock,Slide,NA
4208,NAG/WOKH/83J08/2015/0045,Nagaland,Wokha,"New Rephium Village, near",26.182611,94.264861,Debris,Subsidence,NA
4209,NAG/WOKH/83J08/2015/0048,Nagaland,Wokha,Near New Changsu Village,26.193,94.292972,Rock,Slide,NA
4210,NAG/WOK/83J/4/2016/0037,Nagaland,Wokha,Doyang to Sanis Road,26.205889,94.221583,Debris,Slide,NA
4211,NAG/WOK/83J/4/2016/0038,Nagaland,Wokha,Doyang to Sanis Road,26.206111,94.223333,Debris,Slide,NA
4212,NAG/WOK/83J/4/2016/0034,Nagaland,Wokha,Doyang to Sanis Road,26.206528,94.223333,Debris,Slide,2016
4213,NAG/WOK/83J/4/2016/0032,Nagaland,Wokha,Doyang to Sanis Road,26.212861,94.235889,Rock,Slide,2016
4214,NAG/WOK/83J/4/2016/0030,Nagaland,Wokha,Doyang to Sanis Road,26.216583,94.240556,Debris,Slide,2016
4215,NAG/WOK/83J/4/2016/0046,Nagaland,Wokha,Sanis to Bhagti Road,26.222306,94.214056,Debris,Slide,NA
4216,NAG/WOK/83J/4/2016/0059,Nagaland,Wokha,Baghty,26.239167,94.200611,Debris,Slide,NA
4217,NA/WOK/83J03/2020/9,Nagaland,Wokha,Merapani-Wokha rd,26.26,94.15,Rock,Slide,NA
4218,NA/WOK/83J03/2020/5,Nagaland,Wokha,Bhandari,26.29,94.11,Rock,Slide,NA
4219,NAG/WOK/83J/7/2016/0092,Nagaland,Wokha,Akuk village,26.331333,94.280389,Debris,Slide,2016
4220,NAG/ZUN/83K5/2016/166,Nagaland,Zunheboto,Khutsami,25.770917,94.357322,Debris,Slide,NA
4221,6791,Nagaland,Zunheboto,,25.840229,94.435067,Rock,Slide,NA
4222,6873,Nagaland,Zunheboto,,25.840342,94.435119,Rock,Slide,NA
4223,NAG/ZUN/83K5/2016/020,Nagaland,Zunheboto,Kilomi New,25.866722,94.372639,Debris,Slide,NA
4224,NAG/ZUN/83K5/2016/024,Nagaland,Zunheboto,Mukhalimi,25.869194,94.324889,Rock,Rock fall,NA
4225,NAG/ZUN/83K5/2016/018,Nagaland,Zunheboto,Khuivi,25.876778,94.462028,Debris,Slide,NA
4226,NAG/ZUN/83K5/2016/022,Nagaland,Zunheboto,Mukhalimi,25.87975,94.358722,Debris,Slide,NA
4227,NAG/ZUN/83K5/2016/149,Nagaland,Zunheboto,Nearly 5 km SE of Satakha,25.893042,94.45835,Debris,Slide,NA
4228,NAG/ZUN/83K5/2016/016,Nagaland,Zunheboto,Chishilimi,25.901611,94.393694,Earth,Slide,NA
4229,NAG/ZUN/83K5/2016/150,Nagaland,Zunheboto,Nearly 4 km E of Satakha,25.909153,94.477497,Debris,Slide,NA
4230,6793,Nagaland,Zunheboto,Kilo old Kilo old,25.914367,94.458981,Rock,Slide,NA
4231,NAG/ZUN/83K5/2016/017,Nagaland,Zunheboto,Satakha,25.917361,94.452556,Rock,Rock fall,NA
4232,6868,Nagaland,Zunheboto,,25.926408,94.469758,Rock,Slide,NA
4233,5755,Nagaland,Zunheboto,aghunato aghunato,26.003224,94.611549,Debris,Slide,NA
4234,5723,Nagaland,Zunheboto,273 273,26.015488,94.535665,Debris,Slide,NA
4235,5765,Nagaland,Zunheboto,Aquba 1 Aquba 1,26.018177,94.577412,Debris,Slide,NA
4236,NAG/ZUN/83J12/2016/0008,Nagaland,Zunheboto,Natha Old,26.020603,94.50632,Rock,Slide,2011
4237,5773,Nagaland,Zunheboto,Tizu Iland 7 Tizu Iland 7,26.030632,94.593978,,Slide,NA
4238,5772,Nagaland,Zunheboto,Tizu Iland 5 Tizu Iland 5,26.035793,94.593109,,Fall,NA
4239,NAG/ZUN/83J12/2016/0057,Nagaland,Zunheboto,4 km N of Aghunato,26.037847,94.635525,Rock,Slide,NA
4240,NAG/ZUN/83J12/2016/0004,Nagaland,Zunheboto,5 km north of Zunheboto Town,26.0415,94.522444,Rock,Slide,NA
4241,NAG/ZUN/83J12/2016/0005,Nagaland,Zunheboto,"50 m North of L8, along the",26.041525,94.523238,Rock,Slide,NA
4242,NAG/ZUNH/83J08/2015/ 0091,Nagaland,Zunheboto,Way to Asukhuto from Rotomi,26.073778,94.482194,Rock,Slide,NA
4243,NAG/ZUNH/83J08/2015/ 0063,Nagaland,Zunheboto,"Old Rotomi Village, 12km SE of",26.076583,94.433611,Rock,Subsidence,NA
4244,NAG/ZUN/83J12/2016/0020,Nagaland,Zunheboto,Lokhomi Village,26.07675,94.558611,Rock,Slide,NA
4245,NAG/ZUNH/83J08/2015/ 0066,Nagaland,Zunheboto,3 km West of Asukhuto Village.,26.080917,94.481697,Rock,Slide,NA
4246,NAG/ZUNH/83J08/2015/ 0068,Nagaland,Zunheboto,NH 61,26.112639,94.405194,Rock,Slide,NA
4247,NAG/ZUNH/83J08/2015/ 0072,Nagaland,Zunheboto,"NH 61, Lithami Village",26.182056,94.409639,Rock,Slide,NA
4248,NAG/ZUN/83J12/2017/0079,Nagaland,Zunheboto,4 km W of Tichipami village,26.194204,94.554867,Rock,Slide,NA
4249,NAG/ZUNH/83J08/2015/ 0076,Nagaland,Zunheboto,Zaphumi Village,26.232694,94.473083,Rock,Slide,NA
4250,NAG/ZUNH/83J08/2015/ 0074,Nagaland,Zunheboto,12 km SW of Mokokchung on,26.247056,94.479694,Rock,Slide,NA
4251,26775,Sikkim,/East,Sikkim/ 78A10/ Sikkim North Sikkim Shipgyer village NH10,27.55704444,88.57932222,Debris,Slide,2019
4252,26781,Sikkim,/Namchi/78,A07/2022/01 Sikkim Namchi 7th Mile_ Legship-Ravangla Road Legship-Ravangla Road,27.28847,88.30139,Debris,Slide,10 July 2022 from 8:30 hrs. to 10:00
4253,26731,Sikkim,/North,Sikkim/SV01 Sikkim North Sikkim Shipgyer village Village road,27.54975833,88.57530833,Debris,Slide,2020
4254,SKM/ES/78A2/2015/168,Sikkim,East,Sikkim Namchi-Namthang Road,27.158111,88.512472,Debris,Slide,NA
4255,SKM/ES/78A12/2015/141,Sikkim,East,Sikkim NH-31A,27.179639,88.519778,Debris,Slide,NA
4256,SKM/ES/78A12/2015/142,Sikkim,East,Sikkim NH-31A,27.180528,88.518611,Debris,Slide,NA
4257,SKM/ES/78A12/2015/144,Sikkim,East,Sikkim NH-31A,27.182111,88.508,Rock,Slide,NA
4258,SKM/ES/78A12/2015/107,Sikkim,East,Sikkim Rorathang-Rongli Road,27.195703,88.625444,Debris,Slide,NA
4259,SKM/ES/78A12/2015/132,Sikkim,East,Sikkim Rhenak Road,27.201875,88.667278,Debris,Slide,NA
4260,SK/NS/78 A10/ 2022/Taronag,Sikkim,East,Sikkim Taronag Slide Rorathnag-Rongli road,27.20258333,88.65547222,Rock,Slide,2021
4261,SKM/ES/78A12/2015/114,Sikkim,East,Sikkim Rorathang-Rongli Road,27.203869,88.658333,Debris,Slide,NA
4262,SKM/ES/78A12/2015/118,Sikkim,East,Sikkim Rorathang-Rongli Road,27.206653,88.679953,Rock,Rock fall,NA
4263,SKM/ES/78A12/2015/35,Sikkim,East,Sikkim Rangpo-Rorathang Road,27.2115,88.58775,Debris,Slide,NA
4264,SKM/ES/78A12/2015/36,Sikkim,East,Sikkim Rangpo-Rorathang Road,27.212222,88.587889,Debris,Slide,NA
4265,SKM/ES/78A12/2015/37,Sikkim,East,Sikkim Rangpo-Rorathang Road,27.214806,88.588083,Debris,Slide,NA
4266,SKM/ES/78A12/2015/131,Sikkim,East,Sikkim Rhenak-Kopchey Road,27.22075,88.699833,Debris,Slide,NA
4267,SKM/ES/78A11/2015/14,Sikkim,East,Sikkim NULL,27.220861,88.657111,Debris,Slide,NA
4268,SK/ES/78 A11/SD,Sikkim,East,Sikkim Singtam-Dikchu North Sikkim Highway,27.23444444,88.49083333,Rock,Slide,NA
4269,SKM/ES/78A12/2015/30,Sikkim,East,Sikkim NULL,27.23575,88.602389,Debris,Slide,NA
4270,SKM/ES/78A12/2015/121,Sikkim,East,Sikkim Machong-Rongli Road,27.235917,88.645167,Rock,Rock fall,NA
4271,SKM/ES/78A12/2015/20,Sikkim,East,Sikkim NH-31A,27.236583,88.509611,Debris,Slide,NA
4272,SKM/ES/78A08/2015/51,Sikkim,East,Sikkim Singtam-Dikchu Road,27.240861,88.486278,Debris,Slide,NA
4273,SK/ES/78 A11/KL,Sikkim,East,Sikkim Khamdong Landslide Singtam Dikchu Road,27.25061389,88.46280278,Debris,Slide,2021
4274,SK/ES/78 A11/SKIII,Sikkim,East,Sikkim Sang Khola III Sang Khola,27.25333333,88.53194444,Rock,Slide,2020
4275,SKM/ES/78A11/2015/124,Sikkim,East,Sikkim Machong-Rongli Road,27.257083,88.696583,Debris,Slide,NA
4276,SKM/ES/78A11/2015/125,Sikkim,East,Sikkim Machong-Rongli Road,27.257139,88.697556,Debris,Slide,NA
4277,SKM/NS/78A15/2017/164,Sikkim,East,Sikkim SH,27.2615,88.788778,Debris,Slide,NA
4278,SKM/NS/78A15/2017/161,Sikkim,East,Sikkim SH,27.26525,88.789556,Debris,Slide,NA
4279,SKM/NS/78A15/2017/162,Sikkim,East,Sikkim SH,27.265389,88.788278,Debris,Slide,NA
4280,SKM/NS/78A15/2017/159,Sikkim,East,Sikkim Lungthang SH,27.279972,88.804278,Debris,Slide,NA
4281,SKM/NS/78A15/2017/157,Sikkim,East,Sikkim Nathang Valley SH,27.292583,88.820417,Debris,Slide,NA
4282,SKM/ES/78A11/2015/47,Sikkim,East,Sikkim Khamdong NULL,27.315083,88.506056,Debris,Slide,NA
4283,SKM/ES/78A11/2015/44,Sikkim,East,Sikkim Sangmoo Lingdum Road,27.316,88.559889,Rock,Slide,NA
4284,SK/ES/78 A11/S,Sikkim,East,Sikkim Singbel Slide Khamdong-Dung Dung road,27.31663889,88.45861111,Debris,Slide,2021
4285,SKM/ES/78A11/2015/45,Sikkim,East,Sikkim Lingdum Lingdum Road,27.316944,88.560056,Rock,Rock fall,NA
4286,SK/ES/78 A11/PGS-I,Sikkim,East,Sikkim Paani House slide I NH-10,27.32320833,88.60986944,Debris,Slide,19 October 2021 at 20:00 hrs.
4287,SK/ES/78 A11/SG-1,Sikkim,East,Sikkim Sisa Golai Slide I NH-10,27.32663889,88.61016667,Debris,Subsidence,1 June 2021 at 10:30 hrs.
4288,SKM/ES/78A11/2015/417,Sikkim,East,Sikkim Changhu_Nathula Road,27.337194,88.621833,Debris,Slide,NA
4289,SK/ES/78 A11/TG-I,Sikkim,East,Sikkim Tamang Gompa Slide-I Near Tamang Gompa,27.33972222,88.62055556,Debris,Slide,8 June 2021 at night
4290,SK/ES/78 A11/SW-II,Sikkim,East,Sikkim Swastik-II NH-10,27.35333333,88.61666667,Debris,Slide,NA
4291,SK/ES/78 A11/SW-1,Sikkim,East,Sikkim Swastik Market Slide NH-10,27.35694444,88.61833333,,Slide,NA
4292,SKM/NS/78A15/2017/155,Sikkim,East,Sikkim SH,27.358583,88.840194,Debris,Slide,NA
4293,SK/ES/78 A11/LB-I,Sikkim,East,Sikkim Lower Burtuk Indra by-pass,27.35861111,88.62027778,Debris,Slide,NA
4294,SKM/NS/78A15/2017/153,Sikkim,East,Sikkim Naya Baba Mandir SH,27.364722,88.834917,Debris,Slide,NA
4295,SKM/NS/78A15/2017/149,Sikkim,East,Sikkim SH,27.368917,88.794611,Debris,Slide,NA
4296,SK/ES/78 A/07/2021/14,Sikkim,East,Sikkim Dikchu-Samdong road Near Jurassic Park Sikkim,27.3699335,88.4859279,Debris,Slide,23 August 2021
4297,SKM/ES/78A11/2015/406,Sikkim,East,Sikkim Changhu_Nathula Road,27.370472,88.686417,Debris,Slide,NA
4298,SK/ES/78 A11/TVP-I,Sikkim,East,Sikkim Tashi View Point -I National Highway to Mangan,27.37055556,88.61611111,Debris,Slide,5 June 2021 in the midnight
4299,SKM/ES/78A11/2015/408,Sikkim,East,Sikkim Changhu_Nathula Road,27.37075,88.679444,Debris,Slide,NA
4300,SKM/ES/78A11/2015/399,Sikkim,East,Sikkim Changhu_Nathula Road,27.371472,88.709722,Debris,Slide,NA
4301,SKM/ES/78 A11/2022/TVP-I1,Sikkim,East,"Sikkim Tashi view point-II(TVP-II) NH-10, Gangtok-Mangan",27.37211111,88.61671944,Debris,Slide,29 May 2022
4302,SKM/ES/78A11/2015/404,Sikkim,East,Sikkim Changhu_Nathula Road,27.372278,88.688944,Debris,Slide,NA
4303,SKM/NS/78A15/2017/145,Sikkim,East,Sikkim Thengu SH,27.378306,88.770083,Debris,Slide,NA
4304,SKM/ES/78A11/2015/402,Sikkim,East,Sikkim Changhu_Nathula Road,27.378417,88.697222,Debris,Slide,NA
4305,SKM/NS/78A15/2017/152,Sikkim,East,Sikkim SH,27.380861,88.812361,Debris,Slide,NA
4306,SKM/ES/78A11/2015/61,Sikkim,East,Sikkim North Sikkim Highway,27.381278,88.632611,Rock,Rock fall,NA
4307,SK/ES/78A11/2021/1,Sikkim,East,"Sikkim Shotak slide Along Burtuk Kabi Road, East of",27.38155556,88.63883333,Debris,Slide,
4308,SKM/ES/78A11/2015/63,Sikkim,East,Sikkim North Sikkim Highway,27.381917,88.640333,Rock,Rock fall,NA
4309,SKM/NS/78A15/2017/151,Sikkim,East,Sikkim Sherethang SH,27.38375,88.808694,Debris,Slide,NA
4310,SKM/ES/78A11/2015/64,Sikkim,East,Sikkim North Sikkim Highway,27.384444,88.639611,Rock,Slide,NA
4311,SKM/GD/78 A011/2023/ Luing,Sikkim,Gangtok,"District Luing Landslide Luing Village, Gangtok",27.36552778,88.61596667,Debris,Slide,2023
4312,SKM/MAN/78A11/11/2023,Sikkim,Mangan,South Dikchu Dikchu-Makha Road,27.40251944,88.51868056,Debris,Slide,4 October 2023
4313,SKM/ND/78 A03/2023/Muyung-,Sikkim,Namchi,"Muyung-02 Landslide Muyung Village, Dentam-",27.27872778,88.12502778,Debris,Debris flow,23 September 2023
4314,SKM/NS/78A11/2015/78,Sikkim,North,Sikkim Gangtok-Chungthang Road,27.374583,88.542444,Rock,Rock fall,NA
4315,SKM/NS/78A11/2015/02,Sikkim,North,Sikkim North Sikkim Highway,27.374583,88.542333,Debris,Slide,NA
4316,SKM/NS/78A11/2015/79,Sikkim,North,Sikkim Gangtok-Chungthang Road,27.375139,88.542833,Rock,Rock fall,NA
4317,SKM/NS/78A11/2015/82,Sikkim,North,Sikkim Dikchu-Mangshila Road,27.395556,88.517528,Rock,Slide,NA
4318,SKM/NS/78A11/2015/76,Sikkim,North,Sikkim North Sikkim Highway,27.40825,88.571167,Rock,Slide,NA
4319,SKM/NS/78A11/2015/77,Sikkim,North,Sikkim North Sikkim Highway,27.409667,88.543722,Rock,Rock fall,NA
4320,SKM/NS/78A11/2015/71,Sikkim,North,Sikkim North Sikkim Highway,27.417389,88.621222,Debris,Slide,NA
4321,SKM/NS/78A11/2015/84,Sikkim,North,Sikkim Dikchu-Mangshila Road,27.420028,88.515944,Rock,Rock fall,NA
4322,SKM/NS/78A11/2015/74,Sikkim,North,Sikkim North Sikkim Highway,27.426361,88.583028,Debris,Slide,NA
4323,SKM/NS/78A11/2015/86,Sikkim,North,Sikkim Dikchu-Mangshila Road,27.433083,88.514528,Debris,Slide,NA
4324,SKM/NS/78A11/2015/10,Sikkim,North,Sikkim Sheyam North Sikkim Highway,27.436556,88.526639,Debris,Slide,NA
4325,SKM/NS/78A11/2015/12,Sikkim,North,Sikkim North Sikkim Highway,27.438778,88.527444,Debris,Slide,NA
4326,SKM/NS/78A11/2015/92,Sikkim,North,Sikkim North Sikkim Highway,27.4795,88.528472,Rock,Slide,NA
4327,SKM/NS/78A11/2015/93,Sikkim,North,Sikkim North Sikkim Highway,27.482583,88.52875,Rock,Slide,NA
4328,SKM/NS/78A11/2015/94,Sikkim,North,Sikkim North Sikkim Highway,27.482583,88.529528,Debris,Slide,NA
4329,SKM/NOR/78A11/2014/006,Sikkim,North,Sikkim Ambithang Landslide Ambithang (On Rangrang-,27.48603,88.53269,Debris,Slide,8 July 2014
4330,SKM/NOR/78A10/2014/005,Sikkim,North,Sikkim Lanthakhola Lanthakhola (On Mangan to,27.5152,88.56456,Debris,Slide,8 July 2014
4331,SKM/NS/78A10/2017/176,Sikkim,North,Sikkim NH,27.527722,88.607972,Debris,Slide,NA
4332,SKM/NS/78A10/2017/174,Sikkim,North,Sikkim NH,27.527917,88.60225,Debris,Slide,NA
4333,SKM-09/2012-13,Sikkim,North,Sikkim Rubom Slide On Mangan-Chungthang,27.52838889,88.59972222,Debris,Slide,22 June 2012
4334,SKM/NS/78A10/2017/192,Sikkim,North,Sikkim NH,27.553556,88.581222,Debris,Slide,NA
4335,SKM-10/2012-13,Sikkim,North,Sikkim Singik Slide On Mangan-Chungthang road,27.56941667,88.65272222,Debris,Slide,22 June 2012
4336,SKM-07/2012-13,Sikkim,North,Sikkim Theng Slide On Mangan-Chungthang road,27.57502778,88.65402778,Debris,Slide,22 June 2012
4337,SKM-06/2012-13,Sikkim,North,Sikkim Pegong Slide Mangan-Chungthang road,27.59027778,88.65394444,Debris,Slide,26 June 2012
4338,SKM/NS/78A10/2017/197,Sikkim,North,Sikkim Chungthang NH,27.609056,88.652028,Debris,Slide,NA
4339,SKM/NS/78A10/2017/199,Sikkim,North,Sikkim NH,27.613444,88.656528,Debris,Slide,NA
4340,SKM/NS/78A10/2017/230,Sikkim,North,Sikkim NH,27.61775,88.623639,Debris,Slide,NA
4341,SKM/NS/78A10/2017/202,Sikkim,North,Sikkim NH,27.629361,88.695194,Debris,Slide,NA
4342,SKM/NS/78A10/2017/203,Sikkim,North,Sikkim NH,27.637167,88.712028,Debris,Slide,NA
4343,SK/ES/78 A10/LS,Sikkim,North,Sikkim Lachung Landslide Chungthang-Lachung Road,27.68445278,88.7379,Debris,Slide,2021
4344,SKM/NS/78A10/2017/221,Sikkim,North,Sikkim NH,27.700444,88.566083,Debris,Slide,NA
4345,SKM/NS/78A10/2017/220,Sikkim,North,Sikkim NH,27.701333,88.565083,Debris,Slide,NA
4346,SKM/Pakyong/78A12/2023,Sikkim,Pakyong,Rangpo Check Post Gangtok-Siliguri Road,27.17748333,88.52165833,Debris,Slide,4 October 2023
4347,SKM/ES/78 A12/2022/Kitgolai,Sikkim,Pakyong,Kitgolai Landslide SH-717,27.21391667,88.60833333,Debris,Slide,25 August 2022
4348,SKM/Soreng/78A08/2022/Kamli,Sikkim,Soreng,Kamling Jorethang-Legship Road,27.190191,88.325507,Debris,Slide,2022
4349,SKM/SS/78A08/2015/253,Sikkim,South,Sikkim Pachekhani-Melli Road,27.093278,88.457444,Debris,Slide,NA
4350,SKM/SS/78A08/2015/260,Sikkim,South,Sikkim Melli-Sumbuk Road,27.097833,88.3785,Debris,Slide,NA
4351,SKM/SS/78A08/2015/245,Sikkim,South,Sikkim Pachekhani-Melli Road,27.098417,88.400167,Debris,Slide,NA
4352,SKM/SS/78A08/2015/243,Sikkim,South,Sikkim Pachekhani-Melli Road,27.101111,88.403333,Debris,Slide,NA
4353,SKM/SS/78A08/2015/251,Sikkim,South,Sikkim Pachekhani-Melli Road,27.106694,88.449389,Debris,Slide,NA
4354,SKM/SS/78A08/2015/313,Sikkim,South,Sikkim Melli-Rabikhola Road,27.129,88.441361,Debris,Slide,NA
4355,SKM/SS/78A08/2015/217,Sikkim,South,Sikkim Sadam-Bhajyang Road,27.133583,88.404583,Rock,Rock fall,NA
4356,SKM/SS/78A08/2015/325,Sikkim,South,Sikkim Namchi-Kitam Road,27.137667,88.342694,Debris,Slide,NA
4357,SKM/SS/78A07/2015/326,Sikkim,South,Sikkim Melli-Jorethang Road,27.149722,88.348333,Debris,Slide,NA
4358,SKM/SS/78A08/2015/215,Sikkim,South,Sikkim Sadam-Bhajyang Road,27.153083,88.412056,Debris,Slide,NA
4359,SKM/SS/78A08/2015/310,Sikkim,South,Sikkim Melli-Phong Road,27.154722,88.443056,Debris,Slide,NA
4360,SKM/SS/78A08/2015/177,Sikkim,South,Sikkim Namchi-Namthang Road,27.158111,88.491722,Debris,Slide,NA
4361,SKM/SS/78A08/2015/303,Sikkim,South,Sikkim Namthang-Kabrey Road,27.158583,88.466306,Rock,Rock fall,NA
4362,SKM/SS/78A12/2015/174,Sikkim,South,Sikkim Namchi-Namthang Road,27.160722,88.505889,Debris,Slide,NA
4363,SKM/SS/78A12/2015/171,Sikkim,South,Sikkim Namchi-Namthang Road,27.161306,88.512944,Debris,Slide,NA
4364,SKM/SS/78A12/2015/172,Sikkim,South,Sikkim Namchi-Namthang Road,27.162194,88.510611,Debris,Slide,NA
4365,SKM/SS/78A08/2015/212,Sikkim,South,Sikkim Namchi-Namthang Road,27.16275,88.383306,Earth,Slide,NA
4366,SKM/SS/78A08/2015/179,Sikkim,South,Sikkim Namchi-Namthang Road,27.162781,88.484864,Debris,Slide,NA
4367,SKM/SS/78A08/2015/214,Sikkim,South,Sikkim Namchi-Namthang Road,27.16375,88.406417,Rock,Slide,NA
4368,SKM/SS/78A08/2015/213,Sikkim,South,Sikkim Namchi-Namthang Road,27.166528,88.401333,Debris,Slide,NA
4369,SKM/SS/78A08/2015/304,Sikkim,South,Sikkim Perbing-Chuba Road,27.166611,88.417528,Debris,Slide,NA
4370,SKM/SS/78A08/2015/302,Sikkim,South,Sikkim NULL,27.169028,88.486333,Debris,Slide,NA
4371,SKM/SS/78A08/2015/296,Sikkim,South,Sikkim Namchi-Jorthang Road,27.173917,88.38525,Rock,Slide,NA
4372,SKM/SS/78A08/2015/300,Sikkim,South,Sikkim Namchi-Jorthang Road,27.175778,88.402417,Debris,Slide,NA
4373,SKM/SS/78A08/2015/305,Sikkim,South,Sikkim Perbing-Chuba Road,27.176,88.429556,Debris,Slide,NA
4374,SKM/SS/78A08/2015/197,Sikkim,South,Sikkim Namchi-Damthang Road,27.189222,88.391056,Debris,Slide,NA
4375,SKM/SS/78A08/2015/206,Sikkim,South,Sikkim Kholaghari village Road,27.194333,88.388889,Debris,Slide,NA
4376,SKM/SS/78A08/2015/205,Sikkim,South,Sikkim Kholaghari village Road,27.215056,88.393306,Debris,Slide,NA
4377,SKM/SS/78A08/2015/195,Sikkim,South,Sikkim Namchi-Damthang Road,27.21525,88.402278,Debris,Slide,NA
4378,SKM/SS/78A08/2015/194,Sikkim,South,Sikkim Namchi-Damthang Road,27.220972,88.397639,Debris,Slide,NA
4379,SKM/SS/78A08/2015/188,Sikkim,South,Sikkim Temi village Road,27.2215,88.370667,Debris,Slide,NA
4380,SKM/SS/78A08/2015/201,Sikkim,South,Sikkim Kholaghari village Road,27.221778,88.390861,Debris,Slide,NA
4381,SKM/SS/78A12/2015/147,Sikkim,South,Sikkim NH-31A,27.223833,88.491833,Debris,Slide,NA
4382,SKM/SS/78A08/2015/187,Sikkim,South,Sikkim Temi village Road,27.224778,88.372083,Debris,Slide,NA
4383,SKM/SS/78A12/2015/149,Sikkim,South,Sikkim Singtam-Dikchu Road,27.228556,88.493889,Debris,Slide,NA
4384,SKM/SS/78A08/2015/185,Sikkim,South,Sikkim Temi village Road,27.229417,88.378444,Debris,Slide,NA
4385,SKM/SS/78A08/2015/360,Sikkim,South,Sikkim NULL,27.235861,88.433167,Debris,Slide,NA
4386,7253,Sikkim,South,Sikkim NHPC TEESTA V POWER HOUSE,27.25102,88.460004,Rock,Slide,2024
4387,SKM/SS/78A07/2015/193,Sikkim,South,Sikkim Ben village Road,27.255167,88.396944,Debris,Slide,NA
4388,SKM/SS/78A07/2015/327,Sikkim,South,Sikkim NULL,27.257417,88.418889,Debris,Slide,NA
4389,SKM/SS/78A07/2015/328,Sikkim,South,Sikkim NULL,27.259306,88.423028,Debris,Slide,NA
4390,SKM/SS/78A07/2015/329,Sikkim,South,Sikkim NULL,27.262056,88.4305,Debris,Slide,NA
4391,SKM/SS/78A07/2015/334,Sikkim,South,Sikkim Robang-Tarku Road,27.282,88.415028,Debris,Slide,NA
4392,SKM/SS/78A07/2015/292,Sikkim,South,Sikkim Gangla village Road,27.287194,88.369444,Debris,Slide,NA
4393,SK/ES/78 A/07/2021/13,Sikkim,South,"Sikkim Tokdey block, Lingmoo Tokdey",27.3250091,88.4704442,Debris,Slide,23 August 2021
4394,SKM/SS/78A07/2015/53,Sikkim,South,Sikkim Chongrang Road,27.351194,88.272417,Rock,Rock fall,NA
4395,SKM/SS/78A07/2015/342,Sikkim,South,Sikkim Lingmo village Road,27.366944,88.449806,Debris,Slide,NA
4396,SKM/WS/78A08/2015/315,Sikkim,West,Sikkim Melli-Jorethang Road,27.110583,88.340472,Debris,Slide,NA
4397,SKM/NS/78A04/2017/128,Sikkim,West,Sikkim SH,27.1215,88.142222,Debris,Slide,NA
4398,SKM/NS/78A04/2017/102,Sikkim,West,Sikkim SH,27.123833,88.225333,Debris,Slide,NA
4399,SKM/WS/78A08/2015/319,Sikkim,West,Sikkim Melli-Jorethang Road,27.12825,88.292194,Debris,Slide,NA
4400,SKM/NS/78A04/2017/101,Sikkim,West,Sikkim SH,27.141,88.211194,Debris,Slide,NA
4401,SKM/WS/78A08/2015/267,Sikkim,West,Sikkim Namchi-Assangthang Road,27.153306,88.3135,Debris,Slide,NA
4402,SKM/WS/78A08/2015/379,Sikkim,West,Sikkim NULL,27.1545,88.275667,Debris,Slide,NA
4403,SKM/NS/78A04/2017/119,Sikkim,West,Sikkim SH,27.157694,88.092833,Debris,Slide,NA
4404,SKM/NS/78A04/2017/97,Sikkim,West,Sikkim SH,27.157806,88.230306,Debris,Slide,NA
4405,SKM/NS/78A04/2017/140,Sikkim,West,Sikkim SH,27.158056,88.141528,Debris,Slide,NA
4406,SKM/WS/78A08/2015/270,Sikkim,West,Sikkim Namchi-Assangthang Road,27.158222,88.34325,Debris,Slide,NA
4407,SKM/NS/78A04/2017/134,Sikkim,West,Sikkim SH,27.158222,88.100361,Debris,Slide,NA
4408,SKM/NS/78A04/2017/133,Sikkim,West,Sikkim SH,27.161,88.094306,Debris,Slide,NA
4409,SKM/NS/78A04/2017/141,Sikkim,West,Sikkim SH,27.163861,88.141361,Debris,Slide,NA
4410,SKM/NS/78A04/2017/110,Sikkim,West,Sikkim SH,27.171639,88.159333,Debris,Slide,NA
4411,SKM/NS/78A04/2017/136,Sikkim,West,Sikkim Ribdi SH,27.172444,88.089528,Earth,Slide,NA
4412,SKM/WS/78A08/2015/351,Sikkim,West,Sikkim legship-Sikkip Road,27.186361,88.320417,Debris,Slide,NA
4413,SKM/NS/78A03/2017/84,Sikkim,West,Sikkim SH,27.186611,88.206278,Earth,Slide,NA
4414,SKM/NS/78A03/2017/80,Sikkim,West,Sikkim SH,27.2195,88.210222,Debris,Slide,NA
4415,SKM/WS/78A08/2015/373,Sikkim,West,Sikkim Sangadorji-Bum Road,27.220472,88.281028,Debris,Slide,NA
4416,SKM/WS/78A08/2015/392,Sikkim,West,Sikkim Tinktitam village Road,27.226556,88.308861,Debris,Slide,NA
4417,SKM/NS/78A04/2017/94,Sikkim,West,Sikkim SH,27.227528,88.219639,Debris,Slide,NA
4418,SKM/NS/78A04/2017/68,Sikkim,West,Sikkim SH,27.233194,88.246361,Debris,Slide,NA
4419,SKM/WS/78A08/2015/390,Sikkim,West,Sikkim Tinktitam village Road,27.237917,88.30475,Rock,Slide,NA
4420,SKM/NS/78A04/2017/72,Sikkim,West,Sikkim Upper Bermiok SH,27.245028,88.226861,Debris,Slide,NA
4421,SKM/NS/78A04/2017/44,Sikkim,West,Sikkim SH,27.246944,88.184833,Debris,Slide,NA
4422,SKM/NS/78A04/2017/73,Sikkim,West,Sikkim Budha Bari SH,27.247111,88.225222,Debris,Slide,NA
4423,SKM/NS/78A04/2017/01,Sikkim,West,Sikkim Upper Bega SH,27.248583,88.117444,Debris,Slide,NA
4424,SKM/NS/78A04/2017/02,Sikkim,West,Sikkim Upper Bega SH,27.248833,88.117194,Debris,Slide,NA
4425,SKM/NS/78A03/2017/42,Sikkim,West,Sikkim Hee Pool SH,27.252139,88.176944,Rock,Slide,NA
4426,SKM/WS/78A07/2015/365,Sikkim,West,Sikkim Kaluk-Rinchenpong Road,27.252167,88.272778,Rock,Rock fall,NA
4427,SKM/NS/78A03/2017/38,Sikkim,West,Sikkim Sangkhu SH,27.255861,88.156139,Debris,Slide,NA
4428,SKM/NS/78A03/2017/78,Sikkim,West,Sikkim SH,27.258389,88.246611,Debris,Slide,NA
4429,SKM/NS/78A03/2017/41,Sikkim,West,Sikkim Radhu Basti SH,27.260167,88.171889,Debris,Slide,NA
4430,SKM/WS/78A07/2015/364,Sikkim,West,Sikkim Legship-Mayong Road,27.260194,88.302417,Debris,Slide,NA
4431,SKM/NS/78A03/2017/75,Sikkim,West,Sikkim SH,27.260861,88.233278,Debris,Slide,NA
4432,SKM/NS/78A03/2017/66,Sikkim,West,Sikkim SH,27.261778,88.197194,Debris,Slide,NA
4433,SKM/NS/78A03/2017/30,Sikkim,West,Sikkim Lungzick SH,27.27,88.179944,Rock,Rock fall,NA
4434,SKM/NS/78A03/2017/32,Sikkim,West,Sikkim Sapong SH,27.270056,88.174444,Debris,Slide,NA
4435,SKM/NS/78A03/2017/04,Sikkim,West,Sikkim Kachapati SH,27.27575,88.084972,Debris,Slide,NA
4436,SKM/NS/78A03/2017/23,Sikkim,West,Sikkim Sardong SH,27.279972,88.186917,Debris,Slide,NA
4437,SKM/NS/78A03/2017/05,Sikkim,West,Sikkim SH,27.280889,88.084333,Debris,Slide,NA
4438,SKM/NS/78A03/2017/28,Sikkim,West,Sikkim Arigown SH,27.281028,88.227667,Debris,Slide,NA
4439,SKM/NS/78A03/2017/08,Sikkim,West,Sikkim SH,27.283194,88.106667,Debris,Slide,NA
4440,SKM/NS/78A03/2017/10,Sikkim,West,Sikkim SH,27.28475,88.106194,Rock,Rock fall,NA
4441,SKM/WS/78A07/2015/380,Sikkim,West,Sikkim NULL,27.293417,88.294917,Debris,Slide,NA
4442,SKM/NS/78A03/2017/07,Sikkim,West,Sikkim Kumuk SH,27.294889,88.079944,Debris,Slide,NA
4443,SKM/NS/78A03/2017/14,Sikkim,West,Sikkim SH,27.29525,88.102694,Debris,Slide,NA
4444,SKM/NS/78A03/2017/107,Sikkim,West,Sikkim SH,27.304028,88.178806,Debris,Slide,NA
4445,SK/WES/78A03/2014/02,Sikkim,West,Sikkim Tamabung slide Tamabung (On Dharap-Nambu,27.31892,88.16222,Debris,Debris flow,1 September 2013 at 21:30 hrs.
4446,SKM/NS/78A03/2017/65,Sikkim,West,Sikkim SH,27.320111,88.177833,Debris,Slide,NA
4447,SKM/NS/78A03/2017/57,Sikkim,West,Sikkim SH,27.33075,88.216333,Debris,Slide,NA
4448,SKM/NS/78A03/2017/56,Sikkim,West,Sikkim SH,27.33325,88.213583,Debris,Slide,NA
4449,SKM/WS/78A07/2015/355,Sikkim,West,Sikkim Dhupidara Road,27.389222,88.310972,Rock,Rock fall,NA
4450,SKM/WS/78A07/2015/377,Sikkim,West,Sikkim Narkhola Road,27.399806,88.329139,Debris,Slide,NA
4451,26901,Tripura,/Dhalai/78P16/2017/001,Tripura Dhalai Vidya Mohan Para landslide West Lambuchhara ( ~4.5 km,24.17072222,91.76697222,Debris,Slide,3 June 2017
4452,26902,Tripura,/Dhalai/78P16/2017/002,Tripura Dhalai Vidya Mohan Para landslide 2 West Lambuchhara (~4.5 km,24.16966667,91.76686111,Debris,Slide,3 June 2017
4453,TR/DHA/84A02/2015/55,Tripura,Dhalai,AH post Indo-Bangladesh,23.653556,92.035139,Debris,Slide,2015
4454,TR/DHA/84A02/2015/19,Tripura,Dhalai,Near Manoranjan BSF BOP,23.663361,92.015111,Debris,Slide,2015
4455,TR/DHA/84A02/2015/5,Tripura,Dhalai,Near Govindbari BSF,23.678056,92.038028,Debris,Slide,2015
4456,TR/DHA/84A02/2015/6,Tripura,Dhalai,Govindbari slide Near Govindbari BSF BPO,23.679,92.039278,Debris,Slide,2015
4457,TR/DHA/84A02/2015/17,Tripura,Dhalai,,23.687417,92.054528,Debris,Slide,NA
4458,TR/DHA/84A02/2015/16,Tripura,Dhalai,32 miles to Gobindabari road,23.691167,92.055444,Rock,Slide,2015
4459,TR/DHA/84A02/2015/18,Tripura,Dhalai,Budhijoypara,23.692222,92.015833,Earth,Slide,2015
4460,TR/DHA/84A02/2015/1,Tripura,Dhalai,Rabiraipara slide NE of Rabiraipara,23.693,92.054472,Debris,Slide,2015
4461,TR/DHA/84A02/2015/2,Tripura,Dhalai,Ratiapara slide Near Ratiapara,23.693,92.014361,Debris,Slide,NA
4462,TR/DHA/84A02/2015/15,Tripura,Dhalai,Ratiapara BSF BOP,23.694139,92.013278,Debris,Slide,2015
4463,TR/DHA/84A02/2015/21,Tripura,Dhalai,,23.69925,92.044694,Debris,Slide,NA
4464,TR/DHA/84A01/2015/23,Tripura,Dhalai,Eastern slope Purnadapara,23.793444,92.125833,Debris,Slide,2015
4465,TR/DHA/84A01/2015/39,Tripura,Dhalai,Bothraipara,23.797306,92.120417,Debris,Slide,2015
4466,TR/DHA/84A01/2015/38,Tripura,Dhalai,towards Purnadapara,23.805528,92.120417,Debris,Slide,2015
4467,TR/DHA/84A01/2015/22,Tripura,Dhalai,~1km W of Haridyalroajapara,23.821,92.094417,Debris,Slide,2015
4468,TR/DHA/84A01/2015/20,Tripura,Dhalai,Near Khakching kami TSR camp,23.828278,92.023389,Debris,Slide,2015
4469,TR-5/09-10,Tripura,Dhalai,Jeulchhara slide NA,23.88888889,91.78888889,,,2010
4470,TR-4/09-10,Tripura,Dhalai,Betaraipara slide NA,23.89569444,91.76525,,,2010
4471,TR-6/09-10,Tripura,Dhalai,Kamalchherra NA,23.912,91.83852778,,,2010
4472,5781,Tripura,Dhalai,,23.91951111,91.87873333,,Slide,2024
4473,4682,Tripura,Dhalai,NULL NULL,23.993632,91.858355,,Slide,NA
4474,TR/DHA/84D04/2015/56,Tripura,Dhalai,"near the TSR camp,",24.028194,92.091861,Earth,Slide,2015
4475,TR/DHA/84D04/2015/57,Tripura,Dhalai,"Near Manaraipara, Kanchanpur-",24.0335,92.100694,Earth,Slide,2016
4476,TR/DHA/84D04/2015/58,Tripura,Dhalai,"E of Joimanipara, Kanchanpur-",24.039139,92.106944,Debris,Slide,2016
4477,TR/DHA/84D08/2015/24,Tripura,Dhalai,,24.212361,92.258111,Debris,Slide,2015
4478,TR/GMT/79 M10/2018/006,Tripura,Gomati,"Taidu landslide (opposite to Taidu Near Taidu Police Station, Ompi",23.793444,91.552056,,Slide,20 May 2018
4479,TR/GMT/79M10/2018/007,Tripura,Gomati,"Taidu Police Station landslide Taidu, Ompi",23.794253,91.553533,,Slide,20 May 2018
4480,TR/GMT/79 M09/2018/008,Tripura,Gomati,"Sontang no.3 landslide Palku, Ompi Block",23.980333,91.475278,,Slide,18 May 2018
4481,TR/NTR/84A02/2015/4,Tripura,North,Tripura Nasharampara slide Nasharampara village,23.697694,92.071194,Debris,Slide,2015
4482,TR/NTR/84A02/2015/54,Tripura,North,"Tripura 98 BSF battalion Post, near nala",23.727194,92.242722,Rock,Rock fall,2015
4483,TR/NTR/84A05/2015/3,Tripura,North,"Tripura TSR camp, Phuldungsei slide Phuldungsei village",23.824722,92.260722,Rock,Slide,NA
4484,TR/NTR/84A01/2015/37,Tripura,North,Tripura,23.882833,92.241583,Debris,Slide,2015
4485,TR/NTR/84A05/2015/25,Tripura,North,Tripura N of Sabual,23.890278,92.272528,Debris,Slide,2015
4486,TR/NTR/84A05/2015/32,Tripura,North,Tripura W of Tharmapara,23.891083,92.288361,Debris,Slide,NA
4487,TR/NTR/84A05/2015/30,Tripura,North,Tripura W of Tharmapara,23.89125,92.288056,Debris,Slide,NA
4488,TR/NTR/84A05/2015/26,Tripura,North,Tripura S of Tlangsang,23.892694,92.272667,Debris,Slide,2015
4489,TR/NTR/84A05/2015/31,Tripura,North,Tripura W of Tharmapara,23.894667,92.287972,Debris,Slide,NA
4490,TR/NTR/84A05/2015/28,Tripura,North,Tripura,23.896194,92.296667,Debris,Slide,NA
4491,TR/NTR/84A05/2015/27,Tripura,North,Tripura Near Tharmapara,23.896806,92.283361,Debris,Slide,NA
4492,TR/NTR/84A05/2015/33,Tripura,North,Tripura W of Tharmapara,23.896806,92.283361,Debris,Slide,NA
4493,TR/NTR/84A05/2015/34,Tripura,North,Tripura W of Tharmapara,23.897556,92.282889,Debris,Slide,NA
4494,TR/NTR/84A05/2015/29,Tripura,North,Tripura ~3.5 km NW of Tharmapara,23.899944,92.279222,Debris,Slide,NA
4495,TR/NTR/84A05/2015/14,Tripura,North,Tripura Tlansang,23.906917,92.271944,Debris,Slide,NA
4496,TR/NTR/84A05/2015/13,Tripura,North,Tripura Tlansang,23.914472,92.27125,Debris,Slide,NA
4497,TR/NTR/84A05/2015/12,Tripura,North,Tripura ~2km S of Bangla village,23.927194,92.275389,Debris,Fall,NA
4498,TR/NTR/84A01/2015/10,Tripura,North,Tripura Near Baganpara Village,23.953333,92.233139,Debris,Debris flow,2015
4499,TR/NTR/84D08/2015/35,Tripura,North,Tripura Kanchanpur-Jampui road,24.031139,92.2535,Debris,Slide,NA
4500,5724,Tripura,North,"Tripura Hmunpui South of Hmunpui, NH-44A",24.033017,92.26034,Rock,Slide,2025
4501,TR/NTR/84D08/2015/7,Tripura,North,Tripura ~3km N of Longthir; western,24.048556,92.314306,Debris,Slide,2015
4502,TR/NTR/84D08/2015/11,Tripura,North,Tripura Vaisam,24.063194,92.28225,Debris,Debris flow,NA
4503,TR/NTR/84D08/2015/47,Tripura,North,Tripura 2km milestone on Hmunpui-,24.066639,92.277417,Rock,Rock fall,2015
4504,TR/NTR/84D08/2015/49,Tripura,North,Tripura Hmunpui-Kedacherra new road,24.068472,92.290833,Debris,Slide,2015
4505,TR/NTR/84D08/2015/48,Tripura,North,Tripura Hmunpui-Kedacherra new road,24.069444,92.287167,Debris,Slide,2015
4506,TR/NTR/84D08/2015/50,Tripura,North,Tripura Hmunpui-Kedacherra new road,24.069556,92.291361,Debris,Slide,2015
4507,TR/NTR/84D08/2015/51,Tripura,North,Tripura Hmunpui-Kedacherra new road,24.070611,92.290944,Rock,Slide,2015
4508,TR/NTR/84D08/2015/52,Tripura,North,Tripura Hmunpui-Kedacherra new road,24.071167,92.291694,Debris,Slide,2015
4509,TR/NTR/84D08/2015/45,Tripura,North,Tripura Vaisam-Hmunpui junction road,24.106444,92.276389,Debris,Slide,2015
4510,TR/NTR/84D08/2015/44,Tripura,North,Tripura Damcherra-Hmunpui junction,24.107028,92.276667,Debris,Slide,2015
4511,TR/NTR/84D08/2015/43,Tripura,North,Tripura Damcherra-Hmunpui junction,24.129083,92.277667,Rock,Slide,2015
4512,TR/NTR/84D08/2015/42,Tripura,North,Tripura Damcherra-Hmunpui junction,24.133306,92.27775,Debris,Slide,2015
4513,TR/NTR/84D08/2015/41,Tripura,North,Tripura Damcherra-Hmunpui junction,24.134722,92.277639,Debris,Slide,2015
4514,TR/NTR/84D08/2015/8,Tripura,North,Tripura ~2 km S of Bahadurpara,24.139861,92.319167,Debris,Slide,2015
4515,TR/NTR/84D08/2015/9,Tripura,North,Tripura Bahadurpara Bahadurpara,24.141694,92.322306,Debris,Slide,2015
4516,TR/NTR/84D08/2015/40,Tripura,North,Tripura Damcherra-Hmunpui junction,24.142722,92.273583,Debris,Slide,2015
4517,TR/NTR/84D08/2015/46,Tripura,North,Tripura Thumcharaipara road section,24.165583,92.268389,Debris,Slide,2015
4518,5746,Tripura,North,Tripura,24.209473,92.27134,Debris,Slide,NA
4519,TR/NTR/84D08/2015/36,Tripura,North,Tripura Kaskao Near Kuki Christian Church,24.228111,92.287417,Earth,Slide,2015
4520,TR/NTR/84D04/2015/53,Tripura,North,Tripura Jalabasa-Balikcharra section,24.240194,92.247861,Rock,Slide,2015
4521,5745,Tripura,North,Tripura,24.24263,92.212137,Debris,Slide,NA
4522,5713,Tripura,North,Tripura Zaralmura Linked road,24.309993,92.22714,,Slide,2024
4523,5712,Tripura,North,Tripura Jarolmura Linked road,24.314206,92.225824,Debris,Slide,2025
4524,5711,Tripura,North,Tripura Noagoan Link road.,24.320111,92.216955,,Slide,2025
4525,5714,Tripura,North,Tripura Bagbassa Zoitang road junction,24.352076,92.225188,,Slide,2025
4526,5715,Tripura,North,Tripura Bagbassa NH-8,24.356023,92.225478,Debris,Slide,2025
4527,4698,Tripura,North,Tripura Binarani Teli NH-208A,24.384311,92.126028,Debris,Slide,NA
4528,5716,Tripura,North,Tripura Chanpur NH-8,24.4012,92.237233,Debris,Slide,2025
4529,5717,Tripura,North,Tripura Churaibari NH-8,24.413873,92.241309,Debris,Slide,2025
4530,5718,Tripura,North,Tripura Churaibari NH-8,24.414992,92.241894,,Slide,2025
4531,5719,Tripura,North,Tripura Churaibari NH-8,24.419026,92.242991,Debris,Slide,2025
4532,5721,Tripura,North,Tripura Churaibari NH-8,24.4349,92.249371,,Slide,2024
4533,5722,Tripura,North,Tripura Churaibari NH-8,24.437066,92.249961,,Slide,2025
4534,5720,Tripura,North,Tripura Churaibari NH-8,24.43797,92.250464,,Slide,2025
4535,5706,Tripura,North,Tripura Kalagangerpar Settlement,24.477126,92.205369,,Slide,2025
4536,5707,Tripura,North,Tripura Rajnagar,24.48556,92.212277,Debris,Slide,2025
4537,5708,Tripura,North,Tripura BRAJENDRANAGAR North of the Village,24.489749,92.170312,,Slide,2024
4538,TR/BEL/79M/08/2021/02,Tripura,South,Tripura Jharjhari Landslide SH Belonia- Jolaibari,23.22966667,91.49532222,Debris,Slide,"25 August 2021, around 05.30 to 6.00"
4539,TR/BEL/79M/07/2021/01,Tripura,South,Tripura Manurmukh Landslide Sarasima Panchayat,23.25229444,91.48825,,Slide,"25 August 2021, around 05:30 to 06:00"
4540,7454,Tripura,West,Tripura Badharghat Near hill slope behind,23.802772,91.272189,Rock,Slide,30 May 2026
4541,TRI/TRI-W/79M05/2009/G-1,Tripura,West,Tripura Kayerpur Landslide,23.85417,91.34361,Debris,Slide,10 July 2009
4542,TR/WTR/79 M09/2018/004,Tripura,West,"Tripura Narengbari landslide Champabari, Belbari Block",24.003417,91.45425,Debris,Slide,18 May 2018
4543,TR/WTR/79 M09/2018/05,Tripura,West,"Tripura Champabari, Belbari Block",24.012306,91.451778,Debris,Slide,18 May 2018
4544,TR/WTR/79M05/2018/003,Tripura,West,"Tripura Belfung landslide Kumbukcherra area, Hezamara",24.325444,94.232583,,Slide,18 May 2018
4545,TR/WTR/78P08/2018/001,Tripura,West,"Tripura Birchandrapara landslide Subolsingh, Hezamara R.D.",24.781694,93.776056,,Slide,18 May 2018
4546,TR/WTR/78P/08/2018/002,Tripura,West,Tripura Pekua landslide Pekua village (towards,24.791306,93.735667,,Slide,"18 May 2018, 21 May 2018"
4547,KA/CKM/48O12/2025/12    Karnataka   Chikmagalur,Tripura,landslide,"Village road near Tripura village,",13.04149583,75.56029417,,Slide,16 June 2025
4548,35956,Uttarakhand,/Pithoragarh/62B/1,Uttarakhand Pithoragarh Mangti slide Kailash- MansarowarYatra,30.00544444,80.71925,Debris,Slide,14 August 2017
4549,35958,Uttarakhand,/Pithoragarh/62B/1,Uttarakhand Pithoragarh Najyang gad slide Kailash-MansarowarYatra route,30.03774722,80.75534722,Rock,Slide,NA
4550,UK/ALM/53O15/2016/62,Uttarakhand,Almora,Choura Gurith,29.48947,79.914678,Rock,Slide,2011
4551,UK/ALM/62C03/2016/114,Uttarakhand,Almora,Dasaula,29.496931,80.012234,Rock,Slide,2012
4552,UK/ALM/62C03/2016/111,Uttarakhand,Almora,Dasaula,29.49699,80.00083,Rock,Slide,2014
4553,UK/ALM/62C02/2015/459,Uttarakhand,Almora,,29.503194,80.002694,Debris,Slide,NA
4554,UK/ALM/62C02/2015/458,Uttarakhand,Almora,,29.503686,80.008583,Debris,Slide,NA
4555,UK/ALM/62C02/2015/471,Uttarakhand,Almora,,29.505772,80.022556,Debris,Slide,NA
4556,UK/ALM/62C02/2015/492,Uttarakhand,Almora,,29.506139,80.038528,Debris,Slide,NA
4557,UK/ALM/62C02/2015/484,Uttarakhand,Almora,,29.510069,80.024114,Rock,Slide,NA
4558,UK/ALM/62C02/2015/491,Uttarakhand,Almora,,29.511619,80.040158,Debris,Slide,NA
4559,UK/ALM/62C02/2015/485,Uttarakhand,Almora,,29.512018,80.027571,Debris,Slide,NA
4560,UK/ALM/62C02/2015/499,Uttarakhand,Almora,,29.512408,80.060808,Debris,Slide,NA
4561,UK/ALM/62C02/2015/454,Uttarakhand,Almora,,29.512611,80.010683,Debris,Slide,NA
4562,UK/ALM/62C02/2015/497,Uttarakhand,Almora,,29.514347,80.052621,Debris,Slide,NA
4563,UK/ALM/62C02/2015/453,Uttarakhand,Almora,,29.514583,80.008361,Debris,Slide,NA
4564,UK/ALM/62C02/2015/450,Uttarakhand,Almora,,29.514767,80.001972,Debris,Slide,NA
4565,UK/ALM/62C02/2015/501,Uttarakhand,Almora,,29.516119,80.061525,Rock,Slide,NA
4566,UK/ALM/62C02/2015/481,Uttarakhand,Almora,,29.516444,80.029111,Debris,Slide,NA
4567,UK/ALM/62C02/2015/456,Uttarakhand,Almora,,29.516649,80.011476,Debris,Slide,NA
4568,UK/ALM/62C02/2015/505,Uttarakhand,Almora,,29.518375,80.068267,Debris,Slide,NA
4569,UK/ALM/53O14/2015/1357,Uttarakhand,Almora,,29.520841,79.976073,Debris,Slide,NA
4570,UK/ALM/53O14/2015/1332,Uttarakhand,Almora,,29.538166,79.792926,Debris,Slide,NA
4571,UK/ALM/53O02/2017/45,Uttarakhand,Almora,Chari,29.538235,79.238718,Debris,Slide,2014
4572,UK/ALM/53O10/2015/1279,Uttarakhand,Almora,,29.543,79.56975,Debris,Slide,NA
4573,UK/ALM/53O10/2015/1285,Uttarakhand,Almora,,29.546917,79.689833,Debris,Slide,NA
4574,UK/ALM/53O10/2015/1273,Uttarakhand,Almora,SH-37,29.55,79.54,Rock,Slide,NA
4575,1,Uttarakhand,Almora,KwarabLandslide Nainital-Almora road (NH-109),29.55386944,79.60821667,Rock,Slide,2024
4576,UK/ALM/53O06/2017/44,Uttarakhand,Almora,Minklya,29.553982,79.249893,Debris,Slide,2014
4577,UK/ALM/53O02/2017/30,Uttarakhand,Almora,Forest,29.561249,79.141339,Rock,Slide,2014
4578,UK/ALM/53O06/2017/48,Uttarakhand,Almora,Tipoula,29.563324,79.463238,Rock,Slide,2010
4579,UK/ALM/53O10/2015/1278,Uttarakhand,Almora,,29.563833,79.571417,Debris,Slide,NA
4580,UK/ALM/53O14/2015/1335,Uttarakhand,Almora,,29.563859,79.802065,Debris,Slide,NA
4581,UK/ALM/53O02/2017/4,Uttarakhand,Almora,Forest,29.566246,79.21301,Rock,Rock fall,NA
4582,UK/ALM/53O02/2017/24,Uttarakhand,Almora,Forest,29.566535,79.21527,Rock,Slide,2017
4583,UK/ALM/53O14/2015/1330,Uttarakhand,Almora,,29.568669,79.786435,Debris,Slide,NA
4584,UK/ALM/53O02/2017/35,Uttarakhand,Almora,Kyarki,29.571724,79.165075,Rock,Slide,2015
4585,UK/ALM/53O14/2015/1363,Uttarakhand,Almora,,29.572091,79.909662,Rock,Slide,NA
4586,UK/ALM/53O02/2017/25,Uttarakhand,Almora,Forest,29.575332,79.242916,Rock,Slide,2017
4587,UK/ALM/53O14/2015/1364,Uttarakhand,Almora,,29.57583,79.941065,Rock,Slide,NA
4588,UK/ALM/53O02/2017/36,Uttarakhand,Almora,Forest,29.575936,79.170947,Rock,Slide,2017
4589,UK/ALM/53O02/2017/38,Uttarakhand,Almora,Baur Malla,29.584287,79.176148,Rock,Slide,2014
4590,UK/ALM/53O02/2017/7,Uttarakhand,Almora,Forest,29.595297,79.0988,Rock,Slide,2014
4591,UK/ALM/53O02/2017/81,Uttarakhand,Almora,Forest,29.600399,79.0882,Rock,Slide,2011
4592,UK/ALM/53O06/2017/5,Uttarakhand,Almora,Suni,29.608828,79.306039,Rock,Slide,2015
4593,UK/ALM/53O06/2017/46,Uttarakhand,Almora,Forest,29.634433,79.254016,Debris,Slide,2017
4594,UK/ALM/53O02/2017/62,Uttarakhand,Almora,Forest,29.638136,79.100107,Rock,Slide,NA
4595,UK/ALM/53O10/2015/1311,Uttarakhand,Almora,,29.638657,79.644482,Rock,Slide,NA
4596,UK/ALM/53O10/2015/1303,Uttarakhand,Almora,,29.64325,79.62725,Debris,Slide,NA
4597,UK/ALM/53O14/2015/1324,Uttarakhand,Almora,,29.682607,79.814875,Debris,Slide,NA
4598,UK/ALM/53O10/2015/1305,Uttarakhand,Almora,,29.688583,79.550917,Debris,Slide,NA
4599,UK/ALM/53O10/2015/1306,Uttarakhand,Almora,,29.706923,79.558284,Debris,Slide,NA
4600,UK/ALM/53O10/2015/1307,Uttarakhand,Almora,,29.715,79.576667,Debris,Slide,NA
4601,UK/ALM/53O01/2017/20,Uttarakhand,Almora,BajkhetNail road,29.773151,79.167168,Rock,Slide,2017
4602,UK/ALM/53O01/2017/21,Uttarakhand,Almora,BajkhetNail road,29.77358,79.168366,Rock,Slide,2017
4603,UK/ALM/53O01/2017/7,Uttarakhand,Almora,Deoghat Road turachaura,29.779469,79.222961,Rock,Slide,2014
4604,UK/ALM/53O01/2017/6,Uttarakhand,Almora,Deoghat Road turachaura,29.781251,79.224752,Rock,Slide,2011
4605,UK/ALM/53O01/2017/23,Uttarakhand,Almora,BajkhetNail road,29.783871,79.168191,Rock,Slide,NA
4606,UK/ALM/53O01/2017/26,Uttarakhand,Almora,BajkhetNail road,29.791171,79.162418,Rock,Slide,2014
4607,UK/ALM/53O01/2017/32,Uttarakhand,Almora,DotiyalNailDeghat road,29.79367,79.184957,Rock,Slide,2011
4608,UK/ALM/53O01/2017/31,Uttarakhand,Almora,DotiyalNailDeghat road,29.793707,79.184066,Rock,Slide,2011
4609,UK/ALM/53O05/2017/81,Uttarakhand,Almora,DotiyalNailDeghat road,29.794701,79.186138,Rock,Slide,2011
4610,UK/ALM/53O01/2017/9,Uttarakhand,Almora,Chani,29.8038,79.213779,Debris,Slide,2014
4611,UK/ALM/53O01/2017/36,Uttarakhand,Almora,DotiyalNailDeghat road,29.804621,79.180702,Debris,Slide,NA
4612,UK/ALM/53O01/2017/42,Uttarakhand,Almora,Maharoli Talli,29.816631,79.183947,Rock,Slide,2011
4613,UK/ALM/53O01/2017/3,Uttarakhand,Almora,Balmaro,29.861075,79.204587,Rock,Slide,2012
4614,UK/ALM/53O05/2017/77,Uttarakhand,Almora,Bhaurad,29.864849,79.010169,Rock,Slide,2012
4615,UK/ALM/53O05/2017/50,Uttarakhand,Almora,ThanigaonMarbukhal road,29.912832,79.326544,Debris,Debris flow,2014
4616,UK/ALM/53O05/2017/19,Uttarakhand,Almora,Pathaun,29.951374,79.195501,Rock,Slide,2016
4617,UK/ALM/53O05/2017/24,Uttarakhand,Almora,Gwalthi,29.959707,79.184362,Debris,Slide,2012
4618,UK/BAG/53O14/2015/1339,Uttarakhand,Bageshwar,,29.69564,79.872488,Debris,Slide,NA
4619,UK/BAG/53O13/2015/327,Uttarakhand,Bageshwar,,29.750583,79.754306,Debris,Slide,2013
4620,UK/BAG/53O09/2018/12,Uttarakhand,Bageshwar,Bajail Bajail-Someshwar,29.754,79.661417,Debris,Slide,2018
4621,UK/BAG/53O09/2018/21,Uttarakhand,Bageshwar,Siseta Siseta-Someshwar,29.759389,79.513194,Rock,Slide,2018
4622,UK/BAG/53O09/2018/7,Uttarakhand,Bageshwar,Bhoolgaon Bhoolgaon-Bageshwar,29.798813,79.69747,,Slide,2018
4623,UK/BAG/53O13/2015/348,Uttarakhand,Bageshwar,,29.802419,79.981501,Rock,Rock fall,NA
4624,UK/BAG/53O09/2018/5,Uttarakhand,Bageshwar,Dhari Dhari-Bageshwar,29.807583,79.716944,Debris,Slide,2016
4625,UK/BAG/53O13/2015/349,Uttarakhand,Bageshwar,,29.808333,79.972222,Rock,Rock fall,NA
4626,UK/BAG/53O09/2018/14,Uttarakhand,Bageshwar,Amsarkot Amsarkot-Bageshwar,29.817333,79.731806,Debris,Slide,2012
4627,UK/BAG/53O13/2015/329,Uttarakhand,Bageshwar,,29.832306,79.801611,Rock,Rock fall,NA
4628,UK/BAG/53O13/2015/289,Uttarakhand,Bageshwar,,29.842841,79.767303,Debris,Slide,NA
4629,UK/BAG/53O13/2015/335,Uttarakhand,Bageshwar,,29.862778,79.813611,Rock,Slide,NA
4630,UK/BAG/53O13/2015/397,Uttarakhand,Bageshwar,,29.880692,79.982155,Debris,Slide,NA
4631,UK/BAG/53O09/2018/25,Uttarakhand,Bageshwar,Padrapalli Padrapalli-Bageshwar,29.896338,79.748373,Rock,Slide,2018
4632,UK/BAG/62C01/2013/0096,Uttarakhand,Bageshwar,UK_BAG_PMGSY_96 1 km short of Dwari,29.89925,80.028028,Rock,Slide,2013
4633,UK/BAG/62C01/2015/417,Uttarakhand,Bageshwar,,29.906586,80.142172,Rock,Rock fall,NA
4634,UK/BAG/53O13/2013/0064,Uttarakhand,Bageshwar,UK_BAG_PMGSY_64 Right bank of Kanal Gad,29.911889,79.809278,Rock,Rock fall,2013
4635,UK/BAG/53O13/2015/402,Uttarakhand,Bageshwar,,29.912545,79.811848,Debris,Slide,NA
4636,UK/BAG/62C01/2013/0086,Uttarakhand,Bageshwar,UK_BAG_PMGSY_86 Right bank of Mehar Gad,29.920056,80.108361,Rock,Flow,2013
4637,UK/BAG/53O13/2015/295,Uttarakhand,Bageshwar,,29.922805,79.87605,Debris,Slide,NA
4638,UK/BAG/53O09/2018/30,Uttarakhand,Bageshwar,Jakhedu Jakhedu-Baijnath,29.953361,79.699139,Rock,Slide,2015
4639,UK/BAG/62C01/2015/433,Uttarakhand,Bageshwar,,29.955786,80.107116,Rock,Rock fall,NA
4640,UK/BAG/53O09/2018/31,Uttarakhand,Bageshwar,Jakhedu Jakhedu-Bageshwar,29.959768,79.678717,Debris,Slide,2018
4641,UK/BAG/53O09/2018/34,Uttarakhand,Bageshwar,Jhubaru Jhubaru-Wasmeshwar,29.959889,79.629417,Debris,Slide,2018
4642,UK/BAG/53O09/2018/33,Uttarakhand,Bageshwar,Khakhari Khakhari-Baijnath,29.961947,79.668388,Rock,Slide,2014
4643,UK/BAG/53O13/2015/300,Uttarakhand,Bageshwar,,29.962639,79.981333,Rock,Slide,2011
4644,UK/BAG/53O13/2015/296,Uttarakhand,Bageshwar,,29.963892,79.903417,Rock,Rock fall,NA
4645,UK/BAG/53O13/2013/0016,Uttarakhand,Bageshwar,UK_BAG_SH-40_ 16 1.5 km NE of Malladesh village,29.965389,79.959111,Debris,Slide,2013
4646,UK/BAG/53O13/2015/324,Uttarakhand,Bageshwar,,29.969115,79.782527,Debris,Slide,NA
4647,3312,Uttarakhand,Bageshwar,NULL,29.9760133,80.0483566,Debris,Subsidence,NA
4648,UK/BAG/62C01/2015/440,Uttarakhand,Bageshwar,,29.976403,80.087578,Rock,Rock fall,NA
4649,UK/BAG/53O13/2013/0040,Uttarakhand,Bageshwar,UK_BAG_SH-11_ 40 500m downstream of Yuti Nala,29.977083,79.912083,Debris,Debris flow,2013
4650,UK/BAG/53O13/2015/383,Uttarakhand,Bageshwar,,29.980646,79.906309,Debris,Slide,NA
4651,3316,Uttarakhand,Bageshwar,NULL,29.9818966,80.011175,Rock,Slide,NA
4652,UK/BAG/53O13/2013/0080,Uttarakhand,Bageshwar,UK_BAG_PMGSY_80 Bhulia Village,29.982528,79.966222,Debris,Slide,2013
4653,UK/BAG/53O13/2015/313,Uttarakhand,Bageshwar,,29.983339,79.999775,Rock,Slide,2012
4654,UK/BAG/53O13/2013/0082,Uttarakhand,Bageshwar,UK_BAG_PMGSY_82 Left bank of Revti Ganga River,29.984028,79.959,Debris,Debris flow,2013
4655,UK/BAG/53O13/2015/312,Uttarakhand,Bageshwar,,29.984682,79.982738,Rock,Slide,2012
4656,UK/BAG/53O13/2015/380,Uttarakhand,Bageshwar,,29.984737,79.990593,Rock,Slide,NA
4657,UK/BAG/53O13/2015/379,Uttarakhand,Bageshwar,,29.986889,79.989667,Rock,Slide,NA
4658,3315,Uttarakhand,Bageshwar,NULL,29.987355,80.016625,Debris,Debris flow,NA
4659,UK/BAG/53O13/2013/0076,Uttarakhand,Bageshwar,UK_BAG_PMGSY_76 Left bank of Revti Ganga River.,29.988639,79.939111,Rock,Rock fall,2013
4660,UK/BAG/53O13/2015/303,Uttarakhand,Bageshwar,,29.988972,79.923917,Rock,Rock fall,NA
4661,UK/BAG/53O13/2015/369,Uttarakhand,Bageshwar,,29.989056,79.94,Rock,Rock fall,NA
4662,UK/BAG/53O13/2015/363,Uttarakhand,Bageshwar,,29.994056,79.9295,Rock,Slide,NA
4663,UK/BAG/53O13/2013/0008,Uttarakhand,Bageshwar,UK_BAG_PMGSY_ 08,29.996861,79.915389,Debris,Slide,2013
4664,UK/BAG/53O13/2015/316,Uttarakhand,Bageshwar,,29.997256,79.915396,Rock,Slide,2012
4665,UK/BAG/53N16/2018/7,Uttarakhand,Bageshwar,gasongad Kapkot- Badiakot,30.00309,79.885146,Rock,Slide,2013
4666,24,Uttarakhand,Bageshwar,Sailani Sailani,30.0125,80.02977778,Debris,Slide,
4667,UK/BAG/53N16/2018/71,Uttarakhand,Bageshwar,Dobar Kapkot- Badiakot,30.015124,79.874853,Rock,Slide,2013
4668,UK/BAG/53N16/2018/17,Uttarakhand,Bageshwar,Kapkot- Badiakot,30.01595,79.877193,Debris,Slide,2016
4669,UK/BAG/53N16/2018/5,Uttarakhand,Bageshwar,Loharkhet road Kapkot- Badiakot,30.018364,79.945923,Rock,Slide,2014
4670,UK/BAG/53N16/2018/24,Uttarakhand,Bageshwar,Kapkot- Badiakot,30.02882,79.888365,Debris,Slide,2013
4671,UK/BAG/62B04/2018/9,Uttarakhand,Bageshwar,Sama-Tejam-Munsyari,30.028953,80.035717,Rock,Slide,NA
4672,UK/BAG/62B04/2018/6,Uttarakhand,Bageshwar,Sama-Tejam-Munsyari,30.035419,80.048113,Rock,Slide,NA
4673,UK/BAG/53N16/2018/50,Uttarakhand,Bageshwar,Kapkot- Badiakot,30.0478,79.898705,Debris,Slide,2014
4674,UK/BAG/53N16/2018/62,Uttarakhand,Bageshwar,Ratir Sama-Gogina,30.052088,80.062324,Rock,Slide,2018
4675,UK/BAG/53N16/2018/47,Uttarakhand,Bageshwar,Kapkot- Badiakot,30.055433,79.89527,Debris,Slide,NA
4676,UK/BAG/53N16/2018/45,Uttarakhand,Bageshwar,Kapkot- Badiakot,30.080927,79.891424,Debris,Slide,2018
4677,Slide 1,Uttarakhand,Bageshwar,Kuwari rock slide (very less debris) Kuwari village,30.08363889,79.80080556,Rock,Slide,
4678,UK/BAG/53N16/2018/03,Uttarakhand,Bageshwar,Kuwari rock slide Kuwari village,30.891317,77.043117,Rock,Slide,NA
4679,UK/CHA/53O05/2017/64,Uttarakhand,Chamoli,kunigad,29.945739,79.314079,Debris,Slide,2014
4680,UK/CHA/53O01/2017/133,Uttarakhand,Chamoli,NH121,29.970268,79.23115,Rock,Slide,2016
4681,UK/CHA/53O05/2017/68,Uttarakhand,Chamoli,Downslope of Gaguna,29.977037,79.412888,Debris,Slide,2012
4682,UK/CHA/53O05/2017/11,Uttarakhand,Chamoli,NailKusarkhet road,29.994459,79.461084,Rock,Slide,2014
4683,UK/CHA/53N12/2018/32,Uttarakhand,Chamoli,Naldura Naldura-Tharali,30.02253,79.697376,Rock,Slide,2016
4684,UK/CHA/53N12/2018/17,Uttarakhand,Chamoli,Gwaldam Gwaldam-Baijnath,30.027649,79.524498,Debris,Slide,2017
4685,UK/CHA/53N12/2018/6,Uttarakhand,Chamoli,Trikot Trikot-Bageshwar,30.02823,79.556636,Debris,Slide,2018
4686,UK/CHA/53N12/2018/7,Uttarakhand,Chamoli,Trikot Trikot-Bageshwar,30.029199,79.556635,Debris,Slide,2018
4687,UK/CHA/53N12/2018/11,Uttarakhand,Chamoli,Kothi Kothi-Bageshwar,30.031662,79.567873,,Slide,2017
4688,UK/CHA/53N12/2018/13,Uttarakhand,Chamoli,Kothi Kothi-Baijnath,30.033917,79.569917,Debris,Slide,2014
4689,UK/CHA/53N12/2018/178,Uttarakhand,Chamoli,Tharali Tharali-Baijnath,30.046987,79.573925,Debris,Slide,2016
4690,UK/CHA/62B08/2020/6,Uttarakhand,Chamoli,Walthi-Madkot-Munsiyari,30.05,80.32,Debris,Slide,2016
4691,UK/CHA/62B08/2020/27,Uttarakhand,Chamoli,Walthi-Madkot-Munsiyari,30.05,80.31,Rock,Slide,2016
4692,UK/CHA/53N12/2018/48,Uttarakhand,Chamoli,Dewal Dewal-Tharali,30.05549,79.588933,Rock,Slide,2018
4693,UK/CHA/53N12/2018/186,Uttarakhand,Chamoli,Tharali Tharali-Baijnath,30.05775,79.524562,Rock,Slide,2018
4694,UK/CHA/53N12/2018/187,Uttarakhand,Chamoli,Tharali Tharali-Bageshwar,30.057995,79.523811,Rock,Slide,2014
4695,UK/CHA/53N12/2018/188,Uttarakhand,Chamoli,Tharali Tharali-Bageshwar,30.058333,79.523083,Rock,Slide,2016
4696,UK/CHA/53N12/2018/189,Uttarakhand,Chamoli,Tharali Tharali-Bageshwar,30.058696,79.522481,Rock,Slide,2018
4697,UK/CHA/53N12/2018/183,Uttarakhand,Chamoli,Tharali Tharali-Baijnath,30.05875,79.523611,Rock,Slide,2018
4698,UK/CHA/62B08/2020/9,Uttarakhand,Chamoli,Walthi-Madkot-Munsiyari,30.06,80.31,Rock,Slide,2018
4699,UK/CHA/53N12/2018/176,Uttarakhand,Chamoli,Tharali Tharali-Bageshwar,30.061038,79.522619,Rock,Slide,2018
4700,UK/CHA/53N12/2018/173,Uttarakhand,Chamoli,Tharali Tharali-Bageshwar,30.064556,79.526778,Rock,Slide,2015
4701,UK/CHA/53N12/2018/165,Uttarakhand,Chamoli,Kurad Kurad-Tharali,30.067528,79.521306,Rock,Slide,2018
4702,UK/CHA/53N12/2018/86,Uttarakhand,Chamoli,Kandai Kandai-Tharali,30.069209,79.587253,Debris,Slide,2018
4703,UK/CHA/53N12/2018/82,Uttarakhand,Chamoli,Sawad Sawad-Tharali,30.0715,79.604306,Rock,Slide,2018
4704,UK/CHA/53N12/2018/79,Uttarakhand,Chamoli,Sawad Sawad-Tharali,30.071639,79.603861,Rock,Slide,2018
4705,UK/CHA/53N12/2018/153,Uttarakhand,Chamoli,Bothinda Bothinda-Tharali,30.071912,79.546712,Rock,Slide,2018
4706,UK/CHA/53N12/2018/154,Uttarakhand,Chamoli,Bothinda Bothinda-Tharali,30.072811,79.545783,Rock,Slide,2013
4707,UK/CHA/53N12/2018/141,Uttarakhand,Chamoli,Sawad Sawad-Tharali,30.083264,79.612714,Debris,Slide,2018
4708,3326,Uttarakhand,Chamoli,NULL,30.084545,79.4846983,Debris,Slide,2024
4709,5758,Uttarakhand,Chamoli,NULL,30.085636,79.469557,Debris,Slide,NA
4710,UK/CHA/53N12/2018/138,Uttarakhand,Chamoli,Sawad Sawad-Tharali,30.086306,79.613056,Debris,Slide,2018
4711,UK/CHA/53N08/2018/70,Uttarakhand,Chamoli,Kakra Sunaila-Burdang,30.086611,79.472583,Rock,Slide,2017
4712,UK/CHML/53N8/2025/12,Uttarakhand,Chamoli,Kulsari-3 109K NH Kulsari,30.087139,79.473153,Debris,Slide,23 August 2025 at 05.00hrs
4713,UK/CHA/53N12/2018/137,Uttarakhand,Chamoli,Sawad Sawad-Tharali,30.087444,79.613389,Debris,Slide,2014
4714,UK/CHML/53N8/2025/13,Uttarakhand,Chamoli,Kulsari-4 109K NH Kulsari,30.087446,79.473568,Debris,Slide,23 August 2025 at 01.30 hrs
4715,UK/CHA/53N12/2018/136,Uttarakhand,Chamoli,Sawad Sawad-Tharali,30.089003,79.614742,Rock,Slide,2015
4716,UK/CHA/53N12/2018/157,Uttarakhand,Chamoli,Partha Partha-Tharali,30.093528,79.529333,Rock,Slide,2018
4717,UK/CHA/53N12/2018/78,Uttarakhand,Chamoli,Kandai Lwani-Tharali,30.094183,79.597634,Debris,Slide,2018
4718,UK/CHA/53N12/2018/124,Uttarakhand,Chamoli,Ghes Ghes-Tharali,30.094888,79.658516,Rock,Slide,2018
4719,UK/CHA/53N08/2018/2,Uttarakhand,Chamoli,Daira Pancheshwar to Kaligaon,30.095482,79.449858,Debris,Slide,2014
4720,UK/CHA/53N12/2018/158,Uttarakhand,Chamoli,Partha Partha-Tharali,30.09575,79.526583,Rock,Slide,2018
4721,UK/CHA/53N12/2018/76,Uttarakhand,Chamoli,Suiyan Suiyan-Tharali,30.097044,79.631319,Rock,Slide,2018
4722,UK/CHA/53N12/2018/75,Uttarakhand,Chamoli,Suiyan Suiyan-Tharali,30.098031,79.617947,Rock,Slide,2018
4723,UK/CHA/53N12/2018/120,Uttarakhand,Chamoli,Ghes Ghes-Tharali,30.098125,79.667123,Rock,Slide,2018
4724,UK/CHA/53N08/2013/0044,Uttarakhand,Chamoli,UK_CHA_SH_ 044 Harmani slide on left bank of,30.099111,79.432306,Debris,Slide,2013
4725,UK/CHA/53N12/2018/73,Uttarakhand,Chamoli,Mundoli Mundoli-Tharali,30.100209,79.610048,Rock,Slide,2018
4726,5754,Uttarakhand,Chamoli,NULL,30.108792,79.429737,Debris,Slide,NA
4727,UK/CHA/53N12/2018/67,Uttarakhand,Chamoli,Mundoli Mundoli-Tharali,30.111806,79.613806,Rock,Slide,2018
4728,UK/CHA/53N08/2018/1,Uttarakhand,Chamoli,Khankar Jamreri - Ghat - Baruri,30.118833,79.275028,Rock,Slide,2016
4729,UK/CHA/62B08/2020/22,Uttarakhand,Chamoli,Munsiyari-Martoli,30.12,80.25,Debris,Slide,2009
4730,UK/CHA/53N12/2018/110,Uttarakhand,Chamoli,Ghes Ghes-Tharali,30.121518,79.698191,Rock,Slide,2018
4731,UK/CHA/53N12/2018/65,Uttarakhand,Chamoli,Mundoli Mundoli-Tharali,30.121528,79.611722,Debris,Slide,2016
4732,UK/CHA/53N08/2018/79,Uttarakhand,Chamoli,Burakholi Rakholi-Burdang-Narayanbagad,30.122664,79.381445,Rock,Slide,2013
4733,UK/CHA/53N12/2018/99,Uttarakhand,Chamoli,Ghes Ghes-Tharali,30.1269,79.724091,Debris,Slide,2018
4734,UK/CHA/53N08/2018/45,Uttarakhand,Chamoli,Khalgaon Bhulera-Bedula,30.131826,79.364244,Debris,Slide,NA
4735,UK/CHA/53N12/2018/97,Uttarakhand,Chamoli,Ghes Ghes-Tharali,30.133156,79.71915,Rock,Slide,2018
4736,UK/CHA/53N12/2018/95,Uttarakhand,Chamoli,Ghes Ghes-Tharali,30.137111,79.715944,Rock,Rock fall,2015
4737,UK/CHA/53N08/2018/31,Uttarakhand,Chamoli,Kandai Kotha-Angtoli-Kana,30.143818,79.429579,Rock,Slide,2014
4738,UK/CHA/53N08/2018/47,Uttarakhand,Chamoli,Jakhola Kasbinagar-Loti,30.151742,79.495386,Debris,Slide,2006
4739,UK/CHA/53N12/2018/88,Uttarakhand,Chamoli,Balan Balan-Tharali,30.164056,79.710417,Rock,Slide,2014
4740,UK/CHA/53N08/2018/19,Uttarakhand,Chamoli,Odali Bethra-Chopta-Chanyapani,30.186177,79.380843,Debris,Slide,2014
4741,UK/CHA/53N08/2018/11,Uttarakhand,Chamoli,Sarkot Jamreri - Ghat - Baruri,30.199207,79.310819,Rock,Slide,2014
4742,UK/CHA/53N08/2018/38,Uttarakhand,Chamoli,Forest Raingao-Maikot-Ghat,30.205485,79.459201,Rock,Slide,NA
4743,UK/CHA/53N04/2018/2,Uttarakhand,Chamoli,Dewar Nauti Maithan-Dungri,30.209,79.199694,Rock,Slide,2018
4744,UK/CHA/53N08/2018/49,Uttarakhand,Chamoli,Pyonra Binwalgao-Banjbagad-Phali,30.210743,79.481492,Debris,Slide,2014
4745,UK/CHA/53N08/2013/0041,Uttarakhand,Chamoli,"UK_CHA_NH_ 041 Along road, left bank of Pinder",30.223972,79.272361,Debris,Slide,2013
4746,UK/CHA/53N08/2013/0040,Uttarakhand,Chamoli,UK_CHA_NH_ 040 Along road right bank of Alagad,30.225083,79.257028,Debris,,2013
4747,UK/CHA/53N08/2018/25,Uttarakhand,Chamoli,Museti Dimmar-Kimtoli-Dhansari,30.226901,79.298991,Rock,Slide,2017
4748,UK/CHA/53N08/2018/8,Uttarakhand,Chamoli,Kauli Swala -Banlek -Jaitoli,30.231295,79.267228,Rock,Slide,2014
4749,UK/CHA/53N08/2018/61,Uttarakhand,Chamoli,Sunbhi Kundi-Dhurmo,30.248574,79.402567,Rock,Slide,NA
4750,UK/CHA/53N03/2015/669,Uttarakhand,Chamoli,National Highway-58,30.2625,79.213806,Rock,Flow,NA
4751,UK/CHA/53N03/2015/660,Uttarakhand,Chamoli,,30.265222,79.149139,Rock,Slide,NA
4752,UK/CHA/53N03/2015/664,Uttarakhand,Chamoli,National Highway-58,30.266667,79.176,Rock,Slide,NA
4753,UK/CHA/53N03/2015/668,Uttarakhand,Chamoli,National Highway-58,30.266722,79.19175,Debris,Slide,NA
4754,UK/CHA/53N07/2015/1253,Uttarakhand,Chamoli,,30.269056,79.42975,Debris,Slide,NA
4755,UK/CHA/53N03/2015/705,Uttarakhand,Chamoli,,30.270806,79.216528,Rock,Slide,NA
4756,UK/CHA/53N03/2015/707,Uttarakhand,Chamoli,,30.271389,79.214833,Rock,Slide,NA
4757,UK/CHA/53N03/2015/698,Uttarakhand,Chamoli,,30.273306,79.222806,Rock,Slide,NA
4758,UK/CHA/53N03/2015/699,Uttarakhand,Chamoli,,30.274917,79.223583,Rock,Slide,NA
4759,UK/CHA/53N03/2015/808,Uttarakhand,Chamoli,Tiwara-Pokhri road,30.275361,79.222444,Rock,Slide,NA
4760,UK/CHA/53N03/2015/710,Uttarakhand,Chamoli,,30.278444,79.220333,Rock,Slide,NA
4761,UK/CHA/53N07/2015/1227,Uttarakhand,Chamoli,,30.279362,79.395891,Rock,Slide,NA
4762,UK/CHA/53N03/2015/732,Uttarakhand,Chamoli,,30.280722,79.216472,Rock,Slide,NA
4763,UK/CHA/53N03/2015/733,Uttarakhand,Chamoli,,30.282722,79.212444,Rock,Slide,NA
4764,UK/CHA/53N03/2015/728,Uttarakhand,Chamoli,,30.283611,79.211167,Rock,Slide,NA
4765,UK/CHA/53N03/2015/624,Uttarakhand,Chamoli,,30.284722,79.114167,Rock,Flow,NA
4766,UK/CHA/53N03/2015/757,Uttarakhand,Chamoli,,30.28475,79.199056,Debris,Slide,NA
4767,UK/RDP/53N07/2023/35,Uttarakhand,Chamoli,Kameda -2 slide (NH-07),30.2849,79.13211,Debris,,2023
4768,UK/CHA/53N03/2015/759,Uttarakhand,Chamoli,,30.286111,79.193333,Rock,Flow,NA
4769,UK/CHA/53N03/2015/755,Uttarakhand,Chamoli,,30.28675,79.199222,Debris,Slide,NA
4770,UK/CHA/53N03/2015/721,Uttarakhand,Chamoli,,30.2915,79.203861,Rock,Slide,NA
4771,UK/CHA/53N03/2015/812,Uttarakhand,Chamoli,Tiwara-Pokhri road,30.291639,79.203833,Rock,Slide,NA
4772,UK/CHA/53N07/2013/0036,Uttarakhand,Chamoli,UK_CHA_NH_ 036 Dhungwali (Near Karanparyag),30.293139,79.299972,Debris,Subsidence,2013
4773,UK/CHA/53N07/2015/1225,Uttarakhand,Chamoli,NH-58,30.300809,79.301624,Rock,Slide,NA
4774,UK/CHA/53N03/2015/738,Uttarakhand,Chamoli,,30.323726,79.196448,Rock,Slide,NA
4775,UK/CHA/53N03/2015/680,Uttarakhand,Chamoli,,30.329861,79.19375,Rock,Slide,NA
4776,UK/CHA/53N03/2015/679,Uttarakhand,Chamoli,,30.329889,79.194389,Debris,Slide,NA
4777,UK/CHA/53N07/2015/1215,Uttarakhand,Chamoli,NH-58,30.330889,79.315389,Debris,Slide,NA
4778,UK/CHML/53N7/2025/04,Uttarakhand,Chamoli,Mason-1 Mason / NH-7,30.336652,79.319623,Rock,Slide,"06 September 2025 at 06.00 hrs, 18"
4779,UK/CHA/53N07/2015/1222,Uttarakhand,Chamoli,Gopeshwar-Pokhri road,30.340603,79.289906,Debris,Slide,NA
4780,UK/CHA/53N03/2015/677,Uttarakhand,Chamoli,,30.341843,79.199409,Debris,Slide,NA
4781,UK/CHA/53N07/2015/1241,Uttarakhand,Chamoli,Gopeshwar-Pokhri road,30.351598,79.258803,Rock,Slide,NA
4782,UK/CHA/53N07/2015/1208,Uttarakhand,Chamoli,Gopeshwar-Pokhri road,30.353688,79.261521,Debris,Slide,NA
4783,UK/CHA/53N07/2015/1246,Uttarakhand,Chamoli,,30.363835,79.475815,Rock,Slide,NA
4784,UK/CHA/53N03/2015/832,Uttarakhand,Chamoli,Pokhri-Nandprayag road,30.364129,79.229,Rock,Slide,NA
4785,UK/CHA/53N07/2015/1245,Uttarakhand,Chamoli,,30.36478,79.478934,Debris,Slide,NA
4786,UK/CHA/53N07/2015/1235,Uttarakhand,Chamoli,,30.368222,79.274472,Rock,Slide,NA
4787,UK/CHA/53N11/2018/16,Uttarakhand,Chamoli,Tapowan,30.372372,79.526595,Rock,Slide,2016
4788,UK/CHA/53N07/2015/1233,Uttarakhand,Chamoli,,30.373,79.273333,Rock,Slide,NA
4789,UK/CHA/53N07/2015/1220,Uttarakhand,Chamoli,,30.386355,79.413495,Debris,Slide,NA
4790,UK/CHA/53N03/2015/828,Uttarakhand,Chamoli,Pokhri-Nandprayag road,30.395202,79.212189,Rock,Slide,NA
4791,UK/CHA/53N03/2015/825,Uttarakhand,Chamoli,Pokhri-Nandprayag road,30.397344,79.208298,Rock,Slide,NA
4792,UK/CHA/53N07/2015/1213,Uttarakhand,Chamoli,NH-58,30.465065,79.457206,Rock,Slide,NA
4793,UK/CHA/53N07/2013/0024,Uttarakhand,Chamoli,UK_CHA_NH_ 024 Pagla Nala,30.473167,79.479722,Rock,Rock fall,2013
4794,UK/CHA/53N07/2015/1243,Uttarakhand,Chamoli,NH-58,30.473279,79.459753,Rock,Slide,NA
4795,UK/CHA/53N07/2015/1210,Uttarakhand,Chamoli,NH-58,30.474693,79.459305,Rock,Slide,NA
4796,UK/Chamoli/53N/07/2021/01,Uttarakhand,Chamoli,N/A N/A,30.47694444,79.4675,Debris,Debris flow,1984
4797,UK/CHA/53N07/2013/0059,Uttarakhand,Chamoli,"UK_CHA_NH_ 059 Patalganga –II, left bank of",30.486778,79.485306,Debris,Slide,2013
4798,UK/CHA/53N07/2015/1216,Uttarakhand,Chamoli,NH-58,30.487083,79.484028,Debris,Slide,NA
4799,UK/CHA/53N11/2018/14,Uttarakhand,Chamoli,Tapowan Joshimat-Tapowan,30.494303,79.619416,Rock,Slide,2014
4800,UK/CHA/53N11/2018/15,Uttarakhand,Chamoli,Talodan Joshimat-Tapowan,30.497568,79.614866,Rock,Slide,2014
4801,UK/CHA/53N10/2013/0012,Uttarakhand,Chamoli,UK_CHA_SH_ 012 1 km down stream of,30.523111,79.737306,Debris,Fall,2013
4802,UK/CHA/53N10/2015/1264,Uttarakhand,Chamoli,PMSGY road,30.528583,79.504,Rock,Rock fall,NA
4803,UK_CHA_NH58_ L9,Uttarakhand,Chamoli,Helang Slide National/ State Highway: NH-,30.5305,79.51225,Debris,Slide,
4804,UK/CHAM/53N07/2023/49,Uttarakhand,Chamoli,Lambagad slide (NH-07),30.654472,79.517722,Rock,Slide,2023
4805,UK/CHA/53N10/2013/0004,Uttarakhand,Chamoli,UK_CHA_NH_ 004 (Lambagarh -II),30.654917,79.517694,Debris,Slide,2013
4806,UK/CHA/53N14/2013/0011,Uttarakhand,Chamoli,"UK_CHA_NH_ 011 Near Iron bridge, 1 km NE of",30.668194,79.842722,Debris,Flow,2013
4807,UK/CHA/53O16/2017/16,Uttarakhand,Champawat,,29.148941,79.935497,Debris,Slide,2016
4808,UK/CHA/53O16/2017/4,Uttarakhand,Champawat,,29.150005,79.996229,Rock,Slide,2015
4809,UK/CHA/53O16/2017/22,Uttarakhand,Champawat,Durgapipal,29.157774,79.880607,Debris,Slide,2016
4810,UK/CHA/53O16/2017/21,Uttarakhand,Champawat,Durgapipal,29.160488,79.8837,Debris,Slide,2016
4811,UK/CHA/62C05/2017/1,Uttarakhand,Champawat,,29.189279,80.107582,Rock,Slide,2011
4812,UK/CHA/53O16/2017/26,Uttarakhand,Champawat,Konj,29.229502,79.826764,Rock,Slide,2013
4813,UK/CHA/53O16/2017/35,Uttarakhand,Champawat,,29.233141,79.93516,Rock,Slide,NA
4814,UK/CHA/53O16/2017/39,Uttarakhand,Champawat,,29.235478,79.929918,Rock,Slide,2017
4815,UK/CHA/62C03/2016/51,Uttarakhand,Champawat,Sayali,29.265444,80.136444,Rock,Slide,2012
4816,UK/CHA/62C03/2016/53,Uttarakhand,Champawat,Sayali,29.269972,80.1315,Debris,Slide,2014
4817,UK/CHA/62C03/2016/49,Uttarakhand,Champawat,Gurna,29.270432,80.154032,Rock,Slide,2016
4818,UK/CHA/62C03/2016/56,Uttarakhand,Champawat,Sayali,29.279241,80.123204,Rock,Slide,2012
4819,UK/CHA/62C03/2016/86,Uttarakhand,Champawat,Banlek,29.28195,80.083865,Rock,Slide,2012
4820,UK/CHA/53O15/2016/92,Uttarakhand,Champawat,Gurna,29.291528,80.183281,Debris,Slide,2014
4821,UK/CHA/62C03/2016/68,Uttarakhand,Champawat,Jatkola,29.294833,80.034556,Rock,Slide,2012
4822,UK/CHA/62C03/2016/72,Uttarakhand,Champawat,Chyurikhark,29.323184,80.059396,Debris,Slide,2014
4823,UK/CHA/62C03/2016/71,Uttarakhand,Champawat,Chyurikhark,29.323333,80.058417,Debris,Slide,2014
4824,UK/PIT/62C03/2016/130,Uttarakhand,Champawat,Maneshwar,29.353417,80.119417,Rock,Slide,2016
4825,UK/CHA/53O15/2016/22,Uttarakhand,Champawat,Devidhura,29.400444,79.848917,Rock,Rock fall,2011
4826,UK/CHA/53O15/2016/23,Uttarakhand,Champawat,Devidhura,29.4015,79.849583,Rock,Slide,2011
4827,UK/CHA/53O15/2016/88,Uttarakhand,Champawat,Kamlekh,29.403558,79.971503,Rock,Slide,2002
4828,UK/CHA/62C03/2016/31,Uttarakhand,Champawat,Raikot,29.406278,80.107278,Rock,Slide,2012
4829,UK/CHA/62C03/2016/22,Uttarakhand,Champawat,Raul,29.40875,80.203917,Rock,Slide,2014
4830,UK/CHA/62C03/2016/41,Uttarakhand,Champawat,Pawa,29.431083,80.075639,Debris,Subsidence,2011
4831,UK/CHA/53O15/2016/75,Uttarakhand,Champawat,Timla Gunth,29.433745,79.861747,Rock,Slide,2011
4832,UK/CHA/62C03/2016/20,Uttarakhand,Champawat,Syuri,29.437167,80.043694,Rock,Slide,2006
4833,UK/CHA/62C03/2016/17,Uttarakhand,Champawat,Surkot,29.4375,80.016528,Rock,Slide,2016
4834,UK/CHA/53O15/2016/91,Uttarakhand,Champawat,Chatri,29.449468,79.968647,Debris,Slide,2011
4835,UK/PIT/62C03/2016/115,Uttarakhand,Champawat,Jhirkunj,29.453047,80.062032,Rock,Slide,2011
4836,UK/CHA/62C03/2016/13,Uttarakhand,Champawat,Surkot,29.454463,80.009497,Rock,Slide,2016
4837,UK/PIT/62C03/2016/123,Uttarakhand,Champawat,Surkot,29.459219,80.024606,Rock,Slide,2002
4838,UK/PIT/62C03/2016/122,Uttarakhand,Champawat,Surkot,29.459791,80.026952,Rock,Slide,2002
4839,UK/CHA/62C03/2016/43,Uttarakhand,Champawat,Surkot,29.463333,80.017611,Rock,Slide,2006
4840,UK/CHA/53O15/2016/31,Uttarakhand,Champawat,Raigaon,29.466972,79.994861,Rock,Slide,2006
4841,UK/CHA/53O15/2016/45,Uttarakhand,Champawat,Dagduwa,29.468026,79.973511,Rock,Slide,2002
4842,UK/CHA/53O15/2016/29,Uttarakhand,Champawat,Badiyari,29.480917,79.984417,Rock,Slide,2011
4843,UK/CHA/53O15/2016/28,Uttarakhand,Champawat,Badiyari,29.485694,79.975583,Rock,Slide,2011
4844,UK/CHA/53O15/2016/60,Uttarakhand,Champawat,Choura Gurith,29.486944,79.923045,Rock,Slide,2016
4845,UK/CHA/62C03/2016/102,Uttarakhand,Champawat,Ghat NH-125,29.487457,80.120093,Rock,Slide,2011
4846,UK/CHA/62C03/2016/46,Uttarakhand,Champawat,Ghat NH-125,29.498674,80.124267,Rock,Slide,2006
4847,UK/DEH/53J04/2015/338,Uttarakhand,Dehradun,,30.223583,78.245917,Debris,Slide,NA
4848,UK/DEH/53J04/2015/325,Uttarakhand,Dehradun,,30.226833,78.238556,Rock,Slide,NA
4849,UK/DEH/53J04/2015/334,Uttarakhand,Dehradun,,30.233056,78.233111,Debris,Slide,2012
4850,UK/DEH/53J03/2015/2011,Uttarakhand,Dehradun,Maidan-Katkar,30.251527,78.211004,Rock,Slide,NA
4851,UK/DEH/53J03/2015/2009,Uttarakhand,Dehradun,Maldeota-Hilaswali road,30.302444,78.227443,Rock,Slide,NA
4852,UK/DEH/53J03/2015/2065,Uttarakhand,Dehradun,Nainbag-Damta road,30.335093,78.125062,Rock,Slide,NA
4853,UK/DEH/53F15/2015/515,Uttarakhand,Dehradun,Kinswalgaon - Nakatpur,30.387929,77.984044,Debris,Subsidence,NA
4854,UK/DEH/53J03/2015/1990,Uttarakhand,Dehradun,Sahasdharadhara Majara road,30.391531,78.135094,Debris,Slide,NA
4855,UK/DEH/53J03/2015/1994,Uttarakhand,Dehradun,Maldeota-Phulet road,30.402398,78.189577,Rock,Slide,NA
4856,UK/DEH/53J03/2015/2008,Uttarakhand,Dehradun,Maldeota-Phulet road,30.40467,78.18335,Rock,Slide,NA
4857,UK/DEH/53J03/2025/02,Uttarakhand,Dehradun,Kurligad debris slide Kurligad village,30.40553889,78.14105278,Debris,Slide,2025
4858,UK/DEH/53J03/2015/1978,Uttarakhand,Dehradun,Dehradun-Motidhara RF road,30.408976,78.121365,Rock,Slide,NA
4859,UK/DEH/53J03/2015/2019,Uttarakhand,Dehradun,Maldeota-Dhumkot road,30.412109,78.119395,Rock,Slide,NA
4860,UK/DEH/53F15/2015/512,Uttarakhand,Dehradun,Kinswalgaon - Nakatpur,30.412752,77.960227,Rock,Slide,NA
4861,UK/DEH/53J03/2015/2062,Uttarakhand,Dehradun,"Dehradun, Marotha-Motidhara",30.41597,78.122279,Rock,Slide,NA
4862,UK/DEH/53J03/2015/2015,Uttarakhand,Dehradun,Maldeota-Dhumkot road,30.420579,78.115574,Rock,Slide,2012
4863,UK/DEH/53J03/2015/1987,Uttarakhand,Dehradun,Raipur-Jharipani road,30.423678,78.072684,Rock,Slide,NA
4864,UK/DEH/53J03/2015/1979,Uttarakhand,Dehradun,Raipur-Jharipani road,30.426778,78.075528,Rock,Slide,NA
4865,UK/DEH/53J03/2015/1977,Uttarakhand,Dehradun,Dehradun-Motidhara RF road,30.428194,78.112717,Rock,Slide,2008
4866,UK/DEH/53F15/2015/524,Uttarakhand,Dehradun,Nakatpur- Langha -Debthala,30.433081,77.889638,Debris,Subsidence,NA
4867,UK/DEH/53F15/2015/535,Uttarakhand,Dehradun,Forest,30.440209,77.987662,Debris,Slide,NA
4868,UK/DEH/53F15/2015/527,Uttarakhand,Dehradun,Nakatpur- Langha -Debthala,30.453808,77.916522,Debris,Slide,NA
4869,UK/DEH/53J03/2015/2029,Uttarakhand,Dehradun,Panditwari-Abbey road,30.455028,78.039639,Rock,Slide,NA
4870,UK/DEH/53F15/2015/532,Uttarakhand,Dehradun,Nakatpur- Langha -Debthala,30.455594,77.888131,Debris,Slide,NA
4871,UK/DEH/53F15/2015/531,Uttarakhand,Dehradun,Nakatpur- Langha -Debthala,30.466523,77.905455,Debris,Slide,NA
4872,UK/DEH/53J03/2015/2053,Uttarakhand,Dehradun,Mussorie-Nainbag road,30.480913,78.044821,Rock,Slide,NA
4873,UK/DDN/53F15/16/08/2023/01,Uttarakhand,Dehradun,"Jakhan slide Langha road ,Vikashnagar",30.4876,77.9122,Debris,Slide,16 August 2023 at 14:30 hrs.
4874,UK/DEH/53J03/2025/11,Uttarakhand,Dehradun,Kempty debris subsidence Kempty area SH-1,30.49138889,78.04047222,Debris,Subsidence,2025
4875,UK/DEH/53F14/2015/366,Uttarakhand,Dehradun,Kalsi -Baggi- Niste,30.512146,77.984807,Rock,Slide,NA
4876,UK/DEH/53F14/2015/360,Uttarakhand,Dehradun,Kalsi -Baggi- Niste,30.518119,77.945485,Rock,Rock fall,NA
4877,UK/DEH/53F14/2015/552,Uttarakhand,Dehradun,Nagthat - Milgad -Kandriyan,30.518825,77.956656,Debris,Slide,NA
4878,UK/DEH/53F14/2015/347,Uttarakhand,Dehradun,Kalsi -Baggi- Niste,30.52068,77.864787,Rock,Slide,NA
4879,UK/DEH/53F14/2015/568,Uttarakhand,Dehradun,Milgad -Nagthat -Barai,30.523896,77.97051,Debris,Slide,NA
4880,UK/DEH/53F14/2015/543,Uttarakhand,Dehradun,Nagthat - Milgad -Kandriyan,30.531775,77.976824,Rock,Slide,NA
4881,UK/DEH/53F14/2015/498,Uttarakhand,Dehradun,Singhori -Byasi-Kalsi,30.537829,77.882622,Debris,Slide,NA
4882,UK/DEH/53F14/2015/570,Uttarakhand,Dehradun,Milgad -Nagthat -Barai,30.538451,77.962838,Debris,Slide,NA
4883,UK/DEH/53F14/2015/577,Uttarakhand,Dehradun,Milgad -Nagthat -Barai,30.552081,77.952776,Debris,Slide,NA
4884,UK/DEH/53F14/2015/540,Uttarakhand,Dehradun,Nagthat - Milgad -Kandriyan,30.55278,77.963583,Debris,Slide,NA
4885,UK/DEH/53F14/2015/496,Uttarakhand,Dehradun,Singhori -Byasi-Kalsi,30.562457,77.887456,Debris,Slide,NA
4886,UK/DEH/53F14/2015/579,Uttarakhand,Dehradun,Milgad -Nagthat -Barai,30.562667,77.951363,Debris,Slide,NA
4887,UK/DEH/53F14/2015/482,Uttarakhand,Dehradun,Koti- Kalsi,30.564775,77.806857,Debris,Slide,NA
4888,UK/DEH/53F14/2015/583,Uttarakhand,Dehradun,Milgad -Nagthat -Barai,30.568238,77.98746,Rock,Slide,NA
4889,UK/DEH/53F14/2015/582,Uttarakhand,Dehradun,Milgad -Nagthat -Barai,30.570028,77.991389,Debris,Slide,NA
4890,UK/DEH/53F14/2015/451,Uttarakhand,Dehradun,Saini - Chakrata- Korwa,30.572939,77.865479,Debris,Slide,NA
4891,UK/DEH/53F14/2015/494,Uttarakhand,Dehradun,Singhori -Byasi-Kalsi,30.573639,77.926694,Debris,Slide,NA
4892,UK/DEH/53F14/2015/493,Uttarakhand,Dehradun,Singhori -Byasi-Kalsi,30.57625,77.932694,Debris,Slide,NA
4893,UK/DEH/53J02/2015/1921,Uttarakhand,Dehradun,Koisi-Nainbag road,30.582242,78.011497,Debris,Slide,NA
4894,UK/DEH/53F14/2015/446,Uttarakhand,Dehradun,Saini - Chakrata- Korwa,30.588739,77.877553,Debris,Slide,NA
4895,UK/DEH/53F14/2015/474,Uttarakhand,Dehradun,Koti- Kalsi,30.611806,77.7847,Debris,Slide,NA
4896,UK/DEH/53F14/2015/597,Uttarakhand,Dehradun,Korwa -Saini-,30.621828,77.864744,Debris,Slide,NA
4897,UK/DEH/53F14/2015/556,Uttarakhand,Dehradun,Saini -Kyawa-Saini,30.623028,77.897531,Debris,Slide,NA
4898,UK/DEH/53F14/2015/560,Uttarakhand,Dehradun,Saini -Kyawa-Saini,30.623748,77.883311,Debris,Slide,NA
4899,UK/DEH/53F14/2015/596,Uttarakhand,Dehradun,Korwa -Saini-,30.628464,77.860329,Debris,Slide,NA
4900,UK/DEH/53J02/2015/1962,Uttarakhand,Dehradun,Rajpur-Maldeota road,30.633663,78.013976,Debris,Slide,NA
4901,UK/DEH/53F14/2015/464,Uttarakhand,Dehradun,Koti- Kalsi,30.66344,77.789341,Debris,Slide,NA
4902,UK/DEH/53J02/2015/1945,Uttarakhand,Dehradun,Damta-Myanda road,30.670982,78.022963,Rock,Slide,NA
4903,UK/DEH/53F14/2015/461,Uttarakhand,Dehradun,Saini - Chakrata- Korwa,30.679278,77.778778,Debris,Slide,NA
4904,UK/DEH/53F13/2015/426,Uttarakhand,Dehradun,Bhandrouli -Raitar -Bular,30.758111,77.812167,Rock,Slide,NA
4905,UK/DEH/53F13/2015/425,Uttarakhand,Dehradun,Bhandrouli -Raitar -Bular,30.765694,77.814806,Rock,Rock fall,NA
4906,UK/DEH/53F13/2015/419,Uttarakhand,Dehradun,Bhandrouli -Raitar -Bular,30.788359,77.870369,Debris,Slide,NA
4907,UK/DEH/53F13/2015/416,Uttarakhand,Dehradun,Bhandrouli -Raitar -Bular,30.821776,77.847498,Debris,Slide,NA
4908,UK/DEH/53F13/2015/398,Uttarakhand,Dehradun,Palasu -Bhandrouli -Atal,30.838333,77.785583,Debris,Slide,NA
4909,UK/DEH/53F13/2015/395,Uttarakhand,Dehradun,Palasu -Bhandrouli -Atal,30.850549,77.815659,Debris,Slide,NA
4910,UK/DEH/53F13/2015/408,Uttarakhand,Dehradun,Bhunar -Tyuni,30.906398,77.857133,Rock,Slide,NA
4911,UK/DEH/53F13/2015/388,Uttarakhand,Dehradun,Gamri -Tyuni- Palasu,30.919645,77.843788,Rock,Slide,NA
4912,UK/DEH/53F13/2015/386,Uttarakhand,Dehradun,Gamri -Tyuni- Palasu,30.924908,77.839547,Debris,Slide,NA
4913,UK/DEH/53F13/2015/379,Uttarakhand,Dehradun,Hanol -Tyuni,30.925906,77.89789,Debris,Slide,NA
4914,UK/DEH/53F13/2015/605,Uttarakhand,Dehradun,Hanol - Jakhni,30.927066,77.911546,Debris,Slide,NA
4915,UK/DEH/53F13/2015/378,Uttarakhand,Dehradun,Hanol -Tyuni,30.928194,77.898332,Debris,Slide,NA
4916,UK/DEH/53F13/2015/377,Uttarakhand,Dehradun,Hanol -Tyuni,30.938194,77.9025,Rock,Slide,NA
4917,UK/GAR/53J16/2015/1136,Uttarakhand,Garhwal,,30.001518,78.813136,Rock,Slide,NA
4918,UK/GAR/53J16/2015/1139,Uttarakhand,Garhwal,NH-119,30.015096,78.807462,Debris,Slide,NA
4919,UK/GAR/53J16/2015/1141,Uttarakhand,Garhwal,NH-119,30.01544,78.808804,Rock,Slide,NA
4920,UK/GAR/53J12/2015/2409,Uttarakhand,Garhwal,Devaprayag-Kandi-Dabar-,30.015658,78.521021,Debris,Slide,NA
4921,UK/GAR/53J12/2015/2334,Uttarakhand,Garhwal,Thanul-Tolu-Butli-Gureth-,30.017883,78.659361,Debris,Slide,NA
4922,UK/GAR/53J16/2015/1128,Uttarakhand,Garhwal,NH-119,30.027475,78.804008,Rock,Slide,NA
4923,UK/GAR/53J12/2015/2403,Uttarakhand,Garhwal,Devaprayag-Kandi-Dabar-,30.027766,78.537875,Debris,Slide,NA
4924,UK/GAR/53J12/2015/2442,Uttarakhand,Garhwal,Devaprayag-Umrasu-Lasera-,30.037103,78.630754,Debris,Slide,NA
4925,UK/GAR/53J16/2015/1126,Uttarakhand,Garhwal,NH-119,30.038415,78.793859,Debris,Slide,NA
4926,UK/GAR/53J12/2015/2386,Uttarakhand,Garhwal,Devaprayag-Vyasghat-Basgari,30.039586,78.622311,Debris,Slide,NA
4927,UK/GAR/53J12/2015/2385,Uttarakhand,Garhwal,Devaprayag-Vyasghat-Basgari,30.045222,78.612361,Debris,Slide,NA
4928,UK/GAR/53J12/2015/2325,Uttarakhand,Garhwal,Adwani-Bherakhal,30.056673,78.663248,Debris,Slide,NA
4929,UK/GAR/53J12/2015/2330,Uttarakhand,Garhwal,Adwani-Bherakhal,30.056744,78.655905,Debris,Slide,NA
4930,UK/GAR/53J16/2015/1122,Uttarakhand,Garhwal,NH-119,30.063862,78.779648,Rock,Slide,NA
4931,UK/GAR/53J16/2015/1121,Uttarakhand,Garhwal,NH-119,30.071298,78.777149,Rock,Slide,NA
4932,UK/GAR/53J16/2015/1119,Uttarakhand,Garhwal,NH-119,30.087407,78.78309,Rock,Slide,NA
4933,UK/GAR/53J16/2015/1118,Uttarakhand,Garhwal,Pauri-Kotdwar Road (NH-119),30.091545,78.787796,Rock,Slide,NA
4934,UK/GAR/53J16/2015/1172,Uttarakhand,Garhwal,Saini-Chippalghat Road,30.09733,78.937207,Rock,Slide,NA
4935,UK/GAR/53J16/2015/1110,Uttarakhand,Garhwal,Kewars-Nallai Road,30.09803,78.755949,Debris,Slide,NA
4936,UK/GAR/53J16/2015/1153,Uttarakhand,Garhwal,Jwalpa-Bubakhal Road,30.103551,78.827366,Debris,Slide,NA
4937,UK/GAR/53J12/2015/2372,Uttarakhand,Garhwal,Pauri -Korsara-Athul-Bajyun,30.106909,78.680349,Debris,Slide,NA
4938,UK/GAR/53J12/2015/2311,Uttarakhand,Garhwal,Dandapani-Kholachauri-,30.110005,78.6163,Debris,Slide,NA
4939,UK/GAR/53J16/2015/1113,Uttarakhand,Garhwal,Kewars-Nallai Road,30.117837,78.775139,Debris,Slide,NA
4940,UK/GAR/53J12/2015/2309,Uttarakhand,Garhwal,Dandapani-Kholachauri-,30.118071,78.621667,Debris,Slide,NA
4941,UK/GAR/53J16/2015/1115,Uttarakhand,Garhwal,Kewars-Nallai Road,30.119619,78.771437,Debris,Slide,NA
4942,UK/GAR/53J12/2015/2304,Uttarakhand,Garhwal,Dandapani-Kholachauri-,30.123577,78.627012,Debris,Slide,NA
4943,UK/GAR/53J12/2015/2302,Uttarakhand,Garhwal,Dandapani-Kholachauri-,30.123721,78.622411,Debris,Slide,NA
4944,UK/GAR/53J12/2015/2358,Uttarakhand,Garhwal,KhandiyonsainChamoli-,30.131712,78.67097,Debris,Slide,NA
4945,UK/GAR/53J16/2015/1165,Uttarakhand,Garhwal,,30.133604,78.897139,Rock,Slide,NA
4946,UK/GAR/53J12/2015/2377,Uttarakhand,Garhwal,Girgaon-Dob-Sindi-Delchauri-,30.166845,78.731067,Debris,Slide,NA
4947,UK/GAR/53J16/2015/1179,Uttarakhand,Garhwal,Khirsu-Srinagar Road,30.175574,78.855068,Rock,Slide,NA
4948,UK/GAR/53J16/2015/1102,Uttarakhand,Garhwal,Khanda-Koti Road,30.180513,78.796145,Rock,Slide,NA
4949,UK/GAR/53J16/2015/1157,Uttarakhand,Garhwal,Khirsu-PithundiKhal Road,30.180689,78.918788,Debris,Slide,NA
4950,UK/GAR/53J16/2015/1103,Uttarakhand,Garhwal,Khanda-Koti Road,30.18242,78.79296,Rock,Slide,NA
4951,UK/GAR/53J16/2015/1098,Uttarakhand,Garhwal,Khanda-Sumari Road,30.187087,78.812486,Rock,Slide,NA
4952,UK/GAR/53J16/2015/1089,Uttarakhand,Garhwal,Oni - Ansoli Road,30.190425,78.763352,Rock,Slide,NA
4953,UK/GAR/53J16/2015/1203,Uttarakhand,Garhwal,Jaletha-Chamdhar Road,30.220131,78.869293,Debris,Slide,NA
4954,UK/GAR/53J16/2015/1197,Uttarakhand,Garhwal,Srikot-Garh Road,30.229328,78.825755,Earth,Slide,NA
4955,UK/GAR/53J16/2015/1194,Uttarakhand,Garhwal,Kaliyasaur-Srinagar Road (NH-,30.236208,78.847986,Rock,,NA
4956,UK/GAR/53J12/2015/2432,Uttarakhand,Garhwal,Devaprayag-Hidolakhal-Bagwan-,30.237905,78.701746,Debris,Slide,NA
4957,UK/GAR/53J16/2015/1192,Uttarakhand,Garhwal,Kaliyasaur-Srinagar Road (NH-,30.241445,78.858058,Debris,Slide,NA
4958,UK/GAR/53J15/2015/1049,Uttarakhand,Garhwal,Rudraprayag-Srinagar Road (NH-,30.25133,78.930272,Rock,,NA
4959,UK/GAR/53J15/2015/1046,Uttarakhand,Garhwal,Rudraprayag-Srinagar Road (NH-,30.275539,78.96832,Rock,,NA
4960,UK/GAR/53J15/2015/1035,Uttarakhand,Garhwal,,30.282979,78.991321,Debris,Slide,NA
4961,UK/GAR/53N03/2015/762,Uttarakhand,Garhwal,,30.286417,79.023722,Rock,Slide,NA
4962,UK/GAR/53N03/2015/614,Uttarakhand,Garhwal,NH-58,30.294667,79.071639,Debris,Slide,NA
4963,UK/GAR/53N03/2015/611,Uttarakhand,Garhwal,NH-58,30.297417,79.057361,Debris,Debris flow,NA
4964,UK/GAR/53N03/2015/612,Uttarakhand,Garhwal,NH-58,30.297444,79.059139,Debris,Slide,NA
4965,UK/HAR/53K1/2016/4,Uttarakhand,Haridwar,,29.900437,78.191591,Debris,Slide,NA
4966,UK/HAR/53K1/2016/2,Uttarakhand,Haridwar,,29.901485,78.181501,Rock,Slide,NA
4967,UK/HAR/53K1/2016/6,Uttarakhand,Haridwar,,29.909234,78.18456,Rock,Slide,NA
4968,UK/HAR/53K1/2016/1,Uttarakhand,Haridwar,Rampur Rao,29.967332,78.107284,Debris,Slide,NA
4969,UK/NAI/53O16/2017/2,Uttarakhand,Nainital,Siliyara,29.204726,79.810527,Rock,Slide,2013
4970,UK/NAI/53O12/2017/7,Uttarakhand,Nainital,,29.242521,79.628113,Rock,Slide,2011
4971,UK/NAI/53O11/2015/153,Uttarakhand,Nainital,Kathgodam - Pasholi,29.264742,79.563462,Rock,Slide,NA
4972,UK/NAI/53O11/2015/189,Uttarakhand,Nainital,Kathgodam - Paniyan,29.267671,79.555389,Rock,Slide,NA
4973,UK/NAI/53O11/2015/172,Uttarakhand,Nainital,Patrani - Kotbanna,29.269143,79.683619,Rock,Slide,NA
4974,UK/NAI/53O11/2015/178,Uttarakhand,Nainital,Kathgodam - Paniyan,29.271439,79.555086,Rock,Slide,NA
4975,UK/NAI/53O11/2015/152,Uttarakhand,Nainital,Ranibagh - Banana,29.283297,79.532982,Rock,Slide,NA
4976,UK/NAI/53O11/2015/218,Uttarakhand,Nainital,Shimalaya - Hairakhan,29.287698,79.719284,Rock,Slide,NA
4977,UK/NAI/53O11/2015/187,Uttarakhand,Nainital,Mahargaon - Mahanta,29.290265,79.704675,Rock,Slide,NA
4978,UK/NAI/53O11/2015/196,Uttarakhand,Nainital,Bohara - Shalani,29.293488,79.623976,Rock,Slide,NA
4979,UK/NAI/53O15/2016/80,Uttarakhand,Nainital,Kaudiyar,29.307972,79.795056,Rock,Slide,2011
4980,UK/NAI/53O07/2015/60,Uttarakhand,Nainital,Kaladhungi - Nainital,29.313058,79.343157,Rock,Slide,NA
4981,UK_Nainital_1,Uttarakhand,Nainital,KN_1 SH-13 Kaladungi Nainital Road,29.313852,79.35293,Debris,Slide,NA
4982,UK/NAI/53O07/2015/111,Uttarakhand,Nainital,Kaladhungi - Nainital,29.315465,79.345577,Debris,Slide,NA
4983,UK/NAI/53O07/2015/63,Uttarakhand,Nainital,Nainital - Kaladhungi,29.317,79.344,Rock,Slide,NA
4984,UK_Nainital_82,Uttarakhand,Nainital,NA Nainital Kathgodam road,29.317493,79.527359,Debris,Slide,NA
4985,UK/NAI/53O07/2015/123,Uttarakhand,Nainital,Nainital - Kaladhungi,29.32,79.352,Rock,Slide,NA
4986,UK_Nainital_8,Uttarakhand,Nainital,KN_7 Kaladungi Nainital Road,29.321569,79.35744,Debris,Slide,NA
4987,UK/NAI/53O07/2015/135,Uttarakhand,Nainital,Nainital - Chopra,29.335685,79.458622,Debris,Slide,NA
4988,UK/NAI/53O11/2015/168,Uttarakhand,Nainital,Bhimtal - Sat Tal,29.33717,79.523546,Debris,Slide,NA
4989,UK/NAI/53O07/2015/20,Uttarakhand,Nainital,Nainital - Devdhura,29.340086,79.414492,Rock,Slide,NA
4990,UK/NAI/53O11/2015/219,Uttarakhand,Nainital,Bhimtal - Sat Tal,29.3402,79.5237,Rock,Slide,NA
4991,UK/NAI/53O07/2015/129,Uttarakhand,Nainital,Kathgodam - Bhowali,29.34386,79.483737,Rock,Slide,NA
4992,UK_Nainital_12,Uttarakhand,Nainital,BN_1 Hugh slide in the south of Bhawali Nainital road,29.3536,79.4204,Debris,Slide,NA
4993,UK/NAI/53O07/2015/115,Uttarakhand,Nainital,Bhowali - Nainital,29.356057,79.471346,Rock,Slide,NA
4994,UK/NAI/53O11/2015/228,Uttarakhand,Nainital,Alchauna - Pandechhor,29.356697,79.588212,Rock,Slide,NA
4995,UK/NAI/53O07/2015/16,Uttarakhand,Nainital,Baldhiyakhan - Nainital,29.357283,79.430067,Debris,Slide,NA
4996,UK/NAI/53O07/2015/132,Uttarakhand,Nainital,Bhowali - Nainital,29.35896,79.484396,Rock,Slide,NA
4997,UK/NAI/53O07/2015/24,Uttarakhand,Nainital,Baldhiyakhan - Nainital,29.360794,79.429531,Debris,Slide,NA
4998,UK/NAI/53O07/2015/5,Uttarakhand,Nainital,Nainital - Kathgodam,29.368978,79.472131,Rock,Slide,NA
4999,UK/NAI/53O11/2015/186,Uttarakhand,Nainital,Mahargaon - Mahanta,29.369012,79.587893,Debris,Slide,NA
5000,UK/NAI/53O11/2015/242,Uttarakhand,Nainital,Bhimtal - Sat Tal,29.370975,79.534144,Rock,Slide,NA
5001,UK/NAI/53O07/2015/108,Uttarakhand,Nainital,Nainital - Kaladungi,29.374729,79.429801,Rock,Rock fall,NA
5002,UK/NAI/53O07/2015/72,Uttarakhand,Nainital,Bhowali - Nainital,29.376896,79.490523,Rock,Slide,NA
5003,UK/NAI/53O11/2015/277,Uttarakhand,Nainital,Bhowali - Ghorakhal,29.377843,79.541803,Debris,Slide,NA
5004,UK/NAI/53O11/2015/276,Uttarakhand,Nainital,Bhowali - Ghorakhal,29.3788,79.5406,Debris,Slide,NA
5005,"UK_Nainital_24, 25, 26",Uttarakhand,Nainital,"Narayan nagar, BN_13 Bhawali Nainital road",29.380077,79.491868,Debris,,NA
5006,"UK_Nainital_28 , 29",Uttarakhand,Nainital,"Narayan nagar, BN_15 Bhawali Nainital road",29.380077,79.491868,Debris,Slide,NA
5007,UK/NAI/53O11/2015/203,Uttarakhand,Nainital,Mahargaon - Mahanta,29.380208,79.585769,Rock,Slide,NA
5008,UK_Nainital_18/validated,Uttarakhand,Nainital,"Narayan nagar, BN_7 Bhawali Nainital road",29.382697,79.42724,Debris,Slide,NA
5009,"UK_Nainital_17, Balia Nala Slide",Uttarakhand,Nainital,"Narayan nagar, BN_6 Bhawali Nainital road",29.382697,79.42724,Rock,Slide,NA
5010,UK_Nainital_16,Uttarakhand,Nainital,"Narayan nagar, BN_5 Bhawali Nainital road",29.382697,79.42724,Debris,Slide,NA
5011,UK/NAI/53O07/2015/43,Uttarakhand,Nainital,Bajun - Adhaura,29.387343,79.40101,Rock,Slide,NA
5012,UK/NAI/53O11/2015/231,Uttarakhand,Nainital,Ghutiya - Agsara,29.389671,79.615259,Rock,Slide,NA
5013,UK/NAI/53O11/2015/280,Uttarakhand,Nainital,Gunigaon - Kasyalkhet,29.400005,79.635763,Rock,Slide,NA
5014,UK/NAI/53O07/2015/122,Uttarakhand,Nainital,Kotabagh - Kaladhungi,29.400357,79.317766,Debris,Slide,NA
5015,UK/NAI/53O11/2015/281,Uttarakhand,Nainital,Gunigaon - Kasyalkhet,29.405257,79.633573,Rock,Slide,NA
5016,UK/NAI/53O07/2015/85,Uttarakhand,Nainital,Baghani - Kaladhungi,29.422354,79.302632,Rock,Slide,NA
5017,UK/NAI/53O07/2015/32,Uttarakhand,Nainital,Bhowali - Almora,29.435591,79.492528,Rock,Slide,NA
5018,UK/NAI/53O11/2015/241,Uttarakhand,Nainital,Talla Ramgarh - Nathuwakhan,29.440671,79.560423,Debris,Slide,NA
5019,UK/NAI/53O07/2015/88,Uttarakhand,Nainital,Ghugukhan - Baghani,29.440695,79.409513,Rock,Slide,NA
5020,UK/NAI/53O07/2015/87,Uttarakhand,Nainital,Ninglat Talli - Talla Ramgarh,29.440714,79.497838,Debris,Slide,NA
5021,UK/NAI/53O07/2015/48,Uttarakhand,Nainital,Ninglat Talli - Talla Ramgarh,29.440762,79.472619,Debris,Slide,NA
5022,UK/NAI/53O07/2015/119,Uttarakhand,Nainital,Ninglat Talli - Talla Ramgarh,29.442571,79.496577,Debris,Slide,NA
5023,UK/NAI/53O07/2015/45,Uttarakhand,Nainital,Baghani - Kaladhungi,29.448438,79.289705,Rock,Slide,NA
5024,UK/NAI/53O07/2015/35,Uttarakhand,Nainital,Ninglat Talli - Talla Ramgarh,29.453408,79.476306,Debris,Slide,NA
5025,UK/NAI/53O07/2015/65,Uttarakhand,Nainital,Bhowali - Almora,29.46106,79.481638,Debris,Slide,NA
5026,UK/NAI/53O07/2015/75,Uttarakhand,Nainital,Baghani - Kaladhungi,29.461215,79.312385,Rock,Slide,NA
5027,UK/NAI/53O07/2015/52,Uttarakhand,Nainital,Ghugukhan - Baghani,29.466562,79.335137,Debris,Slide,NA
5028,UK/NAI/53O07/2015/23,Uttarakhand,Nainital,Baghani - Kaladhungi,29.468948,79.333806,Rock,Slide,NA
5029,UK/NAI/53O07/2015/126,Uttarakhand,Nainital,Khairna - Kaphulta,29.479931,79.445905,Rock,Slide,NA
5030,UK/NAI/53O11/2015/265,Uttarakhand,Nainital,Lwesal - Mukteshwar,29.48695,79.677336,Rock,Slide,NA
5031,UK/NAI/53O07/2015/38,Uttarakhand,Nainital,Majhkot - Bajeri,29.488004,79.451893,Debris,Slide,NA
5032,UK/NAI/53O03/2017/2,Uttarakhand,Nainital,Garjiya Devi,29.492889,79.142232,Rock,Slide,NA
5033,UK/NAI/53O06/2017/9,Uttarakhand,Nainital,Forest,29.502053,79.420426,Rock,Slide,2014
5034,UK/NAI/53O06/2017/69,Uttarakhand,Nainital,Dhari,29.509503,79.452938,Rock,Slide,2017
5035,UK/NAI/53O06/2017/8,Uttarakhand,Nainital,Bharari,29.515572,79.435206,Debris,Slide,2014
5036,UK/NAI/53O06/2017/56,Uttarakhand,Nainital,Saungaon,29.521163,79.406882,Rock,Slide,2014
5037,UK/NAI/53O06/2017/67,Uttarakhand,Nainital,Saungaon,29.52181,79.410112,Rock,Slide,2011
5038,UK/NAI/53O06/2017/11,Uttarakhand,Nainital,Forest,29.522051,79.430568,Rock,Slide,2011
5039,UK/NAI/53O06/2017/57,Uttarakhand,Nainital,Forest,29.523619,79.400202,Rock,Slide,2014
5040,UK/NAI/53O06/2017/87,Uttarakhand,Nainital,Betaldhunga,29.5241,79.4221,Debris,Slide,2011
5041,UK/NAI/53O02/2017/92,Uttarakhand,Nainital,Forest,29.5316,79.0723,Rock,Slide,2011
5042,UK/NAI/53O10/2015/1290,Uttarakhand,Nainital,,29.544083,79.6325,Debris,Slide,NA
5043,UK/NAI/53O06/2017/28,Uttarakhand,Nainital,Ghoriya Halson,29.547198,79.338611,Rock,Slide,2010
5044,UK/NAI/53O06/2017/31,Uttarakhand,Nainital,Forest,29.550571,79.309235,Rock,Slide,2011
5045,UK/NAI/53O06/2017/15,Uttarakhand,Nainital,Forest,29.556113,79.405966,Rock,Slide,2010
5046,UK/NAI/53O06/2017/51,Uttarakhand,Nainital,Joshikhola,29.565344,79.352622,Rock,Slide,2017
5047,UK/NAI/53O06/2017/21,Uttarakhand,Nainital,Naughar,29.590891,79.327146,Rock,Slide,2014
5048,UK/PAU/53O02/2017/64,Uttarakhand,Pauri,Garhwal Betaldhunga,29.621418,79.083969,Rock,Slide,2017
5049,UK/PAU/53O02/2017/88,Uttarakhand,Pauri,Garhwal Nala,29.632631,79.080085,Rock,Slide,2011
5050,UK/PAU/53K13/2016/131,Uttarakhand,Pauri,Garhwal Jimcorbet,29.638,78.943,Rock,Slide,NA
5051,UK/PAU/53O02/2017/99,Uttarakhand,Pauri,Garhwal Kamand Walla,29.648876,79.047397,Rock,Slide,2011
5052,UK/PAU/53K14/2016/3,Uttarakhand,Pauri,Garhwal Road to Ghorkhand,29.667211,78.98775,Rock,Slide,NA
5053,UK/PAU/53O02/2017/85,Uttarakhand,Pauri,Garhwal Kinath,29.669243,79.076167,Rock,Slide,2013
5054,UK/PAU/53O02/2017/54,Uttarakhand,Pauri,Garhwal Forest,29.679059,79.067813,Rock,Slide,2014
5055,UK/PAU/53O02/2017/55,Uttarakhand,Pauri,Garhwal Pultanda,29.681667,79.061107,Rock,Slide,2014
5056,UK/PAU/53O02/2017/57,Uttarakhand,Pauri,Garhwal Amkholi,29.689263,79.072339,Rock,Slide,NA
5057,UK/PAU/53K14/2016/15,Uttarakhand,Pauri,Garhwal,29.692,78.908,Rock,Slide,NA
5058,UK/PAU/53O02/2017/28,Uttarakhand,Pauri,Garhwal Bhandar,29.713777,79.098999,Rock,Slide,2011
5059,UK/PAU/53O01/2017/108,Uttarakhand,Pauri,Garhwal NH121,29.757315,79.020186,Rock,Slide,NA
5060,UK/PAU/53O01/2017/110,Uttarakhand,Pauri,Garhwal NH121,29.761732,79.015934,Rock,Slide,2015
5061,UK/PAU/53O01/2017/118,Uttarakhand,Pauri,Garhwal RamnagarSaufkhetSaraikhet,29.76765,79.106814,Rock,Slide,2011
5062,UK/PAU/53O01/2017/126,Uttarakhand,Pauri,Garhwal NH121,29.769875,79.119965,Rock,Slide,2009
5063,UK/PAU/53O01/2017/124,Uttarakhand,Pauri,Garhwal NH121,29.770984,79.117456,Rock,Slide,2009
5064,UK/PAU/53O01/2017/123,Uttarakhand,Pauri,Garhwal NH121,29.779072,79.03504,Debris,Slide,2009
5065,UK/PAU/53K09/2016/45,Uttarakhand,Pauri,Garhwal,29.784633,78.549221,Rock,Slide,NA
5066,UK/PAU/53K09/2016/87,Uttarakhand,Pauri,Garhwal,29.788787,78.594795,Debris,Debris flow,NA
5067,UK/PAU/53K13/2016/137,Uttarakhand,Pauri,Garhwal,29.790482,78.890662,Rock,Slide,NA
5068,UK/PAU/53K09/2016/41,Uttarakhand,Pauri,Garhwal,29.793601,78.426796,Rock,Slide,NA
5069,UK/PAU/53K09/2016/169,Uttarakhand,Pauri,Garhwal,29.794827,78.529297,Debris,Slide,NA
5070,UK/PAU/53K09/2016/76,Uttarakhand,Pauri,Garhwal Dugadda,29.794958,78.596622,Rock,Slide,NA
5071,UK/PAU/53K09/2016/184,Uttarakhand,Pauri,Garhwal,29.795217,78.59856,Rock,Slide,NA
5072,UK/PAU/53K13/2016/141,Uttarakhand,Pauri,Garhwal,29.799361,78.754465,Rock,Slide,NA
5073,UK/PAU/53K13/2016/140,Uttarakhand,Pauri,Garhwal,29.799533,78.753783,Debris,Debris flow,NA
5074,UK/PAU/53K09/2016/199,Uttarakhand,Pauri,Garhwal Dugadda,29.808045,78.598895,Debris,Slide,NA
5075,UK/PAU/53K09/2016/14,Uttarakhand,Pauri,Garhwal,29.808248,78.612736,Rock,Slide,NA
5076,UK/PAU/53K09/2016/115,Uttarakhand,Pauri,Garhwal,29.809027,78.60608,Debris,Slide,NA
5077,UK/PAU/53K09/2016/11,Uttarakhand,Pauri,Garhwal,29.809216,78.613298,Rock,Rock fall,NA
5078,UK/PAU/53K09/2016/77,Uttarakhand,Pauri,Garhwal,29.810561,78.593752,Debris,Slide,NA
5079,UK/PAU/53K13/2016/155,Uttarakhand,Pauri,Garhwal,29.813,78.904,Rock,Slide,NA
5080,UK/PAU/53K13/2016/154,Uttarakhand,Pauri,Garhwal,29.814,78.927,Rock,Slide,NA
5081,UK/PAU/53K09/2016/12,Uttarakhand,Pauri,Garhwal,29.814589,78.609862,Rock,Slide,NA
5082,UK/PAU/53K13/2016/152,Uttarakhand,Pauri,Garhwal,29.817,78.937,Rock,Slide,NA
5083,UK/PAU/53K09/2016/40,Uttarakhand,Pauri,Garhwal,29.822439,78.542017,Rock,Slide,NA
5084,UK/PAU/53O01/2017/103,Uttarakhand,Pauri,Garhwal NH121,29.823459,79.06736,Rock,Slide,2011
5085,UK/PAU/53K13/2016/126,Uttarakhand,Pauri,Garhwal Kanda Malla,29.825291,78.951698,Rock,Slide,NA
5086,UK/PAU/53K13/2016/156,Uttarakhand,Pauri,Garhwal,29.83161,78.897483,Rock,Slide,NA
5087,UK/PAU/53O01/2017/101,Uttarakhand,Pauri,Garhwal NH121,29.833155,79.05763,Debris,Slide,2013
5088,UK/PAU/53K13/2016/148,Uttarakhand,Pauri,Garhwal,29.837812,78.980182,Rock,Slide,NA
5089,UK/PAU/53O01/2017/113,Uttarakhand,Pauri,Garhwal Bandarkhuta,29.847442,79.086055,Rock,Slide,2012
5090,UK/PAU/53K13/2016/107,Uttarakhand,Pauri,Garhwal,29.855822,78.828401,Debris,Slide,NA
5091,UK/PAU/53K13/2016/112,Uttarakhand,Pauri,Garhwal,29.857,78.81,Debris,Slide,NA
5092,UK/PAU/53K13/2016/111,Uttarakhand,Pauri,Garhwal,29.858827,78.824634,Rock,Slide,NA
5093,UK/PAU/53K09/2016/71,Uttarakhand,Pauri,Garhwal,29.862501,78.723117,Rock,Slide,NA
5094,UK/PAU/53K09/2016/56,Uttarakhand,Pauri,Garhwal Jhatri,29.86465,78.595345,Debris,Slide,NA
5095,UK/PAU/53K13/2016/69,Uttarakhand,Pauri,Garhwal Road to Dudharkhal,29.87,78.797,Debris,Slide,NA
5096,UK/PAU/53K09/2016/187,Uttarakhand,Pauri,Garhwal,29.875524,78.515601,Debris,Slide,NA
5097,UK/PAU/53K13/2016/78,Uttarakhand,Pauri,Garhwal Road to Dudharkhal,29.877599,78.752605,Rock,Slide,NA
5098,UK/PAU/53K05/2016/14,Uttarakhand,Pauri,Garhwal,29.878412,78.449121,Rock,Slide,NA
5099,UK/PAU/53K09/2016/151,Uttarakhand,Pauri,Garhwal,29.882055,78.611968,Debris,Slide,NA
5100,UK/PAU/53O01/2017/80,Uttarakhand,Pauri,Garhwal Suraikhet road,29.895765,79.124397,Rock,Slide,2016
5101,UK/PAU/53K09/2016/68,Uttarakhand,Pauri,Garhwal,29.896437,78.707455,Debris,Slide,NA
5102,UK/PAU/53K13/2016/67,Uttarakhand,Pauri,Garhwal Pokhra Road,29.898006,78.858767,Rock,Slide,NA
5103,UK/PAU/53K13/2016/66,Uttarakhand,Pauri,Garhwal Pokhra Road,29.898245,78.859359,Debris,Slide,NA
5104,UK/PAU/53K09/2016/118,Uttarakhand,Pauri,Garhwal Bagi,29.900767,78.506237,Rock,Slide,NA
5105,UK/PAU/53K09/2016/7,Uttarakhand,Pauri,Garhwal Satpuli Malli,29.902383,78.713652,Rock,Slide,NA
5106,UK/PAU/53O01/2017/91,Uttarakhand,Pauri,Garhwal MatelaJogmari road,29.906565,79.034338,Rock,Slide,2012
5107,UK/PAU/53K09/2016/153,Uttarakhand,Pauri,Garhwal,29.909702,78.635017,Rock,Slide,NA
5108,UK/PAU/53K05/2016/37,Uttarakhand,Pauri,Garhwal,29.914489,78.394409,Rock,Rock fall,NA
5109,UK/PAU/53K13/2016/31,Uttarakhand,Pauri,Garhwal road to Rithakhal,29.91541,78.806832,Rock,Slide,NA
5110,UK/PAU/53K10/2016/1,Uttarakhand,Pauri,Garhwal,29.918065,78.676453,Rock,Rock fall,NA
5111,UK/PAU/53K09/2016/125,Uttarakhand,Pauri,Garhwal S of Kunti village,29.918732,78.59211,Debris,Slide,NA
5112,UK/PAU/53K09/2016/64,Uttarakhand,Pauri,Garhwal Kalauri,29.92417,78.622268,Debris,Slide,NA
5113,UK/PAU/53K13/2016/53,Uttarakhand,Pauri,Garhwal Road to Dewalikhal,29.933576,78.874352,Debris,Slide,NA
5114,UK/PAU/53K09/2016/121,Uttarakhand,Pauri,Garhwal,29.933772,78.591131,Debris,Slide,NA
5115,UK/PAU/53K09/2016/178,Uttarakhand,Pauri,Garhwal,29.934976,78.591151,Debris,Slide,NA
5116,UK/PAU/53K09/2016/114,Uttarakhand,Pauri,Garhwal Baunsal NH532,29.935625,78.744499,Debris,Slide,NA
5117,UK/PAU/53K09/2016/182,Uttarakhand,Pauri,Garhwal kimsar,29.941021,78.358445,Rock,Slide,NA
5118,UK/PAU/53K05/2016/34,Uttarakhand,Pauri,Garhwal,29.942171,78.482875,Debris,Slide,NA
5119,UK/PAU/53O01/2017/47,Uttarakhand,Pauri,Garhwal Gurufali road,29.942611,79.077556,Rock,Slide,2012
5120,UK/PAU/53K09/2016/154,Uttarakhand,Pauri,Garhwal,29.943208,78.578758,Debris,Slide,NA
5121,UK/PAU/53O01/2017/51,Uttarakhand,Pauri,Garhwal DhaundThapla road,29.943316,79.054447,Rock,Slide,2011
5122,UK/PAU/53K05/2016/29,Uttarakhand,Pauri,Garhwal,29.943743,78.477895,Rock,Slide,NA
5123,UK/PAU/53K09/2016/39,Uttarakhand,Pauri,Garhwal,29.956144,78.160094,Rock,Slide,NA
5124,UK/PAU/53K09/2016/101,Uttarakhand,Pauri,Garhwal,29.956919,78.69335,Debris,Slide,NA
5125,UK/PAU/53K09/2016/189,Uttarakhand,Pauri,Garhwal,29.959609,78.524587,Debris,Slide,NA
5126,UK/PAU/53K05/2016/8,Uttarakhand,Pauri,Garhwal,29.961027,78.472414,Rock,Slide,NA
5127,UK/PAU/53O01/2017/52,Uttarakhand,Pauri,Garhwal ThaplaPitarsainBhandeli road,29.97143,79.068181,Rock,Slide,2012
5128,UK/PAU/53K13/2016/86,Uttarakhand,Pauri,Garhwal Road to Pokhardhar,29.974498,78.908928,Rock,Slide,NA
5129,UK/PAU/53K13/2016/17,Uttarakhand,Pauri,Garhwal,29.976262,78.781953,Debris,Slide,NA
5130,UK/PAU/53O01/2017/67,Uttarakhand,Pauri,Garhwal NH121,29.978565,79.02029,Rock,Slide,2011
5131,UK/PAU/53K05/2016/9,Uttarakhand,Pauri,Garhwal,29.981024,78.470634,Rock,Slide,NA
5132,UK/PAU/53K13/2016/81,Uttarakhand,Pauri,Garhwal Road to Dudharkhal,29.981548,78.934153,Rock,Slide,NA
5133,UK/PAU/53K05/2016/3,Uttarakhand,Pauri,Garhwal,29.984677,78.478837,Debris,Slide,NA
5134,UK/PAU/53K05/2016/10,Uttarakhand,Pauri,Garhwal,29.985785,78.476349,Rock,Slide,NA
5135,UK/PAU/53K09/2016/138,Uttarakhand,Pauri,Garhwal,29.986186,78.530342,Debris,Slide,NA
5136,UK/PAU/53K05/2016/4,Uttarakhand,Pauri,Garhwal,29.989598,78.478211,Rock,Slide,NA
5137,UK/PAU/53K05/2016/16,Uttarakhand,Pauri,Garhwal,29.99231,78.42799,Rock,Slide,NA
5138,UK/PAU/53K13/2016/13,Uttarakhand,Pauri,Garhwal Road NH119 (Pauri),29.993858,78.798072,Rock,Slide,NA
5139,UK/PAU/53K13/2016/7,Uttarakhand,Pauri,Garhwal Road NH119 (Pauri),29.998308,78.806018,Rock,Slide,NA
5140,UK/PAU/53K09/2016/140,Uttarakhand,Pauri,Garhwal,29.998585,78.545293,Rock,Slide,NA
5141,UK/PAU/53K13/2016/6,Uttarakhand,Pauri,Garhwal Road NH119 (Pauri),29.998644,78.805098,Rock,Slide,NA
5142,UK/PAU/53K13/2016/1,Uttarakhand,Pauri,Garhwal Road NH119 (Pauri),29.999664,78.800898,Rock,Slide,NA
5143,UK/PAU/53N04/2018/7,Uttarakhand,Pauri,Garhwal Majkhola Rangao-Bagwari-Thalisain,30.018083,79.096333,Rock,Slide,2018
5144,UK/PAU/53N04/2018/6,Uttarakhand,Pauri,Garhwal Majkhola Rangao-Bagwari-Thalisain,30.03153,79.076055,Rock,Slide,2018
5145,UK/PAU/53J08/2025/02,Uttarakhand,Pauri,Garhwal Neelkanth Mahadev Temple landslide Neelkanth Mahadev Temple,30.0805,78.34372222,Debris,Slide,2025
5146,UK/PAU/53N04/2018/13,Uttarakhand,Pauri,Garhwal Kimtoli Kathyur-Gadoli-Saun,30.098298,79.094485,Rock,Slide,2013
5147,UK/PAU/53N04/2018/17,Uttarakhand,Pauri,Garhwal Gounkhal Kathyur-Gadoli-Saun,30.100453,79.038016,Rock,Slide,2012
5148,UK/PAU/53N04/2018/18,Uttarakhand,Pauri,Garhwal Gounkhal Kathyur-Gadoli-Saun,30.101302,79.03806,Rock,Slide,2012
5149,UK/CHA/62C03/2016/8,Uttarakhand,Pithoragarh,Ghat NH-125,29.491556,80.130528,Rock,Slide,2014
5150,UK/PIT/62C06/2017/88,Uttarakhand,Pithoragarh,,29.50587,80.290045,Rock,Slide,NA
5151,UK/PIT/62C06/2017/89,Uttarakhand,Pithoragarh,,29.506185,80.290165,Rock,Slide,NA
5152,UK/PIT/62C06/2017/84,Uttarakhand,Pithoragarh,,29.509016,80.303447,Debris,Slide,2011
5153,UK/PIT/62C06/2017/77,Uttarakhand,Pithoragarh,,29.538607,80.256731,Debris,Slide,NA
5154,UK/PIT/62C06/2017/104,Uttarakhand,Pithoragarh,Batuna,29.544136,80.312749,Debris,Slide,NA
5155,UK/PIT/62C06/2017/103,Uttarakhand,Pithoragarh,Batuna,29.544509,80.312151,,Slide,NA
5156,UK/PIT/62C06/2017/105,Uttarakhand,Pithoragarh,Batuna,29.555841,80.347144,Debris,Slide,2014
5157,UK/PIT/62C06/2017/72,Uttarakhand,Pithoragarh,Gyani,29.601952,80.357774,Rock,Slide,NA
5158,UK/PIT/62C06/2017/73,Uttarakhand,Pithoragarh,,29.603252,80.351608,Rock,Slide,NA
5159,UK/PIT/62C02/2015/520,Uttarakhand,Pithoragarh,,29.615535,80.003424,Rock,Slide,NA
5160,UK/PIT/62C06/2017/1,Uttarakhand,Pithoragarh,Nainipatal,29.618156,80.259177,Rock,Slide,2016
5161,UK/PIT/62C06/2017/65,Uttarakhand,Pithoragarh,Ritakhani,29.631806,80.385531,Debris,Slide,NA
5162,UK/PIT/62C06/2017/64,Uttarakhand,Pithoragarh,,29.632504,80.381304,Debris,Slide,NA
5163,UK/PIT/62C06/2017/45,Uttarakhand,Pithoragarh,Bajet,29.633552,80.25202,Debris,Slide,NA
5164,UK/PIT/62C06/2017/56,Uttarakhand,Pithoragarh,Gurchu,29.642806,80.354707,Debris,Slide,2017
5165,UK/PIT/62C06/2017/57,Uttarakhand,Pithoragarh,,29.644778,80.355423,Debris,Slide,NA
5166,UK/PIT/62C02/2015/475,Uttarakhand,Pithoragarh,,29.65775,80.208133,Debris,Slide,NA
5167,UK/PIT/62C06/2017/9,Uttarakhand,Pithoragarh,Kanalichina,29.672028,80.26343,Rock,Slide,2017
5168,UK/PIT/62C06/2017/7,Uttarakhand,Pithoragarh,Kanalichina,29.672165,80.2623,Rock,Slide,2017
5169,UK/PIT/62C02/2015/510,Uttarakhand,Pithoragarh,,29.675222,80.231361,Rock,,NA
5170,UK/PIT/62C06/2017/43,Uttarakhand,Pithoragarh,Malan,29.686914,80.256746,Rock,Slide,2016
5171,UK/PIT/62C02/2015/516,Uttarakhand,Pithoragarh,,29.688529,80.00186,Rock,Slide,NA
5172,UK/PIT/62C02/2015/509,Uttarakhand,Pithoragarh,,29.696889,80.246444,Debris,Slide,NA
5173,UK/PIT/62C06/2017/22,Uttarakhand,Pithoragarh,,29.705019,80.260126,Rock,Slide,NA
5174,UK_Pith_74,Uttarakhand,Pithoragarh,NA Pithoragarh Dharchula road,29.713207,80.360451,Debris,Slide,NA
5175,UK/PIT/62C06/2017/39,Uttarakhand,Pithoragarh,Poth,29.715924,80.276865,Debris,Slide,2017
5176,UK/PIT/62C02/2015/507,Uttarakhand,Pithoragarh,,29.716861,80.186208,Rock,Slide,NA
5177,UK/PITH/62 C/6/2016/35,Uttarakhand,Pithoragarh,Patharkot Ogla – Bastari –Patharkot,29.72366667,80.29602778,Debris,Slide,
5178,UK/PIT/62C06/2017/26,Uttarakhand,Pithoragarh,BANDARIMA,29.727222,80.276917,Rock,Slide,2017
5179,UK/PITH/62 C/6/2016/36,Uttarakhand,Pithoragarh,Singhali Ogla – Singhali –Bastari,29.7375,80.30286111,Debris,Slide,
5180,UK_Pith_72,Uttarakhand,Pithoragarh,NA Ogla to pithoragarh,29.737689,80.272525,Rock,Slide,NA
5181,UK/PIT/62C06/2017/32,Uttarakhand,Pithoragarh,HACHILA,29.7415,80.2725,Rock,Slide,NA
5182,UK/PIT/53O13/2015/356,Uttarakhand,Pithoragarh,,29.755267,79.931504,Debris,Slide,NA
5183,UK/PIT/53O13/2015/358,Uttarakhand,Pithoragarh,,29.756051,79.901721,Debris,Slide,NA
5184,UK/PITH/62C05/2013/0059,Uttarakhand,Pithoragarh,UK/Pith/ Jauljibi-Didihat/LS/0059 State Highway,29.75833,80.3475,Debris,Fall,2013
5185,30,Uttarakhand,Pithoragarh,Askot Askot,29.75888889,80.34944444,Rock,Slide,2013
5186,UK/PIT/53O13/2015/360,Uttarakhand,Pithoragarh,,29.778829,79.834544,Rock,Slide,NA
5187,UK/CH/TNK/PDLS/2025/01,Uttarakhand,Pithoragarh,Lohargaon (Near KMVN) SH,29.79944444,80.25019444,Debris,Slide,16 September 2025
5188,UK/PIT/62C01/2015/411,Uttarakhand,Pithoragarh,,29.825306,80.090917,Debris,Fall,NA
5189,UK/PITH/62C05/2013/0040,Uttarakhand,Pithoragarh,UK/Pith/ Munsyari- Ghatta Bagar village,29.82917,80.36611,Rock,Slide,2013
5190,UK/PITH/62 C/1/2016/31,Uttarakhand,Pithoragarh,Safed Hathi Gadera (Saskhet) Thal – Didihat road.,29.84363889,80.16125,Debris,Slide,
5191,UK/PITH/62 C/1/2016/28,Uttarakhand,Pithoragarh,Malujhula Gatigad-Veera-Malujhula,29.84861111,80.15691667,Rock,Slide,
5192,UK/PIT/62C01/2015/406,Uttarakhand,Pithoragarh,,29.850942,80.016361,Debris,Debris flow,NA
5193,UK/PITH/62 C/1/2016/26,Uttarakhand,Pithoragarh,Naulara Slide Thal-Nachni road.,29.86466667,80.16494444,Debris,Slide,
5194,UK/PITH/62C09/2013/0048,Uttarakhand,Pithoragarh,UK/Pith/ Tawaghat- Village Dobat,29.87694,80.5625,Debris,Slide,2013
5195,UK/PIT/62C09/2020/2,Uttarakhand,Pithoragarh,Tawa Ghat-Dharchula-Gothi,29.88,80.56,Debris,Slide,2014
5196,UK/PIT/62C01/2015/430,Uttarakhand,Pithoragarh,,29.955352,80.126755,Rock,Rock fall,NA
5197,29,Uttarakhand,Pithoragarh,Tawaghat Tawaghat,29.96055556,80.61472222,Debris,Slide,2013
5198,UK/PIT/62C09/2020/15,Uttarakhand,Pithoragarh,Tawa Ghat-Narayan ashram,29.98,80.65,Rock,Slide,2018
5199,UK/PIT/62C09/2020/19,Uttarakhand,Pithoragarh,Tawa Ghat-Narayan ashram,29.98,80.58,Rock,Slide,2019
5200,UK/PIT/62C09/2020/11,Uttarakhand,Pithoragarh,Tawa Ghat-Narayan ashram,29.98,80.63,Rock,Slide,2019
5201,UK/PIT/62C01/2015/446,Uttarakhand,Pithoragarh,,29.985586,80.088422,Rock,Slide,NA
5202,UK/PIT/62B04/2018/31,Uttarakhand,Pithoragarh,Tholi Sama-Tejam-Munsyari,30.000678,80.140338,Debris,Slide,2013
5203,UK/PIT/62B12/2020/9,Uttarakhand,Pithoragarh,Pangla-Malpa,30.001448,80.73041,Debris,Slide,2014
5204,UK/PIT/62B04/2018/24,Uttarakhand,Pithoragarh,Sama-Tejam-Munsyari,30.011826,80.082283,Rock,Slide,2018
5205,UK/PIT/62B04/2018/38,Uttarakhand,Pithoragarh,Magar Sama-Tejam-Munsyari,30.01742,80.150755,Debris,Slide,2011
5206,UK/PIT/62B04/2018/49,Uttarakhand,Pithoragarh,Ratapani Sama-Tejam-Munsyari,30.031921,80.197792,Rock,Slide,2014
5207,UK/PIT/62B04/2018/50,Uttarakhand,Pithoragarh,Sama-Tejam-Munsyari,30.040403,80.192832,Debris,Slide,2014
5208,UK/PIT/62B04/2018/43,Uttarakhand,Pithoragarh,Sama-Tejam-Munsyari,30.05253,80.220333,Rock,Rock fall,2016
5209,UK/PIT/62B04/2018/63,Uttarakhand,Pithoragarh,Sama-Tejam-Munsyari,30.064063,80.24567,Debris,Slide,2014
5210,UK/PIT/62B04/2018/60,Uttarakhand,Pithoragarh,Sama-Tejam-Munsyari,30.081323,80.242364,Debris,Slide,2014
5211,UK/PIT/62B04/2018/62,Uttarakhand,Pithoragarh,Sama-Tejam-Munsyari,30.091267,80.240736,Debris,Slide,2014
5212,UK/PIT/62B04/2018/57,Uttarakhand,Pithoragarh,Sama-Tejam-Munsyari,30.105912,80.243454,Debris,Slide,2014
5213,UK/PITH/62B04/2013/0012,Uttarakhand,Pithoragarh,UK/Pith/ Munsyari-Milam/LS/0012 State Highway,30.1075,80.23639,Debris,Flow,2013
5214,UK/PIT/62B04/2018/54,Uttarakhand,Pithoragarh,Sama-Tejam-Munsyari,30.122033,80.241184,Debris,Slide,2014
5215,UK/PIT/53N06/2020/2,Uttarakhand,Pithoragarh,Joshimath-Karnprayag,30.52,79.49,Rock,Slide,2011
5216,UK/PIT/53N06/2020/3,Uttarakhand,Pithoragarh,Joshimath-Karnprayag,30.52,79.49,Rock,Slide,2011
5217,UK/PIT/53N06/2020/4,Uttarakhand,Pithoragarh,Joshimath-Karnprayag,30.52,79.49,Rock,Slide,2011
5218,UK/RUD/53N03/2015/633,Uttarakhand,Rudraprayag,,30.264194,79.086694,Debris,Slide,NA
5219,UK/RUD/53J15/2015/1044,Uttarakhand,Rudraprayag,Rudraprayag by pass,30.281218,78.968077,Rock,Slide,NA
5220,UK/RUD/53J15/2015/1039,Uttarakhand,Rudraprayag,Rudraprayag by pass,30.292767,78.977537,Debris,Slide,NA
5221,UK/RUD/53N03/2015/623,Uttarakhand,Rudraprayag,National Highway-58,30.292944,79.115889,Rock,Slide,NA
5222,UK/RUD/53N03/2015/618,Uttarakhand,Rudraprayag,Nagrasu,30.293083,79.109111,Debris,Slide,NA
5223,UK/RUD/53J15/2015/951,Uttarakhand,Rudraprayag,Rudraprayag-Kedarnath Road,30.293777,78.978017,Debris,Slide,NA
5224,UK/RUD/53N03/2015/638,Uttarakhand,Rudraprayag,,30.295278,79.1345,Rock,Slide,NA
5225,UK/RUD/53J15/2015/952,Uttarakhand,Rudraprayag,Rudraprayag-Kedarnath Road,30.295936,78.979954,Rock,Slide,NA
5226,UK/RUD/53J15/2015/1059,Uttarakhand,Rudraprayag,Bhyota-Ghanji Road,30.302889,78.873035,Rock,,NA
5227,UK/RUD/53J15/2015/1057,Uttarakhand,Rudraprayag,Bhyota-Ghanji Road,30.304416,78.875173,Rock,Slide,NA
5228,UK/RUD/53N03/2015/766,Uttarakhand,Rudraprayag,,30.319417,79.026444,Rock,Slide,NA
5229,UK/RUD/53N03/2015/774,Uttarakhand,Rudraprayag,,30.321639,79.016611,Rock,Slide,NA
5230,UK/RUD/53J15/2015/1028,Uttarakhand,Rudraprayag,Tilwara-Rudraprayag Road (NH-,30.328006,78.96945,Debris,Slide,NA
5231,UK/RUD/53N03/2015/800,Uttarakhand,Rudraprayag,Durgadhar,30.350583,79.030611,Rock,Slide,NA
5232,3328,Uttarakhand,Rudraprayag,NULL,30.3536733,78.95996,Debris,Slide,2024
5233,UK/RUD/53N03/2015/797,Uttarakhand,Rudraprayag,Rudraprayag-Pokhri road,30.366078,79.006072,Rock,Slide,NA
5234,UK/RUD/53J15/2015/998,Uttarakhand,Rudraprayag,Mayali-Tilwara Road (SH-15),30.377362,78.895729,Debris,Slide,NA
5235,UK/RUD/53J15/2015/1019,Uttarakhand,Rudraprayag,Panjan-Taila Road,30.378534,78.956328,Debris,Slide,NA
5236,UK/RUD/53J15/2015/1022,Uttarakhand,Rudraprayag,Taila-Dharkot Road,30.380179,78.938848,Rock,Slide,2013
5237,UK/RDP/53N03/2023/33,Uttarakhand,Rudraprayag,(NH-107),30.38711,79.01709,Rock,Slide,2023
5238,UK/RUD/53J15/2015/975,Uttarakhand,Rudraprayag,Kanda-Chirpatyakhal Road (SH-,30.391674,78.838334,Debris,Slide,NA
5239,UK/RUD/53N03/2015/864,Uttarakhand,Rudraprayag,Vijaynagar,30.393556,79.030528,Debris,Slide,2013
5240,UK/RUD/53N03/2015/865,Uttarakhand,Rudraprayag,NH-109,30.393917,79.031861,Debris,Slide,2013
5241,UK/RUD/53J15/2015/980,Uttarakhand,Rudraprayag,Chirpatyakhal-Mayali Road (SH-,30.397972,78.880502,Rock,Slide,NA
5242,UK/RUD/53J15/2015/990,Uttarakhand,Rudraprayag,Jakholi-Bajra Road,30.400962,78.880447,Rock,Rock fall,NA
5243,UK/RUD/53N03/2015/781,Uttarakhand,Rudraprayag,Ganganagar,30.402119,79.037557,Debris,Slide,NA
5244,UK/RUD/53J15/2015/1015,Uttarakhand,Rudraprayag,Jakholi-Guptkashi Road,30.413539,78.911542,Debris,Slide,NA
5245,UK/RUD/53N03/2015/869,Uttarakhand,Rudraprayag,NH-109,30.44125,79.07475,Debris,Subsidence,2013
5246,UK/RUD/53J15/2015/996,Uttarakhand,Rudraprayag,Khalyan-Jakholi Road,30.44132,78.916154,Rock,Slide,NA
5247,UK/RUD/53N03/2013/0060,Uttarakhand,Rudraprayag,"UK/RUD/NH109/12 NH-109, Banswara",30.45,79.0761,Rock,Slide,2013
5248,UK/RUD/53N03/2013/0059,Uttarakhand,Rudraprayag,"UK/RUD/NH109/11 NH-109, Banswara",30.4541,79.0741,Debris,,2013
5249,UK/RUD/53N03/2015/858,Uttarakhand,Rudraprayag,NH-109,30.459511,79.07582,Rock,Slide,2013
5250,UK/RUD/53N03/2015/853,Uttarakhand,Rudraprayag,Kakragad,30.488126,79.085297,Debris,Slide,2013
5251,UK/RUD/53N03/2015/850,Uttarakhand,Rudraprayag,NH-109,30.488694,79.093639,Debris,Slide,2013
5252,UK/RUD/53N03/2015/844,Uttarakhand,Rudraprayag,,30.496275,79.135935,Debris,Slide,2013
5253,UK/RUD/53N02/2015/605,Uttarakhand,Rudraprayag,Kimana,30.501722,79.095806,Debris,Slide,NA
5254,UK/RUD/53N02/2013/0058,Uttarakhand,Rudraprayag,"UK/RUD/Kund/10 NH-109, Kund girder bridge",30.5036,79.088,Debris,Slide,2013
5255,UK/RUD/53N02/2015/606,Uttarakhand,Rudraprayag,,30.506167,79.202472,Rock,Slide,NA
5256,UK/RUD/53N02/2015/597,Uttarakhand,Rudraprayag,Muskuragadi,30.510412,79.137127,Debris,Slide,2013
5257,UK_RUD_ L19,Uttarakhand,Rudraprayag,Lwara Slide National/ State Highway: NH-,30.51394444,79.06708333,Rock,Slide,"17 June 2013, August 2014"
5258,UK/RUD/53N02/2015/577,Uttarakhand,Rudraprayag,,30.516722,79.0805,Debris,Slide,2012
5259,UK/RUD/53N02/2015/598,Uttarakhand,Rudraprayag,saari,30.517355,79.134621,Debris,Slide,2013
5260,UK/RUD/53N02/2015/602,Uttarakhand,Rudraprayag,Guptakashi,30.531963,79.083031,Debris,Slide,NA
5261,UK/RUD/53N02/2015/587,Uttarakhand,Rudraprayag,,30.533971,79.099886,Debris,Slide,NA
5262,UK/RDP/53N02/2023/26,Uttarakhand,Rudraprayag,(NH-107),30.5488,79.074,Debris,Subsidence,2023
5263,UK/RDP/53N02/2023/23,Uttarakhand,Rudraprayag,Khumera - Korki Slide (NH-107),30.5542,79.0503,Rock,Slide,2023
5264,UK/RUD/53N02/2015/573,Uttarakhand,Rudraprayag,,30.566833,79.081778,Debris,Slide,2013
5265,UK/RUD/53N02/2015/585,Uttarakhand,Rudraprayag,Chajji,30.570134,79.12356,Debris,Slide,NA
5266,UK/RUD/53N02/2015/581,Uttarakhand,Rudraprayag,,30.5735,79.122222,Debris,Slide,NA
5267,UK/RDP/53N02/2023/11A,Uttarakhand,Rudraprayag,between Phata and Badasu Kund Road sector (NH-107),30.58447222,79.02352778,Rock,Slide,
5268,UK/RUD/53N02/2015/588,Uttarakhand,Rudraprayag,Ransi,30.587472,79.142444,Debris,Slide,2013
5269,UK/RUD/53N02/2015/589,Uttarakhand,Rudraprayag,,30.591829,79.143327,Debris,Slide,NA
5270,UK/RDP/53N02/2023/10,Uttarakhand,Rudraprayag,Okhimath Water fall (NH-107),30.5942,79.0202,Rock,Rock fall,2023
5271,UK/RUD/53N02/2015/590,Uttarakhand,Rudraprayag,Gandaur,30.602111,79.175389,Debris,Slide,2013
5272,UK_RUD_NH109_ L17,Uttarakhand,Rudraprayag,Sersi Slide National/ State Highway: NH-,30.60880556,79.02022222,Debris,Slide,
5273,UK/RDP/53N02/2023/04,Uttarakhand,Rudraprayag,(NH-107),30.61,79.01,Rock,Slide,08 August 2023
5274,UK/RUD/53N02/2015/555,Uttarakhand,Rudraprayag,NH-109,30.620833,79.019444,Debris,Slide,2013
5275,UK/RUD/53N02/2015/554,Uttarakhand,Rudraprayag,NH-109,30.624167,79.015833,Rock,Slide,NA
5276,UK/RUD/53J14/2015/187,Uttarakhand,Rudraprayag,,30.629131,78.994628,Rock,Slide,NA
5277,UK/RUD/53N02/2015/594,Uttarakhand,Rudraprayag,,30.62975,79.217806,Debris,Debris flow,NA
5278,UK/RPG/53N2/2025/10,Uttarakhand,Rudraprayag,Munkatiya Slide zone NH-107,30.635966,79.001953,Debris,Slide,"23 June 2025, 26 June 2025, 3 July"
5279,UK/RUD/53N02/2015/527,Uttarakhand,Rudraprayag,Sonprayag,30.636711,79.001731,Rock,Slide,2013
5280,UK/RUD/53N02/2015/528,Uttarakhand,Rudraprayag,NH-109,30.647939,79.023852,Debris,Slide,2013
5281,UK/RPG/53N2/2025/04,Uttarakhand,Rudraprayag,"Gaurikund shuttle-Parking 1 NH-107, Kedarnath NH,",30.649708,79.024394,Debris,Slide,"3 July 2025, 07.40 hrs"
5282,UK/RUD/53N02/2015/532,Uttarakhand,Rudraprayag,NH-109,30.660926,79.036781,Rock,Slide,2013
5283,UK/RPG/53N2/2025/03,Uttarakhand,Rudraprayag,Kedarnath slide-1 Kedarnath trek route approx,30.661636,79.034019,Rock,Slide,"4 July 2025, 07.40 hrs"
5284,UK/RUD/53N02/2015/539,Uttarakhand,Rudraprayag,NH-109,30.694262,79.057077,Debris,Debris flow,2013
5285,UK/RUD/53N02/2015/542,Uttarakhand,Rudraprayag,NH-109,30.705885,79.066733,Debris,Debris flow,2013
5286,UK/RUD/53N02/2015/543,Uttarakhand,Rudraprayag,NH-109,30.713889,79.069444,Debris,Slide,2013
5287,UK/ /5358/2015/14,Uttarakhand,Tehri,Garhwal Singtali-1A NH-7 Singtali village,30.059677,78.485091,Rock,Slide,30 August 2025at 07.00hrs
5288,UK/TG/53J8/2025/15,Uttarakhand,Tehri,Garhwal Singtali-1B,30.063994,78.487419,Debris,Slide,11 August 2025 at 09.00 hrs
5289,UK/TG/53J8/2025/4,Uttarakhand,Tehri,Garhwal Dabar Debris flow NH-7,30.076641,78.497295,Debris,,06 August 2025 at 08.00hrs
5290,UK/TG/53J12/2025/35,Uttarakhand,Tehri,Garhwal Toli-1A NH-7 Toli,30.0809,78.5555,Rock,Slide,30 June 2025at 05.10hrs
5291,UK/TEH/53J12/2015/2270,Uttarakhand,Tehri,Garhwal Sour-Bharpur,30.086561,78.577748,Debris,Slide,NA
5292,UK/TEH/53J12/2015/2278,Uttarakhand,Tehri,Garhwal Binwan-Toldhar-Devprayag,30.120586,78.576575,Debris,Slide,NA
5293,UK/TG/53J8/2025/1A,Uttarakhand,Tehri,Garhwal Timla Pani-1A - Road NH-7 (old 58); Timli Pani,30.12292,78.381461,Rock,Slide,14 July 2025
5294,UK/TG/53J8/2025/3,Uttarakhand,Tehri,Garhwal Shivpuri - Range NH-7,30.123441,78.422545,Rock,Slide,24 August 2025 at 1800 hrs
5295,UK/TG/53J12/2025/32,Uttarakhand,Tehri,Garhwal Rajsera 1A,30.1252,78.5968,Rock,Slide,17 August 2025 at 09.00hrs
5296,UK/TEH/53J12/2015/2277,Uttarakhand,Tehri,Garhwal Kirora-Masun-Bharpur-,30.137175,78.593921,Debris,Slide,NA
5297,UK/TG/53J12/2025/27,Uttarakhand,Tehri,Garhwal (Devprayag) Devprayag-1A,30.145247,78.596294,Debris,Slide,16 September 2025 at 07.00-08.00 hrs
5298,UK/TG/53J12/2025/26,Uttarakhand,Tehri,Garhwal Devprayag-1,30.1463,78.5967,Debris,Slide,
5299,UK/TEH/53J12/2015/2314,Uttarakhand,Tehri,Garhwal Devaprayag-Mulyagaon-,30.148771,78.605412,Debris,Slide,NA
5300,UK/TEH/53J12/2015/2291,Uttarakhand,Tehri,Garhwal Devprayag-Hindolakhal,30.150832,78.606805,Debris,Slide,NA
5301,UK/TEH/53J12/2015/2280,Uttarakhand,Tehri,Garhwal Devprayag-Syara-Marwara,30.15349,78.599549,Debris,Slide,NA
5302,UK/TG/53J12/2025/25,Uttarakhand,Tehri,Garhwal Golgaon 1A NH-7 Golgaon,30.163511,78.617044,Rock,Slide,15 July 2025 at 17.00hrs
5303,UK/TEH/53J12/2015/2283,Uttarakhand,Tehri,Garhwal Devprayag-Syara-Marwara,30.18193,78.583664,Debris,Slide,NA
5304,UK/TEH/53J12/2015/2297,Uttarakhand,Tehri,Garhwal Devprayag-Hindolakhal,30.182415,78.61009,Debris,Slide,NA
5305,UK/TER/53J12/2015/2421,Uttarakhand,Tehri,Garhwal Devaprayag-Mudeth-Marwara-,30.184147,78.576355,Debris,Slide,NA
5306,UK/TEH/53J12/2015/2318,Uttarakhand,Tehri,Garhwal Devaprayag-Mulyagaon-,30.192521,78.639536,Debris,Slide,NA
5307,UK/TG/53J12/2025/20,Uttarakhand,Tehri,Garhwal Karakot slide NH-7 & Karakot,30.2087,78.6471,Rock,Slide,
5308,UK/TER/53J12/2015/2423,Uttarakhand,Tehri,Garhwal Devaprayag-Hidolakhal-Bagwan-,30.224323,78.632385,Debris,Slide,NA
5309,UK/TER/53J12/2015/2426,Uttarakhand,Tehri,Garhwal Devaprayag-Hidolakhal-Bagwan-,30.24853,78.599226,Debris,Slide,NA
5310,UK/TEH/53J15/2015/1055,Uttarakhand,Tehri,Garhwal Silkakhal-Srinagar Road,30.252814,78.789425,Rock,Slide,NA
5311,UK/TEH/53J11/2015/2074,Uttarakhand,Tehri,Garhwal Jibala to Badon road,30.254054,78.729708,Debris,Slide,NA
5312,UK/TEH/53J15/2015/1081,Uttarakhand,Tehri,Garhwal,30.265378,78.755929,Rock,Slide,NA
5313,UK/TEH/53J11/2015/2240,Uttarakhand,Tehri,Garhwal Jamnikhal-Hinsrakhal-Maletha,30.27319,78.667446,Debris,Slide,NA
5314,UK/TEH/53J11/2015/2218,Uttarakhand,Tehri,Garhwal Paurikhal-Panchar-Rourdhar,30.274381,78.569734,Debris,Slide,NA
5315,UK/TEH/53J15/2015/1068,Uttarakhand,Tehri,Garhwal Bhyota-Ghanji Road,30.276128,78.84054,Rock,Slide,NA
5316,UK/TEH/53J11/2015/2211,Uttarakhand,Tehri,Garhwal Raurdhar-Jamnikhal,30.276139,78.609667,Debris,Slide,NA
5317,UK/TEH/53J11/2015/2233,Uttarakhand,Tehri,Garhwal Jamnikhal-Lalurikhal,30.280529,78.614806,Debris,Slide,NA
5318,UK/TEH/53J11/2015/2216,Uttarakhand,Tehri,Garhwal Paurikhal-Dob-Simlasu,30.284205,78.536901,Debris,Slide,NA
5319,UK/TEH/53J11/2015/2082,Uttarakhand,Tehri,Garhwal Dugadda to Birkhal road,30.284444,78.717828,Debris,Slide,NA
5320,UK/TEH/53J11/2015/2232,Uttarakhand,Tehri,Garhwal Chandrabadni-Jamnikhal,30.287412,78.606378,Debris,Slide,NA
5321,UK/TEH/53J11/2015/2080,Uttarakhand,Tehri,Garhwal Dugadda to Birkhal road,30.300904,78.71809,Debris,Slide,NA
5322,UK/TEH/53J15/2015/1075,Uttarakhand,Tehri,Garhwal Dharkot-Khola Road,30.301953,78.761592,Rock,Slide,NA
5323,UK/TEH/53J11/2015/2222,Uttarakhand,Tehri,Garhwal Anjanisain-Rourdhar,30.302234,78.60649,Debris,Slide,NA
5324,UK/TEH/53J15/2015/1067,Uttarakhand,Tehri,Garhwal Bhyota-Ghanji Road,30.307156,78.851956,Rock,Slide,NA
5325,UK/TEH/53J15/2015/1062,Uttarakhand,Tehri,Garhwal Bhyota-Ghanji Road,30.310456,78.858266,Debris,Slide,NA
5326,UK/TEH/53J11/2015/2078,Uttarakhand,Tehri,Garhwal Dugadda to Birkhal road,30.324382,78.70874,Debris,Slide,NA
5327,UK/TEH/53J11/2015/2077,Uttarakhand,Tehri,Garhwal Dugadda to Birkhal road,30.325698,78.724022,Debris,Slide,NA
5328,UK/TEH/53J11/2015/2228,Uttarakhand,Tehri,Garhwal Anjanisain-Lamridhar,30.327972,78.5715,Debris,Slide,NA
5329,UK/TEH/53J11/2015/2087,Uttarakhand,Tehri,Garhwal Malupani to Kandikhal (SH-8),30.33881,78.642096,Debris,Slide,NA
5330,UK/TEH/53J11/2015/2089,Uttarakhand,Tehri,Garhwal Malupani to Kandikhal (SH-8),30.343772,78.638998,Debris,Slide,NA
5331,UK/TEH/53J11/2015/2147,Uttarakhand,Tehri,Garhwal Gadolia-Chah (village road),30.363675,78.559794,Debris,Slide,NA
5332,UK/TEH/53J11/2015/2104,Uttarakhand,Tehri,Garhwal Gadolia -Simlasu-Tipri road (SH-,30.364468,78.54176,Debris,Slide,NA
5333,UK/TEH/53J11/2015/2108,Uttarakhand,Tehri,Garhwal Gadolia -Simlasu-Tipri road (SH-,30.369968,78.562373,Debris,Slide,NA
5334,UK/TEH/53J11/2015/2100,Uttarakhand,Tehri,Garhwal Gadolia -Simlasu-Tipri road (SH-,30.375383,78.506109,Debris,Slide,NA
5335,UK/TEH/53J11/2015/2103,Uttarakhand,Tehri,Garhwal Gadolia -Simlasu-Tipri road (SH-,30.376082,78.523113,Debris,Slide,NA
5336,UK/TEH/53J11/2015/2099,Uttarakhand,Tehri,Garhwal Gadolia -Simlasu-Tipri road (SH-,30.376693,78.506339,Debris,Slide,NA
5337,UK/TEH/53J11/2015/2102,Uttarakhand,Tehri,Garhwal Gadolia -Simlasu-Tipri road (SH-,30.377506,78.517044,Debris,Slide,NA
5338,UK/TEH/53J15/2015/966,Uttarakhand,Tehri,Garhwal Kanda-Chirpatyakhal Road (SH-,30.381528,78.790101,Rock,Slide,NA
5339,UK/TEH/53J15/2015/962,Uttarakhand,Tehri,Garhwal Kanda-Chirpatyakhal Road (SH-,30.383434,78.762719,Rock,Slide,NA
5340,UK/TEH/53J03/2015/2002,Uttarakhand,Tehri,Garhwal Maldeota-Dhumkot road,30.385,78.174694,Rock,Slide,NA
5341,UK/TEH/53J11/2015/2122,Uttarakhand,Tehri,Garhwal Rajakhet-Nanuwa,30.385542,78.579755,Debris,Slide,NA
5342,UK/TEH/53J15/2015/972,Uttarakhand,Tehri,Garhwal Kanda-Chirpatyakhal Road (SH-,30.391191,78.828239,Debris,Slide,NA
5343,UK/TEH/53J11/2015/2159,Uttarakhand,Tehri,Garhwal Ghansyali-Kothi,30.392841,78.73521,Debris,Slide,NA
5344,UK/TEH/53J11/2015/2118,Uttarakhand,Tehri,Garhwal Rajakhet-Nanuwa,30.400834,78.584741,Debris,Slide,NA
5345,UK/TEH/53J11/2015/2158,Uttarakhand,Tehri,Garhwal Ghansyali-Kothi,30.401738,78.710052,Debris,Slide,NA
5346,UK/TEH/53J11/2015/2154,Uttarakhand,Tehri,Garhwal Gadolia-Ghansyali (SH-8),30.402093,78.606398,Debris,Slide,NA
5347,UK/TEH/53J03/2015/1991,Uttarakhand,Tehri,Garhwal Maldeota-Dhumkot road,30.402361,78.212722,Rock,Slide,NA
5348,UK/TEH/53J11/2015/2137,Uttarakhand,Tehri,Garhwal Rajakhet-Nelra,30.404874,78.513087,Debris,Slide,NA
5349,3333,Uttarakhand,Tehri,Garhwal NULL,30.41035,78.7841033,Debris,Slide,NA
5350,UK/TEH/53J11/2015/2188,Uttarakhand,Tehri,Garhwal Chaundana-Sain,30.417926,78.61301,Debris,Slide,NA
5351,UK/TEH/53J11/2015/2142,Uttarakhand,Tehri,Garhwal Bisatali-Dharkot (PMGSY road),30.418806,78.518167,Debris,Slide,NA
5352,UK/TEH/53J11/2015/2187,Uttarakhand,Tehri,Garhwal Chaundana-Sain,30.420445,78.617552,Debris,Slide,NA
5353,UK/TEH/53J11/2015/2185,Uttarakhand,Tehri,Garhwal Chaundana-Sain,30.421774,78.635116,Debris,Slide,NA
5354,UK/TEH/53J11/2015/2175,Uttarakhand,Tehri,Garhwal Nanuwa-Chaundana-Mandar,30.425411,78.587836,Debris,Slide,NA
5355,UK/TEH/53J11/2015/2176,Uttarakhand,Tehri,Garhwal Nanuwa-Chaundana-Mandar,30.428758,78.586675,Debris,Slide,NA
5356,UK/TEH/53J11/2015/2200,Uttarakhand,Tehri,Garhwal Chamiyala-Ghansyali,30.429732,78.646044,Debris,Slide,NA
5357,UK/TEH/53J11/2015/2173,Uttarakhand,Tehri,Garhwal Ghansyali-Jakh-Dakhwangaon,30.435627,78.677988,Debris,Slide,NA
5358,UK/TEH/53J11/2015/2197,Uttarakhand,Tehri,Garhwal Chamiyala-Ghansyali,30.435654,78.642167,Debris,Slide,NA
5359,UK/TEH/53J11/2015/2170,Uttarakhand,Tehri,Garhwal Ghansyali-Jakh-Dakhwangaon,30.438137,78.728261,Debris,Slide,NA
5360,UK/TEH/53J11/2015/2164,Uttarakhand,Tehri,Garhwal Ghansyali-Pokhar-Payankoti,30.44308,78.676199,Debris,Slide,NA
5361,UK/TEH/53J11/2015/2181,Uttarakhand,Tehri,Garhwal Nanuwa-Chaundana-Mandar,30.444392,78.580153,Rock,Slide,NA
5362,UK/TEH/53J11/2015/2179,Uttarakhand,Tehri,Garhwal Nanuwa-Chaundana-Mandar,30.455816,78.573498,Debris,Slide,NA
5363,UK/TEH/53J11/2015/2177,Uttarakhand,Tehri,Garhwal Nanuwa-Chaundana-Mandar,30.463515,78.566376,Rock,Slide,NA
5364,UK/TEH/53J03/2015/2043,Uttarakhand,Tehri,Garhwal Mussorie-Bhatali road,30.486563,78.04016,Rock,Slide,NA
5365,UK/TEH/53J03/2015/2052,Uttarakhand,Tehri,Garhwal Mussorie-Nainbag road,30.486934,78.036238,Debris,Slide,NA
5366,UK/TEH/53J06/2015/890,Uttarakhand,Tehri,Garhwal L/b of Kyarki gad,30.501111,78.439722,Debris,Fall,2010
5367,UK/THE/53J10/2015/152,Uttarakhand,Tehri,Garhwal,30.501944,78.626722,Rock,Slide,NA
5368,UK/THE/53J10/2015/123,Uttarakhand,Tehri,Garhwal,30.509111,78.653694,Rock,Slide,NA
5369,UK/THE/53J10/2015/132,Uttarakhand,Tehri,Garhwal,30.509667,78.638472,Debris,Slide,NA
5370,UK/THE/53J10/2015/147,Uttarakhand,Tehri,Garhwal,30.519667,78.592722,Debris,Slide,NA
5371,UK/TEH/53J10/2015/164,Uttarakhand,Tehri,Garhwal,30.521694,78.515444,Debris,Slide,NA
5372,UK/TEH/53J06/2015/899,Uttarakhand,Tehri,Garhwal Suwakholi-Chinyalisaur road,30.522603,78.285268,Debris,Fall,2008
5373,UK/THE/53J10/2015/137,Uttarakhand,Tehri,Garhwal,30.524778,78.566667,Debris,Slide,NA
5374,UK/TEH/53F14/2015/545,Uttarakhand,Tehri,Garhwal Nagthat - Milgad -Kandriyan,30.526194,77.990222,Rock,Slide,NA
5375,UK/TEH/53J14/2015/292,Uttarakhand,Tehri,Garhwal,30.538944,78.797694,Debris,Slide,NA
5376,UK/TEH/53J14/2015/287,Uttarakhand,Tehri,Garhwal,30.539528,78.791278,Debris,Slide,NA
5377,UK/TEH/53J02/2015/1943,Uttarakhand,Tehri,Garhwal Sigunisera-Jaidwar Malla,30.541467,78.029712,Rock,Slide,NA
5378,UK/TEH/53J06/2015/887,Uttarakhand,Tehri,"Garhwal Lambgaon-Kandiyalgaon road,",30.541667,78.489722,Debris,Fall,2010
5379,UK/TEH/53J14/2015/281,Uttarakhand,Tehri,Garhwal,30.5425,78.795917,Debris,Slide,NA
5380,UK/TEH/53J14/2015/273,Uttarakhand,Tehri,Garhwal,30.544444,78.802111,Rock,Slide,NA
5381,UK/TEH/53J14/2015/262,Uttarakhand,Tehri,Garhwal,30.54485,78.807319,Debris,Slide,NA
5382,UK/TEH/53J14/2015/275,Uttarakhand,Tehri,Garhwal,30.547222,78.806944,Debris,Slide,NA
5383,UK/TEH/53J14/2015/252,Uttarakhand,Tehri,Garhwal,30.558306,78.807889,Rock,Slide,NA
5384,UK/TEH/53J02/2015/1919,Uttarakhand,Tehri,Garhwal Koisi-Nainbag road,30.560721,78.009493,Debris,Slide,NA
5385,UK/THE/53J10/2015/102,Uttarakhand,Tehri,Garhwal,30.564806,78.662194,Debris,Slide,NA
5386,UK/TEH/53J14/2015/243,Uttarakhand,Tehri,Garhwal,30.568,78.814417,Debris,Slide,2013
5387,UK/TEH/53J14/2015/244,Uttarakhand,Tehri,Garhwal,30.568161,78.815719,Debris,Slide,NA
5388,UK/TEH/53J14/2015/238,Uttarakhand,Tehri,Garhwal,30.575492,78.822919,Debris,Slide,NA
5389,UK/TEH/53J14/2015/235,Uttarakhand,Tehri,Garhwal,30.577639,78.821222,Rock,Slide,NA
5390,UK/TEH/53J02/2015/1948,Uttarakhand,Tehri,Garhwal Nainbag-Miyani-Patthar Khol,30.578306,78.242694,Rock,Slide,NA
5391,UK/THE/53J10/2015/30,Uttarakhand,Tehri,Garhwal,30.579889,78.633833,Rock,Slide,NA
5392,UK/THE/53J10/2015/62,Uttarakhand,Tehri,Garhwal,30.581528,78.652444,Rock,Slide,NA
5393,UK/THE/53J10/2015/59,Uttarakhand,Tehri,Garhwal,30.5835,78.662667,Debris,Slide,NA
5394,UK/TEH/53J14/2015/222,Uttarakhand,Tehri,Garhwal,30.585833,78.823861,Rock,Slide,NA
5395,UK/THE/53J10/2015/64,Uttarakhand,Tehri,Garhwal,30.586944,78.647417,Debris,Slide,NA
5396,UK/THE/53J10/2015/27,Uttarakhand,Tehri,Garhwal,30.587167,78.623611,Debris,Slide,NA
5397,UK/THE/53J10/2015/99,Uttarakhand,Tehri,Garhwal,30.588611,78.682083,Rock,Slide,NA
5398,UK/THE/53J10/2015/6,Uttarakhand,Tehri,Garhwal,30.589639,78.620889,Rock,Slide,2015
5399,UK/THE/53J10/2015/56,Uttarakhand,Tehri,Garhwal,30.590889,78.681389,Debris,Slide,NA
5400,UK/TEH/53J02/2015/1935,Uttarakhand,Tehri,Garhwal Nainbag-Miyani road,30.593952,78.063307,Rock,Slide,NA
5401,UK/THE/53J10/2015/55,Uttarakhand,Tehri,Garhwal,30.594667,78.683333,Debris,Slide,NA
5402,UK/THE/53J10/2015/95,Uttarakhand,Tehri,Garhwal,30.594722,78.693222,Debris,Slide,NA
5403,UK_Tehri_Kot_Slide 02,Uttarakhand,Tehri,Kot Slide Chamiyala-Titurana Road,30.59472222,78.68147222,Debris,Debris flow,29 August 2018
5404,UK/THE/53J10/2015/47,Uttarakhand,Tehri,Garhwal,30.595444,78.6745,Rock,Slide,NA
5405,UK/TEH/53J02/2015/1961,Uttarakhand,Tehri,Garhwal Nainbag-Damta road,30.596401,78.023705,Rock,Slide,2013
5406,UK/TEH/53J02/2015/1937,Uttarakhand,Tehri,Garhwal Nainbag-Miyani road,30.596528,78.054361,Debris,Slide,NA
5407,UK/TEH/53J02/2015/1933,Uttarakhand,Tehri,Garhwal Nainbag-Miyani road,30.597795,78.073814,Rock,Slide,NA
5408,UK/THE/53J10/2015/54,Uttarakhand,Tehri,Garhwal,30.600806,78.654333,Debris,Slide,NA
5409,UK/THE/53J10/2015/52,Uttarakhand,Tehri,Garhwal,30.601806,78.671861,Debris,Slide,NA
5410,UK/THE/53J10/2015/9,Uttarakhand,Tehri,Garhwal,30.609139,78.594028,Debris,Slide,NA
5411,UK/THE/53J10/2015/75,Uttarakhand,Tehri,Garhwal,30.613861,78.636889,Debris,Slide,NA
5412,UK/TEH/53J02/2015/1918,Uttarakhand,Tehri,Garhwal Miyani-Sendul road,30.619056,78.089278,Rock,Slide,NA
5413,UK/THE/53J10/2015/69,Uttarakhand,Tehri,Garhwal,30.645583,78.657111,Debris,Slide,NA
5414,35937,Uttarakhand,Uttarakhand,Chamoli -- 4 km SE of Chamoli,30.36980556,79.31191667,Debris,Slide,2016
5415,35939,Uttarakhand,Uttarakhand,Chamoli -- 2 km SE of Chamoli (on the left,30.376,79.319,Rock,Slide,2016
5416,35911,Uttarakhand,Uttarakhand,Rudraprayag Kakragad Slide National/ State Highway: NH-,30.48783333,79.08502778,Debris,Slide,"17 June 2013, 01 August 2014"
5417,UK/UTT/53J06/2015/894,Uttarakhand,Uttarkashi,Near BSNL tower,30.527222,78.427778,Debris,Slide,2010
5418,UK/UTT/53J10/2015/161,Uttarakhand,Uttarkashi,,30.554194,78.500944,Debris,Slide,NA
5419,UK/UTT/53J06/2013/0034,Uttarakhand,Uttarkashi,"UK_UTT_NH134_L34 NH-134, Pipalmandi slide",30.5658,78.325,Debris,Debris flow,2013
5420,UK/UTT/53J06/2013/0036,Uttarakhand,Uttarkashi,"UK_UTT_NH134_ L36 NH-134, Badethi slide",30.6061,78.3144,Debris,Slide,2013
5421,UK/UTT/53J06/2013/0039,Uttarakhand,Uttarkashi,"UK_UTT_NH134_ L39 NH-134, Dharasu slide",30.6144,78.3169,,,2013
5422,UK/UTT/53J02/2015/1940,Uttarakhand,Uttarkashi,Nainbag-Sendul road,30.619417,78.165222,Debris,Slide,NA
5423,UK/UTT/53J06/2013/0040,Uttarakhand,Uttarkashi,"UK_UTT_NH134_ L40 NH-134, Pheri slide",30.6286,78.315,,,2013
5424,UK/UTT/53J06/2015/886,Uttarakhand,Uttarkashi,Rishikesh-Gangotri road,30.635629,78.327409,Debris,Fall,2008
5425,UK/UTT/53J06/2015/901,Uttarakhand,Uttarkashi,R/b of Khurmola gad,30.651667,78.3025,Debris,Fall,2010
5426,UK/UKH/53J9/2025/18,Uttarakhand,Uttarkashi,Nalupani-1 NH-34,30.6517586,78.3323707,Rock,Slide,"20 August 2025, 10 September 2025 at"
5427,UK/UTT/53J09/2013/0019,Uttarakhand,Uttarkashi,"UK_UTT_NH108_L19 NH-108, Malla slide-3",30.7175,78.3508,Debris,Slide,2013
5428,UK/UTT/53J06/2013/0004,Uttarakhand,Uttarkashi,"UK_UTT_NH108_ L4 NH-108, Raturi Sera slide",30.7175,78.3508,Debris,,2013
5429,UK/UTT/53J09/2013/0018,Uttarakhand,Uttarkashi,"UK_UTT_NH108_L18 NH-108, Malla slide-2",30.7175,78.3508,Debris,Slide,2013
5430,UK/UTT/53J10/2013/0012,Uttarakhand,Uttarkashi,"UK_UTT_NH108_L12 NH-108, Heena slide",30.7175,78.3508,Debris,Slide,2013
5431,UK/UTT/53J10/2015/169,Uttarakhand,Uttarkashi,,30.719083,78.500222,Debris,Slide,NA
5432,UK/UTT/53J06/2015/879,Uttarakhand,Uttarkashi,L/b of river Bhagirathi,30.729167,78.405556,Debris,Fall,2013
5433,UK/UTT/53J06/2015/876,Uttarakhand,Uttarkashi,Rishikesh-Gangotri road,30.7425,78.485278,Debris,,2010
5434,UK/UKH/53J6/2025/10,Uttarakhand,Uttarkashi,Netala NH-34,30.7425,78.4927,Rock,Slide,29 June 2025 at 01.30hrs-02.30hrs
5435,UK/UTT/53J06/2015/918,Uttarakhand,Uttarkashi,Rishikesh-Gangotri NH-108,30.748889,78.452056,Rock,Slide,NA
5436,UK/UTT/53J05/2015/1867,Uttarakhand,Uttarkashi,,30.752059,78.432813,Debris,Slide,NA
5437,UK/UTT/53J01/2015/1407,Uttarakhand,Uttarkashi,,30.753886,78.176098,Rock,Slide,NA
5438,UK/UTT/53J01/2015/1596,Uttarakhand,Uttarkashi,,30.754991,78.101161,Rock,Slide,NA
5439,UK/UTT/53J05/2015/1875,Uttarakhand,Uttarkashi,,30.755833,78.334722,Rock,Slide,NA
5440,UK/UTT/53J09/2015/949,Uttarakhand,Uttarkashi,Rishikesh-Gangotri road,30.755944,78.571294,Debris,Slide,2010
5441,UK/UTT/53J01/2015/1413,Uttarakhand,Uttarkashi,,30.757788,78.19654,Rock,Slide,NA
5442,UK/UTT/53J05/2015/1873,Uttarakhand,Uttarkashi,,30.760108,78.449771,Rock,Slide,NA
5443,UK/UTT/53J05/2015/1868,Uttarakhand,Uttarkashi,,30.760121,78.436863,Rock,Slide,NA
5444,UK/UTT/53J05/2015/1852,Uttarakhand,Uttarkashi,Rishikesh-Gangotri NH-108,30.761517,78.456225,Rock,Slide,NA
5445,UK/UTT/53J05/2015/1851,Uttarakhand,Uttarkashi,,30.764722,78.454167,Debris,Slide,NA
5446,UK/UTT/53J05/2015/1885,Uttarakhand,Uttarkashi,,30.765,78.366528,Rock,Slide,NA
5447,UK/UTT/53J05/2015/1856,Uttarakhand,Uttarkashi,,30.766447,78.476099,Rock,Slide,NA
5448,UK/UTT/53J05/2015/1799,Uttarakhand,Uttarkashi,Rishikesh-Gangotri NH-94,30.767467,78.272948,Rock,Slide,NA
5449,UK/UTT/53J05/2015/1864,Uttarakhand,Uttarkashi,,30.769667,78.450889,Rock,Slide,NA
5450,UK/UTT/53J05/2015/1865,Uttarakhand,Uttarkashi,,30.769861,78.453333,Debris,Slide,NA
5451,UK/UTT/53J09/2015/947,Uttarakhand,Uttarkashi,"Malla to Saura road, L/b of",30.776302,78.610469,Debris,Fall,2010
5452,UK/UTT/53J05/2015/1849,Uttarakhand,Uttarkashi,,30.778109,78.453034,Debris,Slide,NA
5453,UK/UTT/53J01/2015/1393,Uttarakhand,Uttarkashi,Yamunotri road,30.778383,78.114612,Rock,Slide,NA
5454,UK/UTT/53J05/2015/1796,Uttarakhand,Uttarkashi,Rishikesh-Gangotri NH-94,30.778389,78.264056,Rock,Slide,NA
5455,UK/UTT/53J05/2015/1843,Uttarakhand,Uttarkashi,,30.781557,78.473662,Rock,Slide,NA
5456,UK/UTT/53J09/2015/950,Uttarakhand,Uttarkashi,"Bhela Tipri-Silla road, L/b of",30.783053,78.620929,Debris,Slide,2010
5457,UK/UTT/53J05/2015/1889,Uttarakhand,Uttarkashi,,30.783056,78.353611,Rock,Slide,NA
5458,UK/UTT/53J01/2015/1603,Uttarakhand,Uttarkashi,,30.7875,78.16375,Rock,Slide,NA
5459,UK/UTT/53J01/2015/1611,Uttarakhand,Uttarkashi,,30.792417,78.190667,Debris,Slide,NA
5460,UK/UTT/53J01/2015/1604,Uttarakhand,Uttarkashi,Yamunotri road,30.797082,78.164209,Rock,Slide,NA
5461,UK/UTT/53J09/2015/944,Uttarakhand,Uttarkashi,L/b of Bhagirathi river,30.800913,78.620694,Debris,,2010
5462,UK/UTT/53J01/2015/1610,Uttarakhand,Uttarkashi,Yamunotri road,30.801056,78.181583,Debris,Slide,NA
5463,UK/UTT/53J05/2015/1908,Uttarakhand,Uttarkashi,,30.807531,78.384143,Debris,Slide,NA
5464,UK/UTT/53J01/2015/1427,Uttarakhand,Uttarkashi,,30.807926,78.182602,Rock,Slide,NA
5465,UK/UTT/53J01/2015/1419,Uttarakhand,Uttarkashi,,30.808008,78.154754,Rock,Slide,2013
5466,UK/UTT/53J01/2015/1501,Uttarakhand,Uttarkashi,,30.813038,78.206671,Rock,Slide,NA
5467,UK/UTT/53J01/2015/1537,Uttarakhand,Uttarkashi,,30.814167,78.1075,Rock,Slide,NA
5468,UK/UTT/53J01/2015/1372,Uttarakhand,Uttarkashi,Rishikesh-Gangotri NH-94,30.816661,78.225947,Rock,Slide,2011
5469,UK/UTT/53J01/2015/1500,Uttarakhand,Uttarkashi,,30.817748,78.196639,Rock,Slide,NA
5470,UK/UTT/53J01/2015/1454,Uttarakhand,Uttarkashi,,30.817917,78.245556,Rock,Slide,NA
5471,UK/UTT/53J01/2015/1374,Uttarakhand,Uttarkashi,Rishikesh-Gangotri NH-94,30.819558,78.238525,Rock,Slide,2011
5472,UK/UTT/53J01/2015/1582,Uttarakhand,Uttarkashi,,30.827259,78.106793,Rock,Slide,NA
5473,UK/UTT/53J01/2015/1580,Uttarakhand,Uttarkashi,,30.832201,78.102429,Rock,Slide,NA
5474,UK/UTT/53J05/2015/1824,Uttarakhand,Uttarkashi,,30.832778,78.450417,Rock,Slide,NA
5475,UK/UTT/53J01/2015/1541,Uttarakhand,Uttarkashi,,30.833676,78.114396,Rock,Slide,NA
5476,UK/UTT/53J05/2015/1702,Uttarakhand,Uttarkashi,,30.839741,78.252093,Rock,Slide,NA
5477,UK/UTT/53J01/2015/1615,Uttarakhand,Uttarkashi,,30.840331,78.081408,Rock,Slide,NA
5478,UK/UTT/53J01/2015/1437,Uttarakhand,Uttarkashi,,30.844318,78.24888,Rock,Slide,2013
5479,UK/UTT/53J01/2015/1576,Uttarakhand,Uttarkashi,,30.845056,78.091889,Rock,Slide,NA
5480,UK/UTT/53J01/2015/1574,Uttarakhand,Uttarkashi,,30.846283,78.09154,Rock,Slide,NA
5481,UK/UTT/53J01/2015/1512,Uttarakhand,Uttarkashi,,30.846688,78.221297,Rock,Slide,NA
5482,UK/UTT/53J01/2015/1517,Uttarakhand,Uttarkashi,,30.847139,78.210833,Rock,Slide,NA
5483,UK/UTT/53J05/2015/1807,Uttarakhand,Uttarkashi,,30.847183,78.434089,Rock,Slide,NA
5484,UK/UTT/53J05/2015/1693,Uttarakhand,Uttarkashi,Rishikesh-Gangotri NH-94,30.8475,78.276667,Rock,Slide,NA
5485,UK/UTT/53J05/2015/1699,Uttarakhand,Uttarkashi,,30.847754,78.252552,Rock,Slide,NA
5486,UK/UTT/53J05/2013/0047,Uttarakhand,Uttarkashi,"UK_UTT_NH134_L47 NH-134, Asnol slide",30.848,78.2816,Debris,Debris flow,2013
5487,UK/UTT/53I08/2013/0048,Uttarakhand,Uttarkashi,"UK_UTT_NH134_L48 NH-134, Yamnotri slide",30.848,78.2816,Debris,Debris flow,2013
5488,UK/UTT/53J05/2015/1692,Uttarakhand,Uttarkashi,Rishikesh-Gangotri NH-94,30.850889,78.283944,Rock,Slide,2012
5489,UK/UTT/53J01/2015/1491,Uttarakhand,Uttarkashi,,30.855,78.247222,Rock,Slide,NA
5490,UK/UTT/53J09/2015/933,Uttarakhand,Uttarkashi,Rishikesh-Gangotri road,30.85801,78.646741,Debris,Debris flow,NA
5491,UK/UTT/53J01/2015/1451,Uttarakhand,Uttarkashi,,30.859404,78.247945,Rock,Slide,NA
5492,UK/UTT/53J05/2015/1686,Uttarakhand,Uttarkashi,Rishikesh-Gangotri NH-94,30.859577,78.288161,Rock,Slide,NA
5493,UK/UTT/53J01/2015/1449,Uttarakhand,Uttarkashi,,30.859782,78.239581,Rock,Slide,NA
5494,UK/UTT/53J01/2015/1453,Uttarakhand,Uttarkashi,,30.861364,78.238401,Rock,Slide,2013
5495,UK/UTT/53J01/2015/1560,Uttarakhand,Uttarkashi,,30.863645,78.062658,Rock,Slide,NA
5496,UK/UTT/53J01/2015/1566,Uttarakhand,Uttarkashi,,30.864167,78.110056,Rock,Slide,NA
5497,UK/UTT/53J09/2015/929,Uttarakhand,Uttarkashi,Rishikesh-Gangotri road,30.866079,78.652035,Debris,Fall,2013
5498,UK/UTT/53J01/2015/1565,Uttarakhand,Uttarkashi,,30.867506,78.115189,Rock,Slide,NA
5499,UK/UTT/53J01/2015/1558,Uttarakhand,Uttarkashi,,30.867858,78.064105,Rock,Slide,NA
5500,UK/UTT/53J09/2013/0024,Uttarakhand,Uttarkashi,"UK_UTT_NH108_L24 NH-108, Helgu slide",30.868,78.6541,Debris,Slide,2013
5501,UK/UTT/53J01/2015/1485,Uttarakhand,Uttarkashi,,30.869194,78.234778,Rock,Slide,NA
5502,UK/UTT/53J05/2015/1683,Uttarakhand,Uttarkashi,,30.87,78.286333,Rock,Slide,NA
5503,UK/UTT/53J05/2015/1678,Uttarakhand,Uttarkashi,Rishikesh-Gangotri NH-94,30.874167,78.303889,Rock,Slide,NA
5504,UK/UTT/53J05/2015/1676,Uttarakhand,Uttarkashi,Rishikesh-Gangotri NH-94,30.876667,78.308889,Rock,Slide,NA
5505,UK/UTT/53J01/2015/1482,Uttarakhand,Uttarkashi,,30.886111,78.239722,Rock,Slide,NA
5506,UK/UTT/53J05/2015/1660,Uttarakhand,Uttarkashi,Rishikesh-Gangotri NH-94,30.890056,78.315694,Rock,Slide,NA
5507,UK/UTT/53J01/2015/1479,Uttarakhand,Uttarkashi,,30.890401,78.240413,Rock,Slide,NA
5508,UK/UTT/53J01/2015/1477,Uttarakhand,Uttarkashi,,30.892917,78.239944,Rock,Slide,NA
5509,UK/UTT/53J01/2015/1476,Uttarakhand,Uttarkashi,,30.895417,78.238806,Rock,Slide,NA
5510,UK/UTT/53J05/2015/1653,Uttarakhand,Uttarkashi,Rishikesh-Gangotri NH-94,30.897196,78.325078,Rock,Slide,NA
5511,UK/UKH/53J05/2025/05,Uttarakhand,Uttarkashi,Pali village slide NH-134,30.8984873,78.2980529,Debris,Debris flow,"29 June 2025,01.45hrs"
5512,UK/UTT/53J05/2015/1651,Uttarakhand,Uttarkashi,Rishikesh-Gangotri NH-94,30.899141,78.325632,Rock,Slide,NA
5513,UK/UTT/53J01/2015/1470,Uttarakhand,Uttarkashi,,30.901083,78.229722,Rock,Slide,NA
5514,UK/UTT/53J05/2015/1622,Uttarakhand,Uttarkashi,Rishikesh-Gangotri NH-94,30.903241,78.359805,Rock,Slide,NA
5515,UK/UTT/53J05/2015/1627,Uttarakhand,Uttarkashi,Rishikesh-Gangotri NH-94,30.904167,78.357778,Rock,Slide,NA
5516,UK/UTT/53J05/2015/1635,Uttarakhand,Uttarkashi,Rishikesh-Gangotri NH-94,30.904333,78.341944,Rock,Slide,NA
5517,UK/UTT/53J01/2015/1465,Uttarakhand,Uttarkashi,,30.904651,78.229605,Rock,Slide,NA
5518,UK/UTT/53J09/2015/925,Uttarakhand,Uttarkashi,Rishikesh-Gangotri road,30.905278,78.679444,Debris,Fall,2013
5519,UK/Uttarkashi/53J/5/2018/01,Uttarakhand,Uttarkashi,UK/Uttarkashi/53J/5/2018/01 NH-94,30.90573,78.34671,Debris,Slide,17 and 2018.
5520,UK/UTT/53J05/2015/1632,Uttarakhand,Uttarkashi,Rishikesh-Gangotri NH-94,30.906045,78.34462,Rock,Slide,NA
5521,UK/UTT/53J01/2015/1456,Uttarakhand,Uttarkashi,,30.907099,78.229524,Rock,Slide,NA
5522,UK/UTT/53J05/2015/1775,Uttarakhand,Uttarkashi,Rishikesh-Gangotri NH-94,30.931663,78.399319,Rock,Slide,NA
5523,UK/UTT/53J05/2015/1772,Uttarakhand,Uttarkashi,Rishikesh-Gangotri NH-94,30.937083,78.404389,Rock,Slide,NA
5524,UK/UTT/53J05/2015/1771,Uttarakhand,Uttarkashi,Rishikesh-Gangotri NH-94,30.939784,78.404248,Rock,Slide,NA
5525,UK/UTT/53J05/2015/1763,Uttarakhand,Uttarkashi,Rishikesh-Gangotri NH-94,30.944235,78.406575,Rock,Slide,NA
5526,UK/UTT/53J05/2015/1761,Uttarakhand,Uttarkashi,Rishikesh-Gangotri NH-94,30.944417,78.408222,Rock,Slide,NA
5527,UK/DEH/53F13/2015/409,Uttarakhand,Uttarkashi,Kulaha -Tyuni,30.948083,77.806389,Rock,Slide,NA
5528,UK/UTT/53J09/2015/921,Uttarakhand,Uttarkashi,Rishikesh-Gangotri road,30.951505,78.692052,Debris,Debris flow,NA
5529,UK/UTT/53J05/2015/1748,Uttarakhand,Uttarkashi,Rishikesh-Gangotri NH-94,30.956497,78.418747,Rock,Slide,NA
5530,UK/UTT/53J05/2015/1746,Uttarakhand,Uttarkashi,Rishikesh-Gangotri NH-94,30.957941,78.420209,Rock,Slide,NA
5531,UK/UTT/53J05/2015/1745,Uttarakhand,Uttarkashi,Rishikesh-Gangotri NH-94,30.959137,78.418616,Rock,Slide,NA
5532,UK/UTT/53J05/2015/1736,Uttarakhand,Uttarkashi,Rishikesh-Gangotri NH-94,30.963001,78.428537,Rock,Slide,NA
5533,UK/UTT/53J05/2015/1734,Uttarakhand,Uttarkashi,Rishikesh-Gangotri NH-94,30.964439,78.428892,Rock,Slide,NA
5534,UK/UTT/53J05/2015/1733,Uttarakhand,Uttarkashi,Rishikesh-Gangotri NH-94,30.964526,78.430284,Rock,Slide,NA
5535,UK/UTT/53J05/2015/1757,Uttarakhand,Uttarkashi,,30.966389,78.411944,Rock,Slide,NA
5536,UK/UTT/53J05/2015/1717,Uttarakhand,Uttarkashi,,30.968609,78.442736,Rock,Slide,NA
5537,UK/UTT/53J05/2015/1715,Uttarakhand,Uttarkashi,,30.968667,78.446361,Rock,Slide,NA
5538,UK/UTT/53J05/2015/1722,Uttarakhand,Uttarkashi,,30.96941,78.439245,Rock,Slide,NA
5539,UK/UTT/53J05/2015/1727,Uttarakhand,Uttarkashi,,30.970186,78.434355,Rock,Slide,NA
5540,UK/UTT/53J05/2015/1752,Uttarakhand,Uttarkashi,,30.970556,78.406111,Rock,Slide,NA
5541,UK/UTT/53F13/2015/374,Uttarakhand,Uttarkashi,Khunigad-Hanol,30.972056,77.937639,Debris,Slide,NA
5542,UK/UTT/53J05/2015/1725,Uttarakhand,Uttarkashi,Rishikesh-Gangotri NH-94,30.973056,78.433472,Rock,Slide,NA
5543,UK/UKH/53J05/2025/01,Uttarakhand,Uttarkashi,"Naun Kenchi, Near Bhairav Mandir Yamunotri Foot trek",30.99119,78.45545,Rock,Slide,23 June 2025 16.10hrs
5544,UK/UTT/53F13/2015/372,Uttarakhand,Uttarkashi,Khunigad-Hanol,30.995633,77.928842,Debris,Slide,NA
5545,UK/UTT/53F13/2015/385,Uttarakhand,Uttarkashi,Gamri -Tyuni- Palasu,30.999203,77.836029,Debris,Slide,NA
5546,UK/UTT/53I04/2020/2,Uttarakhand,Uttarkashi,Panwa-Netwar-Mori,31.13,78.17,Rock,Slide,2014
5547,UK/Uttarkashi/53F_13/2019/05,Uttarakhand,Uttarkashi,Tyuni Subsidence NH-707,31.94500556,77.85253056,Debris,Subsidence,"18 August 2019, 09:00 hrs"
5548,WB/DAR/78B01/2015/324,West Bengal,Darjeeling,Dudhia Bazar SH-12A,26.8177,88.247,Debris,Slide,2011
5549,WB/DAR/78B05/2015/427,West Bengal,Darjeeling,On Karsyang - Pankhabari - Garidhura On Karsyang - Pankhabari -,26.82,88.345,Rock,Slide,2003
5550,WB/DAR/78B05/2015/553,West Bengal,Darjeeling,NH55 Near Rongtong on NH-55 (14/10 Near Rongtong on NH-55 (14/10,26.824,88.341,Rock,Slide,2012
5551,WB/DAR/78B05/2015/418,West Bengal,Darjeeling,NH55 between Km. 64 & 65 from In between Km. 64 & 65 from,26.825,88.339,Rock,Slide,2002
5552,WB/DAR/78B05/2015/567,West Bengal,Darjeeling,NURBONG,26.8405,88.354647,Debris,Slide,2014
5553,WB/DAR/78B05/2015/687,West Bengal,Darjeeling,Birmiretar,26.84056,88.27071,Debris,Slide,2015
5554,WB/DAR/78B05/2015/421,West Bengal,Darjeeling,"NH31A _0 km, Adjacent to Sevoke; 0 km on NH",26.841,88.275,Rock,Slide,2003
5555,WB/DAR/78B01/2015/335,West Bengal,Darjeeling,"Limbu Dhura-2, near Tingling Tea Limbu dhura",26.845506,88.190744,Debris,Slide,2015
5556,WB/DAR/78B01/2015/345,West Bengal,Darjeeling,80 m south of location 4 Singboli,26.845982,88.224174,Debris,Slide,2015
5557,WB/DAR/78B05/2021/PDLS/03,West Bengal,Darjeeling,N/A N/A,26.84637173,88.34205523,Debris,,2021
5558,WB/DAR/78B01/2015/377,West Bengal,Darjeeling,"Limbu Dhura-2, near Tingling Tea Limbu dhura",26.846806,88.190304,Debris,Slide,2015
5559,WB/DAR/78B05/2015/419,West Bengal,Darjeeling,Chunabhati,26.84689,88.338191,Rock,Slide,2002
5560,WB/DAR/78B05/2015/644,West Bengal,Darjeeling,Mithaldanda Mithaldanda,26.847365,88.338607,Rock,Slide,2015
5561,5,West Bengal,Darjeeling,Singboli,26.84783333,88.22425,Debris,Slide,2015
5562,WB/DAR/78B05/2015/624,West Bengal,Darjeeling,"Phulban, PK-RD, 29 Phulban, PK-RD, 29",26.84875,88.263278,Debris,Subsidence,2015
5563,WB/DAR/78B05/2015/569,West Bengal,Darjeeling,SIPAHIDHURA TG,26.848966,88.355296,Debris,Slide,2014
5564,WB/DAR/78B01/2015/351,West Bengal,Darjeeling,"Soureni-6, within Soureni Tea Garden Soureni TG",26.849114,88.194081,Debris,Slide,2015
5565,WB/DAR/78B05/2015/641,West Bengal,Darjeeling,"Gairigaon, NH55 Gairigaon, NH55",26.849463,88.33315,Rock,Slide,2015
5566,25,West Bengal,Darjeeling,Soureni TG,26.85013889,88.1935,Debris,Slide,2015
5567,13,West Bengal,Darjeeling,paul dhura,26.85033333,88.19208333,Debris,Slide,2015
5568,WB/DAR/78B01/2015/347,West Bengal,Darjeeling,"Soureni-2, near Soureni Tea Garden Soureni TG",26.851503,88.193331,Debris,Slide,2015
5569,WB/DAR/78B05/2021/PDLS/05,West Bengal,Darjeeling,N/A N/A,26.85286562,88.33408032,Debris,Slide,2021
5570,WB/DAR/78B05/2015/570,West Bengal,Darjeeling,TINDHARIA,26.854096,88.337308,Rock,Slide,2014
5571,33,West Bengal,Darjeeling,"Mechi TG, Chaundhura Basic",26.855,88.18666667,Debris,Slide,2015
5572,61,West Bengal,Darjeeling,on Kurseong to Rohini road,26.85955556,88.29344444,Debris,Slide,2015
5573,WB/DAR/78B05/2015/445,West Bengal,Darjeeling,Mahanadi WLS,26.860752,88.399417,Debris,Slide,2004
5574,WB/DAR/78B01/2015/386,West Bengal,Darjeeling,Soreni Slide Soreni TG,26.862861,88.193083,Debris,Slide,2016
5575,WB/DAR/78B01/2015/357,West Bengal,Darjeeling,"Mechi-1, North of Mechi Tea Garden Mechi TG",26.863566,88.190165,Debris,Slide,2015
5576,WB/DAR/78B05/2015/512,West Bengal,Darjeeling,Jogi Right bank of Jogi khola,26.864731,88.395166,Debris,Slide,2010
5577,WB/ Darjeeling,West Bengal,Darjeeling,"Landslide on Mirik Siliguri road,",26.86575,88.19522222,Debris,Slide,NA
5578,WB/DAR/78B01/2015/315,West Bengal,Darjeeling,Ambotia ( On Karsyang-Ambotia tea Western slope of Karsyang,26.866599,88.243085,Rock,Slide,1968
5579,WB/DAR/78B05/2015/555,West Bengal,Darjeeling,Rongtong Shiv Mandir,26.871011,88.30868,Rock,Slide,2012
5580,WB/DAR/78B05/2015/702,West Bengal,Darjeeling,Giddapahar-2 NH-55,26.871167,88.301778,Debris,Subsidence,2015
5581,WB/DAR/78B05/2015/545,West Bengal,Darjeeling,NH55 46 km on Toy train track 46 km on Toy train track/NH-55,26.871171,88.297518,Debris,Slide,2012
5582,WB/DAR/78B01/2015/380,West Bengal,Darjeeling,Bungkulung TG Right bank of Marma Nadi,26.871667,88.214972,Rock,Slide,2015
5583,WB/DAR/78B05/2015/645,West Bengal,Darjeeling,"Bunklling, NH55 Bunklling, NH55",26.872454,88.284939,Debris,Slide,2015
5584,58,West Bengal,Darjeeling,"on NH55, 1km towards",26.87255556,88.28508333,Rock,Slide,2015
5585,WB/DAR/78B05/2015/636,West Bengal,Darjeeling,Gairigaon NH55 Gairigaon NH55,26.877274,88.313681,Rock,Slide,2015
5586,WB/DAR/78B05/2021/PDLS/08,West Bengal,Darjeeling,N/A N/A,26.8779184,88.31460343,Debris,Slide,2021
5587,WB/DAR/78B05/2015/638,West Bengal,Darjeeling,Gairigaon NH55 Gairigaon NH55,26.879416,88.30386,Debris,Subsidence,2015
5588,WB/DAR/78B05/2015/443,West Bengal,Darjeeling,Mahanadi WLS,26.880829,88.440901,Debris,Slide,2004
5589,WB/DAR/78B05/2015/508,West Bengal,Darjeeling,Latpanchar Latpanchar,26.881389,88.40133,Debris,Slide,2010
5590,WB/DAR/78B01/2015/383,West Bengal,Darjeeling,Mane slide Mane,26.882417,88.165167,Rock,Slide,2015
5591,WB/DAR/78B05/2015/675,West Bengal,Darjeeling,Simring Simring,26.885833,88.349056,Rock,Slide,2015
5592,WB/DAR/78B05/2015/503,West Bengal,Darjeeling,LATPANCHAR Latpanchar,26.885835,88.395558,Debris,Slide,2010
5593,WB/DAR/78B05/2015/577,West Bengal,Darjeeling,MAHANADI WLS,26.88618,88.439126,Rock,Slide,2014
5594,WB/DAR/78B05/2015/695,West Bengal,Darjeeling,Simring TG Simring TG,26.887222,88.355694,Rock,Slide,2015
5595,WB/DAR/78B01/2015/366,West Bengal,Darjeeling,"Bishnulal Gaon, ward no. 9 (western Bishnulal Gaon",26.888624,88.17477,Debris,Slide,2015
5596,40,West Bengal,Darjeeling,Bishnulal Gaon ward no. 9,26.88866667,88.17422222,Debris,Subsidence,2015
5597,42,West Bengal,Darjeeling,Thanalying ward no. 3,26.89102778,88.18680556,Debris,Slide,2015
5598,WB/DAR/78B05/2015/402,West Bengal,Darjeeling,NH55 At Km 52 from Siliguri At Km 52 from Siliguri on NH 55,26.897654,88.288877,Rock,Flow,1998
5599,59,West Bengal,Darjeeling,Khaire Khola,26.89805556,88.28663889,Rock,Slide,NA
5600,WB/DAR/78B05/2015/578,West Bengal,Darjeeling,MAHANADI WLS,26.898939,88.425523,Debris,Slide,2014
5601,WB/DAR/78B05/2015/482,West Bengal,Darjeeling,"Goethals School Slide NH-55, just below the Goethals",26.90128,88.28801,Debris,Slide,2007
5602,WB/DAR/78B05/2015/518,West Bengal,Darjeeling,NH 10 cornation bridge,26.901453,88.47085,Debris,Slide,2010
5603,WB/DAR/78B05/2015/511,West Bengal,Darjeeling,Babukhola,26.90301,88.327982,Debris,Slide,2010
5604,WB/DAR/78B05/2015/510,West Bengal,Darjeeling,Mahanadi Mahanadi,26.903893,88.413924,Rock,Slide,2010
5605,WB/DAR/78B05/2015/582,West Bengal,Darjeeling,DAKBANGLA,26.904987,88.351305,Debris,Slide,2014
5606,WB/DAR/78B01/2021/PDLS/26,West Bengal,Darjeeling,N/A N/A,26.9050488,88.16186482,Debris,Slide,2021
5607,WB/DAR/78B05/2015/517,West Bengal,Darjeeling,NH 10 junction rang Khola,26.907756,88.468958,Debris,Slide,2010
5608,WB/DAR/78B05/2015/688,West Bengal,Darjeeling,Lapchekheti Lapchekheti,26.913667,88.347528,Rock,Slide,2015
5609,WB/DAR/2025/78B/5/Point/65,West Bengal,Darjeeling,NULL NULL,26.91391191,88.46705858,Rock,Slide,NA
5610,WB/DAR/78B05/2015/515,West Bengal,Darjeeling,Khali Khola,26.914579,88.428785,Debris,Slide,2010
5611,WB/DAR/78B05/2015/423,West Bengal,Darjeeling,Within Balasone tea estate Within Balasone tea estate,26.915,88.2525,Rock,Slide,2003
5612,WB/DAR/78B05/2015/502,West Bengal,Darjeeling,NG72 SE OF KALIJHORA,26.919463,88.465854,Debris,Slide,2010
5613,WB/ Darjeeling,West Bengal,Darjeeling,"Sukhiapokhri-Mirik road, near",26.91986111,88.1455,Debris,Slide,NA
5614,WB/DAR/78B05/2015/532,West Bengal,Darjeeling,Chimni,26.920216,88.315368,Debris,Slide,2011
5615,WB/DAR/78B05/2015/664,West Bengal,Darjeeling,Mahaldiram Mahaldiram,26.921361,88.344206,Rock,Slide,2015
5616,WB/DAR/78B05/2015/598,West Bengal,Darjeeling,NG65 NORTH OF YANGMAKUM RF,26.924944,88.499194,Debris,Slide,2014
5617,WB/DAR/78B05/2015/686,West Bengal,Darjeeling,Aintar Aintar,26.926367,88.420773,Debris,Slide,2015
5618,WB/DAR/78B05/2015/685,West Bengal,Darjeeling,Karmat Karmat,26.92871,88.430293,Debris,Slide,2015
5619,WB/DAR/78B05/2015/662,West Bengal,Darjeeling,Namthin Namthin,26.931556,88.398028,Rock,Slide,2015
5620,WB/DAR/78B09/2015/807,West Bengal,Darjeeling,NG46 S of Nabgaon,26.931579,88.547434,Debris,Slide,2015
5621,WB/DAR/78B05/2015/449,West Bengal,Darjeeling,NG82 RONG PAKHA,26.932471,88.478042,Rock,Slide,2004
5622,WB/DAR/78B09/2015/806,West Bengal,Darjeeling,NG45 S of Nabgaon,26.933052,88.55815,Debris,Slide,2015
5623,WB/DAR/78B05/2015/546,West Bengal,Darjeeling,Sabjey on Mangpu-Selphu road Sabjey on Mangpu-Selphu road,26.934,88.366,Rock,Slide,2012
5624,WB/DAR/78B09/2015/769,West Bengal,Darjeeling,YANGMAKUN YANGMAKUN,26.934056,88.527417,Rock,Slide,2015
5625,WB/DAR/78B05/2021/PDLS/33,West Bengal,Darjeeling,N/A N/A,26.93546128,88.44889028,Debris,Slide,2021
5626,WB/DAR/78B09/2015/805,West Bengal,Darjeeling,NG44 S of Kupring,26.93648,88.565025,Debris,Slide,2015
5627,WB/DAR/78B05/2015/629,West Bengal,Darjeeling,Dlaram-Bagora Dlaram-Bagora,26.938667,88.304611,Rock,Slide,2015
5628,WB/DAR/78B09/2015/727,West Bengal,Darjeeling,S OF KUPRING,26.941145,88.571441,Rock,Slide,2014
5629,WB/DAR/78B05/2015/505,West Bengal,Darjeeling,NG84 E OF KALIJHORA,26.941589,88.465202,Rock,Slide,2010
5630,WB/DAR/78B09/2015/803,West Bengal,Darjeeling,NG42 S of Kupring,26.943539,88.569415,Rock,Slide,2015
5631,WB/DAR/78B05/2015/648,West Bengal,Darjeeling,Bagora Bagora,26.944028,88.311611,Rock,Slide,2015
5632,WB/DAR/78B09/2015/811,West Bengal,Darjeeling,NG49 SW of Kupring,26.944806,88.542192,Rock,Slide,2015
5633,WB/DAR/78B09/2015/812,West Bengal,Darjeeling,NG50 SW of Kupring,26.945149,88.541259,Rock,Slide,2015
5634,WB/DAR/78B05/2015/410,West Bengal,Darjeeling,NH31A_8.3km At Km.8.3 from Sevoke on NH-,26.947,88.441,Rock,Rock fall,2001
5635,WB/DAR/78B05/2015/454,West Bengal,Darjeeling,NG89 PAMBU KHOLA,26.948286,88.451846,Rock,Slide,2004
5636,WB/DAR/78B09/2015/801,West Bengal,Darjeeling,NG40 S of Kupring,26.94846,88.568639,Debris,Slide,2015
5637,WB/DAR/78B05/2015/594,West Bengal,Darjeeling,NH10,26.948662,88.441254,Rock,Slide,2014
5638,WB/DAR/78B05/2021/PDLS/33,West Bengal,Darjeeling,N/A N/A,26.95122319,88.43910965,Rock,Slide,2021
5639,WB/DAR/78B09/2015/785,West Bengal,Darjeeling,NG24 SE OF NIMBONG,26.953829,88.590906,Debris,Slide,2015
5640,WB/DAR/78B09/2015/817,West Bengal,Darjeeling,NG55 SW of Kupring,26.955073,88.542426,Debris,Slide,2015
5641,WB/DAR/78B01/2021/PDLS/35,West Bengal,Darjeeling,N/A N/A,26.95632612,88.121641,Debris,Slide,2021
5642,WB/DAR/78B09/2015/816,West Bengal,Darjeeling,NG54 SW of Kupring,26.956427,88.542571,Debris,Slide,2015
5643,WB/DAR/78B01/2021/PDLS/36,West Bengal,Darjeeling,N/A N/A,26.95648893,88.12160231,Debris,Slide,2021
5644,WB/DAR/78B09/2015/815,West Bengal,Darjeeling,NG53 SW of Kupring,26.957349,88.548779,Rock,Slide,2015
5645,WB/DAR/78B09/2015/714,West Bengal,Darjeeling,Near Gorubathan Near Gorubathan,26.962999,88.702676,Debris,Slide,1968
5646,WB/DAR/78B09/2015/733,West Bengal,Darjeeling,E OF GORUBATHAN,26.970062,88.74011,Debris,Slide,2014
5647,WB/DAR/78B05/2015/528,West Bengal,Darjeeling,NH31A _14.55 Km,26.97039,88.417195,Rock,Slide,2011
5648,WB/DAR/78B05/2021/PDLS/34,West Bengal,Darjeeling,N/A N/A,26.97286057,88.41954739,Debris,Slide,2021
5649,WB/DAR/78B09/2015/798,West Bengal,Darjeeling,NG38 S of Lolegaon,26.981198,88.552579,Debris,Slide,2015
5650,WB/DAR/78B09/2015/796,West Bengal,Darjeeling,NG36 S of Lolegaon,26.983514,88.550485,Rock,Slide,2015
5651,WB/DAR/78B05/2015/596,West Bengal,Darjeeling,RAMBI KHOLA,26.983593,88.401204,Rock,Slide,2014
5652,WB/DAR/78B05/2015/609,West Bengal,Darjeeling,SURUK KHOLA,26.984996,88.465284,Debris,Slide,2014
5653,WB/DAR/78B09/2015/716,West Bengal,Darjeeling,16km.from Damdim towards Lava 16km.from Damdim towards,26.985201,88.700452,Rock,Slide,2007
5654,WB/DAR/78B05/2015/458,West Bengal,Darjeeling,NG94 NAZUK RF,26.98612,88.455019,Debris,Slide,2004
5655,WB/DAR/78B09/2015/779,West Bengal,Darjeeling,NIMBONG RF NIMBONG RF,26.986639,88.562861,Rock,Slide,2015
5656,WB/DAR/78B05/2015/459,West Bengal,Darjeeling,NG95 NAZUK RF,26.987943,88.455813,Debris,Slide,2004
5657,WB/DAR/78B01/2021/PDLS/87,West Bengal,Darjeeling,N/A N/A,26.989655,88.11836379,Rock,Slide,2021
5658,WB/DAR/78B05/2015/670,West Bengal,Darjeeling,NH31A Rambi Bazar NH31A Rambi Bazar,26.990694,88.420361,Rock,Slide,2015
5659,WB/DAR/78B01/2015/328,West Bengal,Darjeeling,SIMANA Along road from Rammam to,26.992103,88.144828,Debris,Slide,2015
5660,48,West Bengal,Darjeeling,At km stone Sivok 19 km,26.99666667,88.42730556,Rock,Slide,NA
5661,WB/DAR/78A08/2015/1352,West Bengal,Darjeeling,"HAPPY VILLA HAPPY VILLA, KALIMPONG",27.000361,88.459972,Debris,Subsidence,2006
5662,WB/DARJ/78A12/2007/0005,West Bengal,Darjeeling,Ambyok-I 21km from Damdin,27.0015,88.7025,Debris,Subsidence,2007
5663,WB/DARJ/78A08/2011/0264,West Bengal,Darjeeling,NH31A,27.004,88.441,Debris,Slide,NA
5664,WB/DAR/78A08/2015/110,West Bengal,Darjeeling,NH-31A_ 21km from Sevok(Tiger NH31A,27.005317,88.443168,Debris,Slide,2011
5665,WB/DAR/78A08/2015/1344,West Bengal,Darjeeling,SEVOK ROAD SEVOK ROAD,27.005667,88.442306,Debris,Slide,2015
5666,WB/DAR/78A12/2015/1540,West Bengal,Darjeeling,KANKEBONG,27.007714,88.589557,Rock,Slide,2016
5667,WB/ Darjeeling /78A/04/2025/5,West Bengal,Darjeeling,Near Lepcha Jagat tourist park Darjeeling to Sukhiapokhri road,27.010752,88.183783,Debris,Slide,NA
5668,WB/DAR/78A04/2021/PDLS/71,West Bengal,Darjeeling,N/A N/A,27.01112749,88.09939597,Debris,Slide,2021
5669,WB/DAR/78A04/2021/PDLS/39,West Bengal,Darjeeling,N/A N/A,27.01356985,88.23185881,Debris,Slide,2021
5670,WB/DAR/78A12/2015/1424,West Bengal,Darjeeling,,27.014124,88.678693,Debris,Slide,2013
5671,WB/DAR/78A12/2015/1426,West Bengal,Darjeeling,,27.014222,88.719986,Debris,Slide,2012
5672,WB/DAR/78A08/2021/PDLS/35,West Bengal,Darjeeling,N/A N/A,27.01617215,88.43555204,Rock,Slide,2021
5673,WB/DAR/78A08/2015/55,West Bengal,Darjeeling,NH-31A _ 23.15 km from Sevok(Tiger 23.15 km from Sevok(Tiger,27.017145,88.432668,Debris,Slide,2007
5674,WB/DAR/78A04/2015/1199,West Bengal,Darjeeling,MARYBONG,27.018222,88.208444,Rock,Slide,2016
5675,WB/DAR/78A08/2015/54,West Bengal,Darjeeling,NH-31A _ 23.15 km from Sevok(Tiger 23.15 km from Sevok(Tiger,27.018491,88.434995,Debris,Slide,2007
5676,WB/DAR/78A08/2015/1432,West Bengal,Darjeeling,,27.021237,88.271615,Debris,Slide,2011
5677,WB/DAR/78A04/2021/PDLS/67,West Bengal,Darjeeling,N/A N/A,27.022831,88.09427834,Debris,Slide,2021
5678,WB/DAR/78A08/2015/111,West Bengal,Darjeeling,NH-31A _ 24 Km (29th Mile) from NH31A,27.023536,88.43302,Debris,Slide,2011
5679,WB/DAR/78A12/2015/1532,West Bengal,Darjeeling,LAMAHATTA,27.023694,88.697284,Debris,Slide,2015
5680,WB/DARJ/78A08/2011/0267,West Bengal,Darjeeling,NH31A,27.024,88.434,Debris,Slide,NA
5681,WB/DARJ/78A08/2009/0338,West Bengal,Darjeeling,,27.024,88.26,Debris,Slide,NA
5682,WB/DAR/78A12/2015/1375,West Bengal,Darjeeling,MELLI ROAD KHANI,27.024806,88.531472,Debris,Slide,2015
5683,WB/DAR/78A08/2015/60,West Bengal,Darjeeling,"Alubari-Phulbari village, just below of South of Alubari-Phulbari",27.025053,88.27664,Rock,Slide,2007
5684,WB/DAR/78A08/2015/1436,West Bengal,Darjeeling,,27.025394,88.4803,Debris,Slide,2011
5685,WB/DARJ/78A04/0258,West Bengal,Darjeeling,Darjeeling-Bijanbari Road,27.028,88.194,Debris,Slide,NA
5686,WB/DAR/78A08/2015/113,West Bengal,Darjeeling,NH-31A _24.9 km (near Geilkhola NH31A,27.030176,88.428334,Debris,Slide,2011
5687,WB/DAR/78A04/2015/1244,West Bengal,Darjeeling,TARDHURA,27.031222,88.196694,Rock,Slide,2015
5688,WB/DAR/78A08/2021/PDLS/36,West Bengal,Darjeeling,N/A N/A,27.03267137,88.42864524,Debris,Slide,2021
5689,WB/DAR/78A12/2015/1446,West Bengal,Darjeeling,,27.034531,88.542475,Debris,Slide,NA
5690,WB/DAR/78A04/2015/1243,West Bengal,Darjeeling,MARYBONG TG,27.03475,88.197444,Debris,Subsidence,2015
5691,WB/DAR/78A12/2015/1307,West Bengal,Darjeeling,KHANI,27.035111,88.5205,Rock,Slide,2015
5692,WB/DAR/78A04/2021/PDLS/45,West Bengal,Darjeeling,N/A N/A,27.0355249,88.19408314,Debris,Slide,2021
5693,WB/DAR/78A04/2015/1242,West Bengal,Darjeeling,MARYBONG TG,27.036083,88.197333,Debris,Subsidence,2015
5694,WB/DAR/78A04/2015/1224,West Bengal,Darjeeling,THAPA GAON,27.037917,88.155778,Debris,Slide,2016
5695,WB/DAR/78A08/2015/66,West Bengal,Darjeeling,NH-31A 25.5 km from Sevok(Tiger 25.5 km from Sevok(Tiger,27.038159,88.42602,Debris,Debris flow,2007
5696,WB/DAR/78A12/2015/269,West Bengal,Darjeeling,"Printam road,100m towards Yok Printam road,100m towards",27.038619,88.524478,Rock,Slide,2013
5697,WB/DAR/78A08/2015/1349,West Bengal,Darjeeling,SEVOK ROAD SEVOK ROAD,27.038833,88.426722,Debris,Slide,2014
5698,WB/DAR/78A12/2015/1302,West Bengal,Darjeeling,KHOLA TAR,27.040194,88.537417,Debris,Subsidence,2014
5699,WB/DAR/78A12/2015/270,West Bengal,Darjeeling,Pala Yok road Pala Yok road,27.042,88.527,Debris,Slide,2013
5700,WB/DAR/78A12/2015/1535,West Bengal,Darjeeling,RAMMAM ADIRT-3 SHAFT,27.042045,88.526935,Debris,Slide,2015
5701,WB/DAR/78A12/2015/1301,West Bengal,Darjeeling,KHOLA TAR,27.0425,88.538667,Debris,Subsidence,2015
5702,WB/DAR/78A04/2015/24,West Bengal,Darjeeling,"Darjeeling-Bijanbari Road, Maribong Darjeeling-Bijanbari Road",27.0427,88.1985,Debris,Slide,2011
5703,WB/DARJ/78A04/0260,West Bengal,Darjeeling,Darjeeling-Bijanbari Road,27.043,88.199,Debris,Slide,NA
5704,WB/DAR/78A12/2015/210,West Bengal,Darjeeling,29.5Km. from Damdim on Damdim- Paparkheti - Lava road,27.043006,88.694048,Debris,Slide,2007
5705,WB/DAR/78A04/2021/PDLS/15,West Bengal,Darjeeling,N/A N/A,27.04312478,88.19846843,Debris,Slide,2021
5706,WB/DAR/78A12/2015/281,West Bengal,Darjeeling,Phaperkheti Lava,27.043444,88.695639,Debris,Slide,2015
5707,WB/DAR/78A08/2015/1179,West Bengal,Darjeeling,"MULDARA,DARJEELING",27.044389,88.270222,Rock,Slide,2015
5708,WB/ Darjeeling /78A/04/2025/7,West Bengal,Darjeeling,"DhotreyManebhanjhang road,",27.04530556,88.10741667,Debris,,NA
5709,WB/DAR/78A12/2015/265,West Bengal,Darjeeling,Pala Bridge Near Pala on Kalimpong -Pala,27.045417,88.536945,Rock,Slide,2013
5710,WB/DAR/78A12/2015/1384,West Bengal,Darjeeling,UPPER KUWAPANI SH-12,27.047028,88.68,Rock,Slide,2012
5711,WB/DAR/78A08/2015/1393,West Bengal,Darjeeling,,27.047458,88.455044,Debris,Slide,2013
5712,WB/DAR/78A08/2015/107,West Bengal,Darjeeling,Lower Bhutia Busty,27.04775,88.273611,Debris,Slide,2009
5713,WB/DAR/78A04/2015/1237,West Bengal,Darjeeling,RISHEEHAT,27.047778,88.20625,Rock,Slide,2016
5714,WB/DAR/78A04/2021/PDLS/14,West Bengal,Darjeeling,N/A N/A,27.0484665,88.20299156,Debris,Slide,2021
5715,WB/DAR/78A04/2021/PDLS/29,West Bengal,Darjeeling,N/A N/A,27.04859357,88.27865865,Debris,Slide,2021
5716,WB/DAR/78A04/2021/PDLS/14,West Bengal,Darjeeling,N/A N/A,27.04879643,88.20346894,Debris,Slide,2021
5717,WB/DAR/78A08/2015/42,West Bengal,Darjeeling,Around 8km. West of Darjeeling town Around 8km. West of Darjeeling,27.049,88.287,Debris,Debris flow,2006
5718,WB/DAR/78A08/2015/67,West Bengal,Darjeeling,"NH-55, just below the Goethals School NH-55, just below the Goethals",27.049701,88.46359,Debris,Slide,2007
5719,WB/DAR/78A08/2015/65,West Bengal,Darjeeling,Kalimpong City Kalimpong City,27.049804,88.460653,Debris,Slide,2007
5720,WB/DAR/78A04/2021/PDLS/15,West Bengal,Darjeeling,N/A N/A,27.05023788,88.19852384,Debris,Slide,2021
5721,WB/DAR/78A12/2015/1455,West Bengal,Darjeeling,,27.050289,88.708547,Debris,Slide,NA
5722,WB/DAR/78A04/2015/1201,West Bengal,Darjeeling,LOWER RELLING,27.05125,88.172056,Debris,Slide,2016
5723,WB/DAR/78A12/2015/257,West Bengal,Darjeeling,"Pala Village, Pala- Deorali- Loegaon Pala- Deorali- Loegaon Road",27.051355,88.581248,Rock,Slide,2013
5724,WB/DAR/78A12/2015/1456,West Bengal,Darjeeling,,27.052255,88.5586,Debris,Slide,NA
5725,WB/DAR/78A08/2015/64,West Bengal,Darjeeling,Kalimpong City Kalimpong City,27.05265,88.45859,Debris,Slide,2007
5726,WB/DAR/78A12/2015/223,West Bengal,Darjeeling,16 km on Relli-Lolegaon road Near Kab16 km on Relli-,27.052709,88.574587,Rock,Slide,2012
5727,WB/DARJ/78A08/0274,West Bengal,Darjeeling,Near Km. 29 from Sevoke on NH,27.053,88.431,Debris,Slide,NA
5728,WB/DAR/78A08/2015/1509,West Bengal,Darjeeling,KHOLA TAR,27.053119,88.26765,Debris,Subsidence,2014
5729,WB/DAR/78A08/2015/1511,West Bengal,Darjeeling,CHARGHARE,27.054295,88.280504,Debris,Subsidence,2014
5730,WB/DAR/78A12/2015/1273,West Bengal,Darjeeling,Lava RF,27.056,88.583333,Debris,Slide,2014
5731,WB/DAR/78A08/2015/1508,West Bengal,Darjeeling,MUNTHUM,27.05626,88.260462,Debris,Subsidence,2014
5732,WB/DAR/78A08/2015/1322,West Bengal,Darjeeling,"PRATHMIK SWASTHA KENDRA, KALIMPONG",27.057917,88.457778,Debris,Slide,NA
5733,77,West Bengal,Darjeeling,"6th Mile, 6th Mile, Kalimpong",27.058,88.49836111,Debris,Slide,2015
5734,WB/DAR/78A12/2015/1373,West Bengal,Darjeeling,MELLI ROAD LOLEY,27.058861,88.570583,Debris,Slide,2015
5735,WB/DAR/78A16/2015/292,West Bengal,Darjeeling,At Biru Khola Near Paren Powerhouse At Biru Khola Near Paren,27.058908,88.870359,Debris,Slide,1993
5736,WB/DARJ/78A08/2007/0318,West Bengal,Darjeeling,NH-55,27.059,88.459,Debris,Slide,2007
5737,WB/DAR/78A08/2015/61,West Bengal,Darjeeling,NH-55near Goethals School Old Slide on NH-55 near,27.06,88.47,Debris,Slide,2007
5738,WB/DARJ/78A08/2007/0316,West Bengal,Darjeeling,Old Slide on NH-55 near,27.06,88.47,Debris,Slide,2007
5739,WB/DARJ/78A12/2007/0043,West Bengal,Darjeeling,Chitre Junction 0.5 mile from Chitre towards,27.0613,88.444,Debris,Subsidence,2007
5740,WB/DAR/78A08/2015/92,West Bengal,Darjeeling,Santi Parbat near house of Basant,27.062361,88.257667,Debris,Slide,2009
5741,WB/DAR/78A12/2015/260,West Bengal,Darjeeling,12.0 km on Pala-Lulegaon Road Pala-Lulegaon Road,27.062786,88.565429,Rock,Slide,2013
5742,WB/DAR/78A12/2015/1371,West Bengal,Darjeeling,MELLI ROAD LOLEY,27.063,88.555278,Debris,Slide,2016
5743,WB/DAR/78A08/2015/93,West Bengal,Darjeeling,Community Hall near Priya,27.063222,88.256222,Debris,Slide,2009
5744,WB/ Darjeeling,West Bengal,Darjeeling,"Dhotrey-Lodhoma road,",27.06327778,88.09102778,Debris,Slide,NA
5745,WB/DAR/78A12/2015/1277,West Bengal,Darjeeling,Parbung,27.064056,88.618972,Debris,Subsidence,2014
5746,WB/DARJ/78A12/2007/0018,West Bengal,Darjeeling,WP515 Parakheti-Lava road,27.06415,88.6615,Debris,Slide,2007
5747,WB/DARJ/78A08/2007/0315,West Bengal,Darjeeling,South of Alubari-Phulbari,27.065,88.466,Rock,Slide,2007
5748,WB/DAR/78A04/2021/PDLS/13,West Bengal,Darjeeling,N/A N/A,27.06573316,88.18415797,Rock,Slide,2021
5749,WB/DAR/2024/78A/4/Point/46,West Bengal,Darjeeling,NULL NULL,27.06611772,88.18436289,Debris,Slide,NA
5750,WB/DAR/2025/78A/4/Point/79,West Bengal,Darjeeling,NULL NULL,27.06737739,88.18499323,Debris,Slide,NA
5751,WB/DAR/78A08/2015/73,West Bengal,Darjeeling,"Simgbong Division Road, Glenbern T.E Simgbong Division Road,",27.068711,88.352012,Debris,Debris flow,2007
5752,WB/DAR/78A04/2021/PDLS/13,West Bengal,Darjeeling,N/A N/A,27.06920641,88.19190873,Rock,Slide,2021
5753,WB/DAR/78A04/2021/PDLS/12,West Bengal,Darjeeling,N/A N/A,27.07009424,88.18298362,Debris,Slide,2021
5754,WB/DAR/78A04/2021/PDLS/13,West Bengal,Darjeeling,N/A N/A,27.07021025,88.21281352,Debris,Slide,2021
5755,WB/DAR/78A12/2015/221,West Bengal,Darjeeling,8km on Lava-Lolegaon road 8km on Lava-Lolegaon road,27.07073,88.610674,Debris,Subsidence,2012
5756,WB/DARJ/78A04/0261,West Bengal,Darjeeling,Darjeeling-Bijanbari Road,27.071,88.201,Debris,Subsidence,NA
5757,WB/DAR/78A16/2015/298,West Bengal,Darjeeling,"Ma Durga Slide, On Paren Bindu Road Ma Durga Slide, On Paren Bindu",27.071184,88.869193,Debris,Subsidence,2005
5758,WB/DAR/78A12/2015/220,West Bengal,Darjeeling,8km on Lava-Lolegaon road 8km on Lava-Lolegaon road,27.071719,88.612237,Debris,Subsidence,2012
5759,WB/DAR/78A08/2015/135,West Bengal,Darjeeling,Nushrigaon,27.072,88.456,Debris,Slide,2013
5760,WB/DARJ/78A08/2013/0313,West Bengal,Darjeeling,,27.072,88.456,Debris,Slide,NA
5761,WB/DAR/78A04/2015/1231,West Bengal,Darjeeling,BADAREY,27.072528,88.166139,Debris,Slide,2016
5762,WB/DAR/78A08/2015/154,West Bengal,Darjeeling,"8th Mile, 8th Mile, Kalimpong",27.072583,88.45725,Debris,Slide,2015
5763,WB/DAR/78A04/2021/PDLS/13,West Bengal,Darjeeling,N/A N/A,27.07260441,88.20418699,Debris,Slide,2021
5764,WB/DAR/78A04/2021/PDLS/13,West Bengal,Darjeeling,N/A N/A,27.07359049,88.20288656,Debris,Slide,2021
5765,WB/DAR/78A08/2021/PDLS/21,West Bengal,Darjeeling,N/A N/A,27.07510827,88.25237706,Debris,Slide,2021
5766,WB/DAR/78A08/2021/PDLS/21,West Bengal,Darjeeling,N/A N/A,27.07518852,88.25248888,Debris,Slide,2021
5767,WB/DAR/78A04/2015/28,West Bengal,Darjeeling,Along the road between Rammam to,27.075694,88.091889,Debris,Slide,2015
5768,WB/DAR/2025/78A/4/Point/48,West Bengal,Darjeeling,NULL NULL,27.0759255,88.2033356,Debris,Slide,NA
5769,WB/DARJ/78A08/2007/0327,West Bengal,Darjeeling,Below the Udaygram-,27.076,88.484,Debris,Slide,NA
5770,WB/ Darjeeling /78A/04/2025/4,West Bengal,Darjeeling,"Dhotrey-Lodhoma road,",27.07670833,88.09208333,,Slide,NA
5771,WB/DARJ/78A12/2007/0039,West Bengal,Darjeeling,Bhatte Khola 5 km from Kalimpong towards,27.0774,88.5162,Debris,Subsidence,2007
5772,WB/DAR/78A08/2015/71,West Bengal,Darjeeling,12.5 mile from Chitre towards Algara 12.5 mile from Chitre towards,27.0775,88.49948,Debris,Slide,2007
5773,81,West Bengal,Darjeeling,"11th Mile 11th Mile, Kalimpong",27.07755556,88.48541667,Debris,Slide,2015
5774,WB/DAR/78A08/2015/157,West Bengal,Darjeeling,"11th Mile 11th Mile, Kalimpong",27.077556,88.485417,Debris,Slide,2015
5775,WB/DARJ/78A08/2007/0325,West Bengal,Darjeeling,12.5 mile from Chitre towards,27.078,88.499,Debris,Slide,2007
5776,WB/DAR/78A08/2021/PDLS/21,West Bengal,Darjeeling,N/A N/A,27.07817843,88.25328855,Debris,Slide,2021
5777,WB/DAR/78A08/2015/1318,West Bengal,Darjeeling,On Kalimpong - Rishi road within On Kalimpong - Rishi road,27.078633,88.487198,Debris,Slide,2002
5778,WB/DARJ/78A08/2006/0329,West Bengal,Darjeeling,On Kalimpong - Rishi road,27.079,88.487,Debris,Slide,2006
5779,WB/DAR/78A08/2021/PDLS/21,West Bengal,Darjeeling,N/A N/A,27.0790225,88.2537921,Debris,Slide,2021
5780,WB/DAR/78A04/2015/1226,West Bengal,Darjeeling,SAMALBONG,27.07925,88.180583,Debris,Subsidence,2014
5781,WB/DAR/78A04/2015/1196,West Bengal,Darjeeling,PUL BAZAR,27.080083,88.208833,Rock,Slide,2015
5782,WB/DAR/78A08/2015/75,West Bengal,Darjeeling,"Simgbong Division Road, Glenbern T.E. Simgbong Division Road,",27.080127,88.333187,Rock,Slide,2007
5783,WB/DAR/78A12/2015/1471,West Bengal,Darjeeling,,27.08024,88.537935,Debris,Slide,2010
5784,WB/DAR/78A04/2021/PDLS/50,West Bengal,Darjeeling,N/A N/A,27.08040884,88.09078287,Debris,Slide,2021
5785,NULL,West Bengal,Darjeeling,NULL NULL,27.08180557,88.09218644,Debris,Slide,24 September 2024
5786,WB/DAR/78A08/2015/1357,West Bengal,Darjeeling,"MELLI ROAD MELLI ROAD, KALIMPONG",27.08225,88.446028,Debris,Slide,2014
5787,6897,West Bengal,Darjeeling,Dhotrey to Lodhama road,27.084273,88.092563,Debris,Slide,NA
5788,WB/DAR/78A12/2015/1381,West Bengal,Darjeeling,"LOWER SANTUK LOWER SANTUK,SW OF MIRIK",27.085722,88.563167,Debris,Slide,2015
5789,WB/DAR/78A08/2021/PDLS/21,West Bengal,Darjeeling,N/A N/A,27.08580223,88.25780085,Debris,Slide,2021
5790,WB/DAR/78A04/2021/PDLS/11,West Bengal,Darjeeling,N/A N/A,27.08580475,88.15879206,Debris,Slide,2021
5791,WB/DAR/78A12/2015/191,West Bengal,Darjeeling,1 km from Lava towards Gorubathan 1 km from Lava towards,27.085837,88.660368,Debris,Slide,2007
5792,WB/DAR/78A04/2021/PDLS/28,West Bengal,Darjeeling,N/A N/A,27.08630895,88.25261254,Debris,Slide,2021
5793,WB/DAR/78A08/2015/1537,West Bengal,Darjeeling,SADAR BAZAR SLIDE BUXA RF,27.08672,88.473087,Rock,Slide,2016
5794,WB/DAR/78A12/2015/192,West Bengal,Darjeeling,0.5 km from Lava towards Algara 0.5 km from Lava towards,27.08699,88.657,Debris,Slide,2007
5795,WB/DAR/2025/78A/8/Point/62,West Bengal,Darjeeling,NULL NULL,27.08769344,88.2510748,Debris,Slide,NA
5796,WB/DARJ/78A08/1968/0284,West Bengal,Darjeeling,Near Km. 33 from Sevoke on NH,27.088,88.459,Debris,Slide,1968
5797,WB/DAR/78A04/2021/PDLS/28,West Bengal,Darjeeling,N/A N/A,27.08865968,88.25624933,Debris,Slide,2021
5798,WB/DAR/78A12/2015/1477,West Bengal,Darjeeling,,27.089399,88.533188,Debris,Slide,2010
5799,WB/DAR/78A04/2015/2,West Bengal,Darjeeling,"Rammam project Road, Linsebong On Barahatta-Lodhama-",27.0896,88.099925,Debris,Slide,1980
5800,WB/DARJ/78A08/2013/0308,West Bengal,Darjeeling,,27.09,88.486,Rock,Slide,2013
5801,WB/DAR/78A08/2021/PDLS/22,West Bengal,Darjeeling,N/A N/A,27.09011211,88.25736488,Debris,Slide,2021
5802,WB/DAR/78A08/2021/PDLS/22,West Bengal,Darjeeling,N/A N/A,27.09027711,88.25910147,Debris,Slide,2021
5803,WB/DAR/78A08/2015/1518,West Bengal,Darjeeling,"MUNICIPALITY WARD NO.17, ORIGIN NEAR CHALISAY",27.090286,88.464121,Debris,Debris flow,2016
5804,WB/DAR/78A08/2021/PDLS/22,West Bengal,Darjeeling,N/A N/A,27.09042911,88.25926454,Debris,Slide,2021
5805,WB/DAR/78A04/2015/1480,West Bengal,Darjeeling,,27.092284,88.077176,Debris,Slide,2010
5806,WB/DAR/78A04/2021/PDLS/28,West Bengal,Darjeeling,N/A N/A,27.09233317,88.24719281,Debris,Slide,2021
5807,WB/DAR/78A08/2015/1315,West Bengal,Darjeeling,BADAMTAN TG,27.092389,88.308306,Debris,Subsidence,2014
5808,WB/DARJ/78A12/2007/0023,West Bengal,Darjeeling,Lava 2.5 km 2.5 km from Lava towards,27.09324,88.6492,Debris,Slide,2007
5809,WB/DAR/78A04/2021/PDLS/11,West Bengal,Darjeeling,N/A N/A,27.09394155,88.1551237,Debris,Slide,2021
5810,WB/DARJ/78A04/1980/0246,West Bengal,Darjeeling,On Barahatta-Lodhama-,27.094,88.102,Debris,Slide,NA
5811,WB/DARJ/78A04/1980/0246,West Bengal,Darjeeling,On Barahatta-Lodhama-,27.094,88.102,Debris,Slide,NA
5812,WB/DAR/78A08/2015/101,West Bengal,Darjeeling,15km. North of Darjeeling town on 15km. North of Darjeeling town,27.094394,88.250742,Debris,Subsidence,2009
5813,WB/DAR/78A04/2015/5,West Bengal,Darjeeling,On Linsebong-forebay road of On Linsebong-forebay road,27.094536,88.10201,Debris,Slide,1987
5814,WB/DAR/78A04/2021/PDLS/11,West Bengal,Darjeeling,N/A N/A,27.09480555,88.15434583,Debris,Slide,2021
5815,WB/DAR/78A04/2021/PDLS/17,West Bengal,Darjeeling,N/A N/A,27.09554301,88.22608757,Debris,Slide,2021
5816,WB/DAR/78A08/2015/121,West Bengal,Darjeeling,Chota Bhalukop near Kalimpong Chota Bhalukop near Kalimpong,27.09558,88.479401,Rock,Slide,2012
5817,WB/DAR/78A08/2021/PDLS/22,West Bengal,Darjeeling,N/A N/A,27.09610459,88.26458296,Debris,Slide,2021
5818,WB/DAR/78A08/2021/PDLS/23,West Bengal,Darjeeling,N/A N/A,27.09661618,88.26491147,Debris,Slide,2021
5819,WB/DAR/78A04/2021/PDLS/27,West Bengal,Darjeeling,N/A N/A,27.09726477,88.24484689,Rock,Slide,2021
5820,WB/DAR/78A12/2015/233,West Bengal,Darjeeling,11 km on Pedong-Lava road from 11 km on Pedong-Lava road,27.098075,88.626884,Rock,Slide,2012
5821,WB/DAR/2024/78A/4/Point/24,West Bengal,Darjeeling,NULL NULL,27.09819827,88.12994772,Debris,Slide,18 July 2024
5822,WB/DAR/78A04/2015/1185,West Bengal,Darjeeling,Jamuni,27.098583,88.231861,Rock,Slide,2014
5823,WB/DAR/78A12/2015/279,West Bengal,Darjeeling,16th mile on Kalimpong-Algara road 16th mile on Kalimpong-Algara,27.09912,88.547123,Debris,Slide,2013
5824,WB/DAR/78A08/2015/1520,West Bengal,Darjeeling,MELLI ROAD LOLEY,27.099813,88.471717,Debris,Slide,2016
5825,WB/DAR/2025/78A/4/Point/56,West Bengal,Darjeeling,NULL NULL,27.09993663,88.23805144,Debris,Slide,NA
5826,WB/DAR/78A04/2021/PDLS/17,West Bengal,Darjeeling,N/A N/A,27.10078375,88.22965485,Debris,Slide,2021
5827,WB/DARJ/78A04/1980/0247,West Bengal,Darjeeling,On Linsebong-forebay road,27.101,88.107,Debris,Slide,NA
5828,WB/DAR/78A04/2015/1192,West Bengal,Darjeeling,GOKE,27.101086,88.230392,Debris,Slide,2015
5829,WB/DAR/2024/78A/4/Point/20,West Bengal,Darjeeling,NULL NULL,27.1012568,88.11428769,Debris,Fall,NA
5830,WB/DAR/78A04/2015/1186,West Bengal,Darjeeling,Jamuni,27.103944,88.234833,Rock,Slide,2016
5831,WB/DAR/78A04/2021/PDLS/10,West Bengal,Darjeeling,N/A N/A,27.10481712,88.12876627,Rock,Slide,2021
5832,WB/DAR/78A08/2021/PDLS/23,West Bengal,Darjeeling,N/A N/A,27.10538705,88.27030577,Debris,Slide,2021
5833,WB/DAR/78A04/2015/7,West Bengal,Darjeeling,At around 4.5km from Linsbong on At around 4.5km from Linsbong,27.10577,88.109419,Debris,Slide,1984
5834,WB/DAR/78A04/2015/1187,West Bengal,Darjeeling,Jamuni,27.106139,88.235583,Debris,Subsidence,2015
5835,WB/DAR/78A04/2015/1167,West Bengal,Darjeeling,Goke,27.107222,88.233639,Rock,Slide,2015
5836,WB/DAR/78A04/2021/PDLS/18,West Bengal,Darjeeling,N/A N/A,27.10805976,88.23684597,Debris,Slide,2021
5837,WB/DAR/78A08/2015/1487,West Bengal,Darjeeling,,27.109334,88.282168,Debris,Slide,2013
5838,WB/DAR/78A16/2015/392,West Bengal,Darjeeling,"Thode Slide 1 Thode, on Jaldhaka-Tangta",27.111716,88.823882,Debris,Slide,2016
5839,WB/DAR/78A04/2015/1216,West Bengal,Darjeeling,NEZI,27.111722,88.204333,Debris,Slide,2014
5840,WB/DAR/78A04/2015/27,West Bengal,Darjeeling,"Bijanbari-Gok Road, Gok Village Bijanbari-Gok Road",27.1119,88.2382,Debris,Slide,2011
5841,WB/DAR/78A08/2015/1317,West Bengal,Darjeeling,MANJITAR,27.112833,88.313722,Debris,Slide,2014
5842,WB/DAR/78A04/2021/PDLS/93,West Bengal,Darjeeling,N/A N/A,27.11435984,88.12755056,Debris,Slide,2021
5843,WB/DAR/78A04/2015/8,West Bengal,Darjeeling,At Forebay location of Rammam Hydel At Forebay location of Rammam,27.115471,88.133482,Debris,Slide,1984
5844,WB/DAR/78A04/2015/1215,West Bengal,Darjeeling,NEZI,27.115528,88.206583,Debris,Slide,2016
5845,WB/DAR/78A04/2015/1254,West Bengal,Darjeeling,GOKE RANGDU,27.115556,88.218833,Debris,Slide,2015
5846,WB/DAR/78A04/2015/1229,West Bengal,Darjeeling,KOLBONG,27.115917,88.186389,Debris,Slide,2016
5847,WB/DAR/78A04/2021/PDLS/10,West Bengal,Darjeeling,N/A N/A,27.11687734,88.10955787,Debris,Slide,2021
5848,WB/DAR/78A12/2015/1368,West Bengal,Darjeeling,"SANGSAR,KALIMPONG SANGSAR,KALIMPONG",27.117472,88.529833,Debris,Slide,2016
5849,WB/DAR/78A16/2015/303,West Bengal,Darjeeling,KIRING KIRING CHU,27.118444,88.77631,Debris,Slide,2013
5850,WB/DAR/78A04/2021/PDLS/25,West Bengal,Darjeeling,N/A N/A,27.11872563,88.24855474,Debris,Slide,2021
5851,WB/DARJ/78A08/2007/0298,West Bengal,Darjeeling,40.30 km from Sevok on NH-,27.119,88.487,Debris,Slide,NA
5852,WB/DAR/78A04/2015/10,West Bengal,Darjeeling,At around 2.8km from Forebay At around 2.8km from Forebay,27.119316,88.119708,Rock,Slide,1987
5853,6903,West Bengal,Darjeeling,Kamjer On Goke Joarthang road,27.119828,88.249097,,Slide,NA
5854,WB/DAR/78A08/2021/PDLS/24,West Bengal,Darjeeling,N/A N/A,27.11998649,88.28885163,Debris,Slide,
5855,WB/DAR/78A04/2015/1251,West Bengal,Darjeeling,RAMMAM ADIRT-3 SHAFT,27.120806,88.209778,Debris,Slide,2015
5856,WB/DAR/78A04/2015/1263,West Bengal,Darjeeling,RIMBIK,27.121694,88.104833,Debris,Subsidence,2014
5857,WB/DAR/78A08/2021/PDLS/24,West Bengal,Darjeeling,N/A N/A,27.12176842,88.29532869,Rock,Slide,2021
5858,WB/DAR/78A04/2021/PDLS/94,West Bengal,Darjeeling,N/A N/A,27.12288593,88.10430026,Debris,Slide,2021
5859,WB/DAR/78A08/2015/57,West Bengal,Darjeeling,NH-31A 41.75 km from Sevok towards 41.75 km from Sevok on NH-,27.122979,88.493949,Debris,Debris flow,2007
5860,WB/DAR/78A08/2021/PDLS/23,West Bengal,Darjeeling,N/A N/A,27.1255514,88.30014428,Debris,Slide,2021
5861,WB/DAR/78A04/2021/PDLS/97,West Bengal,Darjeeling,N/A N/A,27.12703558,88.0943021,Debris,Slide,2021
5862,WB/DAR/78A12/2015/170,West Bengal,Darjeeling,1.8 km from Algara on Algara-Rishi 1.8 km from Algara on Algara-,27.127726,88.589785,Debris,Slide,1982
5863,WB/DAR/78A12/2015/1495,West Bengal,Darjeeling,,27.134847,88.54347,Debris,Slide,2013
5864,WB/DAR/78A12/2015/1496,West Bengal,Darjeeling,,27.143115,88.536036,Debris,Slide,2013
5865,WB/DAR/78A12/2015/1529,West Bengal,Darjeeling,THAPA GAON,27.153861,88.569803,Debris,Slide,2016
5866,WB/DAR/78A12/2015/240,West Bengal,Darjeeling,12 km on Algara-Munsong-Rangpo Dhobi Khola near village,27.158,88.584,Debris,Subsidence,2012
5867,WB/DAR/78A12/2015/422,West Bengal,Darjeeling,NH55 At Km. 25.5 from Darjeeling on At Km. 25.5 from Darjeeling on,27.159,88.543,Debris,Debris flow,2003
5868,72,West Bengal,Darjeeling,Rishi Rishi near Sikkim-West Bengal,27.15925,88.63955556,Rock,Slide,2015
5869,WB/DAR/78A12/2015/280,West Bengal,Darjeeling,Rishi Rishi near Sikkim-West Bengal,27.15925,88.639556,Rock,Slide,2015
5870,WB/DAR/78A12/2015/214,West Bengal,Darjeeling,12.5 km from Algara on Algara-Rishi,27.16514,88.627184,Debris,Slide,2009
5871,WB/DAR/78A12/2015/1339,West Bengal,Darjeeling,Dalep subsidence Dalep,27.167083,88.626111,Debris,Subsidence,2011
5872,WB/DAR/78A12/2015/249,West Bengal,Darjeeling,Lower Mansong,27.174007,88.563688,Rock,Slide,2013
5873,WB/DAR/78A12/2015/239,West Bengal,Darjeeling,20 km on Algara-Rangpo road 20 km on Algara-Rangpo road,27.175,88.56,Rock,Slide,2012
5874,WB/JAL/78F10/2015/938,West Bengal,Jalpaiguri,,26.693764,89.670291,Debris,Slide,NA
5875,WB/JAL/78F10/2015/940,West Bengal,Jalpaiguri,,26.695182,89.670162,Rock,Slide,NA
5876,WB/JAL/78F10/2015/942,West Bengal,Jalpaiguri,,26.697002,89.67145,Rock,Slide,NA
5877,WB/JAL/78F10/2015/947,West Bengal,Jalpaiguri,,26.698105,89.667295,Debris,Slide,2014
5878,WB/JAL/78F10/2015/961,West Bengal,Jalpaiguri,,26.701309,89.659413,Debris,Slide,NA
5879,WB/JAL/78F10/2015/966,West Bengal,Jalpaiguri,,26.702077,89.652196,Debris,Slide,NA
5880,WB/JAL/78F10/2015/969,West Bengal,Jalpaiguri,,26.703216,89.658846,Debris,Slide,NA
5881,WB/JAL/78F10/2015/976,West Bengal,Jalpaiguri,,26.708221,89.632295,Rock,Slide,NA
5882,WB/JAL/78F10/2015/977,West Bengal,Jalpaiguri,,26.708497,89.668387,Debris,Slide,NA
5883,WB/JAL/78F10/2015/981,West Bengal,Jalpaiguri,,26.710136,89.692256,Debris,Slide,NA
5884,WB/JAL/78F10/2015/984,West Bengal,Jalpaiguri,,26.71284,89.650234,Debris,Slide,2010
5885,WB/JAL/78F10/2015/987,West Bengal,Jalpaiguri,,26.713646,89.630723,Debris,Slide,2014
5886,WB/JAL/78F10/2015/993,West Bengal,Jalpaiguri,,26.716554,89.619513,Debris,Slide,2010
5887,WB/JAL/78F10/2015/996,West Bengal,Jalpaiguri,,26.717071,89.730905,Debris,Slide,2010
5888,WB/JAL/78F10/2015/1002,West Bengal,Jalpaiguri,,26.718084,89.705959,Debris,Slide,NA
5889,WB/JAL/78F10/2015/1012,West Bengal,Jalpaiguri,,26.719053,89.62327,Debris,Slide,NA
5890,WB/JAL/78F10/2015/1016,West Bengal,Jalpaiguri,,26.719376,89.641303,Debris,Slide,NA
5891,WB/JAL/78F10/2015/1025,West Bengal,Jalpaiguri,,26.721106,89.627529,Debris,Slide,NA
5892,WB/JAL/78F10/2015/1035,West Bengal,Jalpaiguri,,26.722906,89.602859,Debris,Slide,2006
5893,WB/JAL/78F10/2015/1044,West Bengal,Jalpaiguri,,26.725383,89.695611,Debris,Slide,2014
5894,WB/JAL/78F10/2015/1052,West Bengal,Jalpaiguri,,26.728732,89.696887,Debris,Slide,2010
5895,WB/JAL/78F10/2015/1053,West Bengal,Jalpaiguri,,26.728875,89.598082,Debris,Slide,NA
5896,WB/JAL/78F10/2015/1059,West Bengal,Jalpaiguri,,26.730652,89.701861,Debris,Slide,2010
5897,WB/JAL/78F10/2015/1058,West Bengal,Jalpaiguri,,26.730668,89.704771,Debris,Slide,2010
5898,WB/JAL/78F10/2015/1061,West Bengal,Jalpaiguri,,26.730994,89.591578,Debris,Slide,2014
5899,WB/JAL/78F10/2015/1067,West Bengal,Jalpaiguri,,26.733418,89.702778,Rock,Slide,2010
5900,WB/JAL/78F10/2015/1082,West Bengal,Jalpaiguri,,26.738387,89.590009,Debris,Slide,2010
5901,WB/JAL/78F10/2015/1084,West Bengal,Jalpaiguri,,26.739459,89.58927,Debris,Slide,2010
5902,WB/JAL/78F10/2015/1088,West Bengal,Jalpaiguri,,26.740521,89.581318,Debris,Slide,2013
5903,WB/JAL/78F10/2015/1098,West Bengal,Jalpaiguri,,26.743755,89.592095,Debris,Slide,2010
5904,WB/JAL/78F10/2015/1105,West Bengal,Jalpaiguri,,26.744954,89.545691,Debris,Slide,2013
5905,WB/JAL/78F10/2015/1112,West Bengal,Jalpaiguri,,26.746068,89.572945,Debris,Slide,2014
5906,WB/JAL/78F10/2015/1119,West Bengal,Jalpaiguri,,26.747297,89.574903,Debris,Slide,2010
5907,WB/JAL/78F10/2015/1120,West Bengal,Jalpaiguri,,26.74731,89.612784,Debris,Slide,2010
5908,WB/JAL/78F10/2015/1122,West Bengal,Jalpaiguri,,26.74742,89.543286,Debris,Slide,2013
5909,WB/JAL/78F10/2015/1124,West Bengal,Jalpaiguri,,26.748195,89.572542,Debris,Slide,2010
5910,WB/JAL/78F10/2015/1128,West Bengal,Jalpaiguri,,26.749312,89.608213,Debris,Slide,2014
5911,WB/JAL/78F09/2015/842,West Bengal,Jalpaiguri,,26.752188,89.530507,Debris,Slide,2010
5912,WB/JAL/78F09/2015/849,West Bengal,Jalpaiguri,,26.753866,89.538943,Rock,Slide,2013
5913,WB/JAL/78F09/2015/851,West Bengal,Jalpaiguri,,26.754369,89.600887,Rock,Slide,2013
5914,WB/JAL/78F09/2015/850,West Bengal,Jalpaiguri,,26.754508,89.532505,Debris,Slide,2013
5915,WB/JAL/78F09/2015/856,West Bengal,Jalpaiguri,,26.756006,89.573697,Debris,Slide,2013
5916,WB/JAL/78F09/2015/858,West Bengal,Jalpaiguri,,26.757606,89.536409,Debris,Slide,2013
5917,WB/JAL/78F09/2015/870,West Bengal,Jalpaiguri,,26.76458,89.515011,Debris,Slide,2013
5918,WB/JAL/78F09/2015/884,West Bengal,Jalpaiguri,,26.771132,89.522469,Debris,Slide,2012
5919,WB/JAL/78F09/2015/891,West Bengal,Jalpaiguri,,26.772288,89.639314,Debris,Slide,2014
5920,WB/JAL/78F09/2015/893,West Bengal,Jalpaiguri,,26.774359,89.51926,Debris,Slide,2010
5921,WB/JAL/78F09/2015/900,West Bengal,Jalpaiguri,,26.777745,89.598352,Debris,Slide,2013
5922,WB/JAL/78F09/2015/904,West Bengal,Jalpaiguri,,26.783885,89.597472,Debris,Slide,2010
5923,WB/JAL/78F09/2015/909,West Bengal,Jalpaiguri,,26.79149,89.510085,Debris,Slide,2010
5924,WB/JAL/78F09/2015/910,West Bengal,Jalpaiguri,,26.792041,89.509081,Debris,Slide,2014
5925,WB/JAL/78F01/2015/1143,West Bengal,Jalpaiguri,,26.811349,89.242634,Debris,Slide,2010
5926,WB/JAL/78F01/2015/1135,West Bengal,Jalpaiguri,,26.811637,89.240931,Debris,Slide,2006
5927,WB/JAL/78F01/2015/1133,West Bengal,Jalpaiguri,,26.812609,89.235947,Debris,Slide,2002
5928,WB/JAL/78F01/2015/1140,West Bengal,Jalpaiguri,,26.812813,89.23756,Debris,Slide,2009
5929,WB/JAL/78F05/2015/923,West Bengal,Jalpaiguri,,26.81289,89.256075,Debris,Slide,2010
5930,WB/JAL/78F01/2015/1152,West Bengal,Jalpaiguri,,26.816804,89.241927,Debris,Slide,2012
5931,WB/JAL/78F09/2015/918,West Bengal,Jalpaiguri,,26.81804,89.532415,Debris,Slide,2006
5932,WB/JAL/78F01/2015/1139,West Bengal,Jalpaiguri,,26.818167,89.235202,Debris,Slide,2006
5933,WB/JAL/78F05/2015/935,West Bengal,Jalpaiguri,,26.826378,89.2831,Debris,Slide,2013
5934,WB/JAL/78F01/2015/1154,West Bengal,Jalpaiguri,,26.852464,89.104824,Debris,Slide,2011
5935,7020,West Bengal,Kalimpong,,27.074161,88.4731445,Debris,,NA
5936,WB/KAL/2025/78A/8/Point/14,West Bengal,Kalimpong,NULL NULL,27.08242577,88.44852891,Debris,Slide,NA
5937,WB/KAL/78A12/2021/PDLS/300,West Bengal,Kalimpong,N/A N/A,27.09158341,88.53620544,Rock,Slide,2021
5938,WB/KAL/78A12/2021/PDLS/315,West Bengal,Kalimpong,N/A N/A,27.09589347,88.60050855,Rock,Slide,2021
5939,WB/KAL/78A12/2021/PDLS/312,West Bengal,Kalimpong,N/A N/A,27.09712538,88.59695581,Debris,Slide,2021
5940,WB/KAL/78A12/2021/PDLS/317,West Bengal,Kalimpong,N/A N/A,27.09728339,88.60526848,Rock,Slide,2021
5941,WB/KAL/78A12/2021/PDLS/328,West Bengal,Kalimpong,N/A N/A,27.09729937,88.61882355,Rock,Slide,2021
5942,WB/KAL/78A12/2021/PDLS/311,West Bengal,Kalimpong,N/A N/A,27.09778967,88.59727789,Rock,Slide,2021
5943,WB/KAL/78A12/2021/PDLS/326,West Bengal,Kalimpong,N/A N/A,27.09797185,88.61529322,Rock,Slide,2021
5944,WB/KAL/78A12/2021/PDLS/305,West Bengal,Kalimpong,N/A N/A,27.1145363,88.58748914,Rock,Rock fall,2021
5945,WB/DAR/78A08/2021/PDLS/37,West Bengal,Kalimpong,N/A N/A,27.11702881,88.47219451,Debris,Slide,2021
5946,WB/DAR/78A08/2021/PDLS/37,West Bengal,Kalimpong,N/A N/A,27.12289247,88.49814726,Debris,Slide,2021
5947,WB/KAL/2025/78A/12/Point/8,West Bengal,Kalimpong,NULL NULL,27.15819635,88.52893898,Debris,Slide,NA
