Sl_No,State,District,Latitude,Longitude,Elevation_m,Slope_deg,Aspect_deg
1,Arunachal Pradesh,Anjaw,28.00611,96.42872,439.0,10.338,16.194
2,Arunachal Pradesh,Anjaw,28.01781,96.44275,436.0,1.274,293.817
3,Arunachal Pradesh,Anjaw,28.06356,96.50075,528.0,23.949,244.867
4,Arunachal Pradesh,Anjaw,28.079818,96.46838,830.0,27.151,342.675
5,Arunachal Pradesh,Anjaw,28.082576,96.464869,866.0,32.17,1.391
6,Arunachal Pradesh,Anjaw,28.082618,96.465189,868.0,30.088,0.0
7,Arunachal Pradesh,Anjaw,28.084252,96.459672,911.0,41.428,317.995
8,Arunachal Pradesh,Anjaw,28.090087,96.454067,1008.0,39.798,333.505
9,Arunachal Pradesh,Anjaw,28.100284,96.449538,1280.0,40.064,326.982
10,Arunachal Pradesh,Anjaw,28.100914,96.449162,1312.0,39.305,331.385
11,Arunachal Pradesh,Anjaw,28.11594,96.54689,844.0,37.075,164.36
12,Arunachal Pradesh,Anjaw,28.16206,96.53061,936.0,37.652,221.829
13,Arunachal Pradesh,Anjaw,28.18439,96.53453,1239.0,45.965,262.012
14,Arunachal Pradesh,Anjaw,28.21483,96.53911,1601.0,28.607,230.03
15,Arunachal Pradesh,Anjaw,28.22328,96.55303,1531.0,34.99,161.75
16,Arunachal Pradesh,Anjaw,28.22408,96.55872,1664.0,40.858,214.867
17,Arunachal Pradesh,Anjaw,28.23969,96.52778,1604.0,39.606,196.097
18,Arunachal Pradesh,Anjaw,28.26786,96.55781,1645.0,31.724,225.19
19,Arunachal Pradesh,Changlang,27.0611,95.721024,1005.0,31.352,239.424
20,Arunachal Pradesh,Changlang,27.115246,95.670965,823.0,20.416,102.545
21,Arunachal Pradesh,Changlang,27.122408,95.678718,731.0,15.886,29.769
22,Arunachal Pradesh,Changlang,27.125767,95.745585,392.0,11.574,249.457
23,Arunachal Pradesh,Changlang,27.1448,95.742566,581.0,22.093,75.911
24,Arunachal Pradesh,Changlang,27.15844,95.755292,548.0,22.644,65.171
25,Arunachal Pradesh,Changlang,27.158837,95.750303,606.0,10.3,90.0
26,Arunachal Pradesh,Changlang,27.268684,96.040751,270.0,5.752,220.706
27,Arunachal Pradesh,Changlang,27.282921,96.122193,412.0,18.293,227.207
28,Arunachal Pradesh,Changlang,27.299744,95.987092,368.0,13.662,35.607
29,Arunachal Pradesh,Changlang,27.300188,96.010838,262.0,1.544,180.0
30,Arunachal Pradesh,Changlang,27.302949,96.154621,275.0,15.463,80.655
31,Arunachal Pradesh,Changlang,27.305527,96.224831,372.0,28.869,329.718
32,Arunachal Pradesh,Changlang,27.453197,96.444944,588.0,29.718,257.272
33,Arunachal Pradesh,Changlang,27.466137,96.407194,535.0,17.445,25.781
34,Arunachal Pradesh,Changlang,27.470221,96.407798,555.0,31.184,84.464
35,Arunachal Pradesh,Changlang,27.476614,96.408544,524.0,32.854,135.756
36,Arunachal Pradesh,Dibang,28.434292,95.876106,642.0,30.15,4.034
37,Arunachal Pradesh,Dibang,28.464936,95.852312,939.0,38.749,208.52
38,Arunachal Pradesh,Dibang,28.472858,95.858449,833.0,26.967,4.031
39,Arunachal Pradesh,Dibang,28.472966,95.857242,843.0,31.618,7.152
40,Arunachal Pradesh,Dibang,28.481108,95.838317,808.0,28.564,286.784
41,Arunachal Pradesh,Dibang,28.498464,95.828278,769.0,31.971,221.548
42,Arunachal Pradesh,Dibang,28.618542,95.858124,778.0,37.534,314.552
43,Arunachal Pradesh,Dibang,28.628208,95.85647,830.0,40.853,288.785
44,Arunachal Pradesh,Dibang,28.772473,95.867921,1311.0,35.437,230.396
45,Arunachal Pradesh,Dibang,28.774623,95.89086,1299.0,33.046,168.643
46,Arunachal Pradesh,Dibang,28.775381,95.898382,1277.0,34.577,205.072
47,Arunachal Pradesh,Dibang,28.783517,95.904106,1273.0,30.016,42.389
48,Arunachal Pradesh,Dibang,28.809244,95.92821,1354.0,30.404,101.927
49,Arunachal Pradesh,Dibang,28.822521,95.92931,1536.0,18.78,347.815
50,Arunachal Pradesh,Dibang,28.822525,95.93415,1485.0,13.686,347.846
51,Arunachal Pradesh,Dibang,28.85641,95.859872,1391.0,25.207,308.333
52,Arunachal Pradesh,Dibang,28.9407,95.82058,1440.0,22.667,259.465
53,Arunachal Pradesh,East,27.177667,93.148694,1557.0,19.571,294.641
54,Arunachal Pradesh,East,27.188694,93.136056,1542.0,28.301,198.027
55,Arunachal Pradesh,East,27.215944,93.069222,1053.0,30.097,1.498
56,Arunachal Pradesh,East,27.240444,93.064361,819.0,15.478,149.281
57,Arunachal Pradesh,East,27.293806,93.050139,1214.0,24.682,306.597
58,Arunachal Pradesh,East,27.296928,93.088111,835.0,22.168,331.874
59,Arunachal Pradesh,East,27.296928,93.088111,835.0,22.168,331.874
60,Arunachal Pradesh,East,27.296928,93.088111,835.0,22.168,331.874
61,Arunachal Pradesh,East,27.296928,93.088111,835.0,22.168,331.874
62,Arunachal Pradesh,East,27.296928,93.088111,835.0,22.168,331.874
63,Arunachal Pradesh,East,27.296928,93.088111,835.0,22.168,331.874
64,Arunachal Pradesh,East,27.301412,93.051563,1177.0,20.591,131.112
65,Arunachal Pradesh,East,27.302253,93.050932,1185.0,23.419,106.879
66,Arunachal Pradesh,East,27.304291,93.052835,1056.0,25.977,116.852
67,Arunachal Pradesh,East,27.308143,93.059302,1115.0,25.058,256.67
68,Arunachal Pradesh,East,27.311231,93.04677,945.0,14.665,260.117
69,Arunachal Pradesh,East,27.313874,93.045623,903.0,11.831,243.239
70,Arunachal Pradesh,East,27.322582,93.048256,739.0,22.77,105.517
71,Arunachal Pradesh,East,27.361222,93.035778,423.0,24.654,101.287
72,Arunachal Pradesh,East,27.411944,93.010528,420.0,14.318,147.64
73,Arunachal Pradesh,East,27.421139,93.017611,722.0,23.206,287.058
74,Arunachal Pradesh,East,27.5335,92.964861,1114.0,30.06,44.44
75,Arunachal Pradesh,East,27.539694,92.991306,761.0,21.521,294.208
76,Arunachal Pradesh,East,27.550389,92.964861,949.0,29.351,89.542
77,Arunachal Pradesh,East,27.555194,92.966222,842.0,22.574,186.297
78,Arunachal Pradesh,East,27.555611,92.962194,808.0,34.706,189.686
79,Arunachal Pradesh,East,27.568028,92.993944,557.0,24.369,199.608
80,Arunachal Pradesh,East,28.093514,95.272526,490.0,20.129,210.929
81,Arunachal Pradesh,East,28.097163,95.270824,331.0,13.787,212.649
82,Arunachal Pradesh,East,28.097285,95.28003,331.0,19.981,101.4
83,Arunachal Pradesh,East,28.101031,95.282364,195.0,22.577,133.738
84,Arunachal Pradesh,East,28.135056,95.145444,275.0,23.386,278.361
85,Arunachal Pradesh,East,28.139996,95.259634,562.0,21.449,185.953
86,Arunachal Pradesh,East,28.14116,95.27472,407.0,5.551,95.303
87,Arunachal Pradesh,East,28.1425,95.239194,553.0,33.961,160.103
88,Arunachal Pradesh,East,28.150741,95.275122,218.0,25.044,329.9
89,Arunachal Pradesh,East,28.160664,95.446755,478.0,15.725,343.171
90,Arunachal Pradesh,East,28.160853,95.446925,486.0,16.032,342.458
91,Arunachal Pradesh,East,28.162497,95.441244,475.0,19.266,51.916
92,Arunachal Pradesh,East,28.237716,95.535611,581.0,8.784,73.102
93,Arunachal Pradesh,East,28.242969,95.537549,601.0,19.834,33.455
94,Arunachal Pradesh,East,28.303771,94.948727,366.0,35.961,65.103
95,Arunachal Pradesh,East,28.789647,95.894965,1601.0,12.329,9.448
96,Arunachal Pradesh,Kamle,27.751917,94.023472,337.0,28.313,161.887
97,Arunachal Pradesh,Kamle,27.822556,94.135417,1312.0,18.283,267.663
98,Arunachal Pradesh,Kra,27.652167,93.632417,1277.0,17.951,279.577
99,Arunachal Pradesh,Kra,27.668278,93.629472,1099.0,20.72,13.175
100,Arunachal Pradesh,Kra,27.756778,93.436761,1044.0,21.65,13.307
101,Arunachal Pradesh,Kra,27.773847,93.595528,745.0,10.958,49.493
102,Arunachal Pradesh,Kra,27.78,93.456231,1130.0,27.188,125.863
103,Arunachal Pradesh,Kurung,27.83275,93.504417,820.0,33.231,186.231
104,Arunachal Pradesh,Kurung,27.863722,93.473389,842.0,26.008,192.631
105,Arunachal Pradesh,Kurung,27.882056,93.444333,785.0,28.897,137.775
106,Arunachal Pradesh,Kurung,27.897722,93.406306,871.0,26.513,19.026
107,Arunachal Pradesh,Lepa,27.910417,94.739528,481.0,24.615,297.437
108,Arunachal Pradesh,Lepa,27.914944,94.721806,725.0,35.948,336.45
109,Arunachal Pradesh,Lepa,27.933611,94.703472,978.0,12.849,243.069
110,Arunachal Pradesh,Lepa,27.938056,94.700306,897.0,25.651,331.548
111,Arunachal Pradesh,Lepa,28.022667,94.574294,555.0,3.454,165.35
112,Arunachal Pradesh,Lepa,28.024691,94.553634,484.0,18.495,168.594
113,Arunachal Pradesh,Lepa,28.029848,94.616455,859.0,15.973,221.13
114,Arunachal Pradesh,Lohit,27.89311,96.36336,865.0,44.742,309.72
115,Arunachal Pradesh,Lohit,27.90467,96.35917,975.0,38.937,313.139
116,Arunachal Pradesh,Lohit,27.90664,96.35964,1039.0,32.049,255.033
117,Arunachal Pradesh,Longding,26.925697,95.371448,388.0,24.448,248.559
118,Arunachal Pradesh,Lower,27.339267,93.802581,784.0,28.984,184.188
119,Arunachal Pradesh,Lower,27.622016,93.841176,1636.0,14.246,61.467
120,Arunachal Pradesh,Lower,27.633,93.8464,1723.0,12.615,85.395
121,Arunachal Pradesh,Lower,27.6375,93.8555,1820.0,10.505,199.153
122,Arunachal Pradesh,Lower,27.6394,93.8708,1739.0,23.676,216.963
123,Arunachal Pradesh,Lower,27.649,93.8744,1653.0,22.596,272.474
124,Arunachal Pradesh,Lower,27.6549,93.8759,1599.0,20.841,187.655
125,Arunachal Pradesh,Lower,27.715081,94.692035,272.0,16.065,200.633
126,Arunachal Pradesh,Lower,27.763722,93.992333,330.0,23.505,134.608
127,Arunachal Pradesh,Lower,27.790489,94.958147,175.0,19.75,64.828
128,Arunachal Pradesh,Lower,27.8345,93.933694,434.0,32.695,81.55
129,Arunachal Pradesh,Lower,28.198018,95.810448,823.0,21.371,218.693
130,Arunachal Pradesh,Lower,28.198566,95.813206,857.0,21.312,239.564
131,Arunachal Pradesh,Lower,28.21267,95.803194,1024.0,33.602,321.021
132,Arunachal Pradesh,Lower,28.215014,95.799764,970.0,31.008,353.67
133,Arunachal Pradesh,Lower,28.215862,95.795227,1056.0,21.817,331.063
134,Arunachal Pradesh,Lower,28.216253,95.796393,1065.0,32.844,22.273
135,Arunachal Pradesh,Lower,28.219976,95.799065,1148.0,25.68,178.177
136,Arunachal Pradesh,Lower,28.227703,95.781369,899.0,15.448,167.211
137,Arunachal Pradesh,Lower,28.237008,95.776204,823.0,27.833,108.861
138,Arunachal Pradesh,Lower,28.245016,95.77363,796.0,23.103,82.742
139,Arunachal Pradesh,Lower,28.249718,95.546273,613.0,38.023,41.692
140,Arunachal Pradesh,Lower,28.252176,95.775797,690.0,29.901,96.728
141,Arunachal Pradesh,Lower,28.253915,95.578439,442.0,15.497,342.888
142,Arunachal Pradesh,Lower,28.255261,95.582613,428.0,14.424,60.728
143,Arunachal Pradesh,Lower,28.256126,95.576152,463.0,9.11,337.568
144,Arunachal Pradesh,Lower,28.256434,95.57515,459.0,14.772,332.347
145,Arunachal Pradesh,Lower,28.25736,95.55087,618.0,25.521,108.087
146,Arunachal Pradesh,Lower,28.262806,95.565421,457.0,25.5,291.546
147,Arunachal Pradesh,Lower,28.262989,95.59932,494.0,17.317,15.17
148,Arunachal Pradesh,Lower,28.263228,95.570962,523.0,27.688,250.499
149,Arunachal Pradesh,Lower,28.264888,95.550575,457.0,41.907,128.359
150,Arunachal Pradesh,Lower,28.266795,95.607261,478.0,12.198,314.948
151,Arunachal Pradesh,Lower,28.286447,95.920837,2377.0,42.112,113.112
152,Arunachal Pradesh,Lower,28.313528,95.966611,807.0,28.553,10.808
153,Arunachal Pradesh,Lower,28.315484,95.982181,971.0,25.056,286.178
154,Arunachal Pradesh,Lower,28.319141,95.956918,1245.0,32.504,62.729
155,Arunachal Pradesh,Lower,28.359553,95.948576,720.0,43.711,273.232
156,Arunachal Pradesh,Lower,28.487904,95.84071,763.0,35.076,356.244
157,Arunachal Pradesh,Pakke,27.208083,93.133472,1146.0,11.759,108.884
158,Arunachal Pradesh,Pakke,27.216933,93.066329,1056.0,28.643,330.653
159,Arunachal Pradesh,Pakke,27.216933,93.066329,1056.0,28.643,330.653
160,Arunachal Pradesh,Papum,27.076582,93.569035,328.0,7.427,182.218
161,Arunachal Pradesh,Papum,27.086102,93.596625,269.0,5.189,90.0
162,Arunachal Pradesh,Papum,27.088278,93.66925,182.0,10.35,58.905
163,Arunachal Pradesh,Papum,27.091139,93.615667,345.0,8.894,236.952
164,Arunachal Pradesh,Papum,27.09589,93.62284,365.0,8.965,219.763
165,Arunachal Pradesh,Papum,27.10215,93.61371,369.0,19.634,233.721
166,Arunachal Pradesh,Papum,27.102944,93.640417,393.0,21.507,157.41
167,Arunachal Pradesh,Papum,27.106722,93.660111,233.0,18.489,191.313
168,Arunachal Pradesh,Papum,27.10736,93.64975,294.0,13.402,177.573
169,Arunachal Pradesh,Papum,27.157291,93.739896,173.0,14.354,52.098
170,Arunachal Pradesh,Papum,27.160636,93.738873,248.0,14.394,21.946
171,Arunachal Pradesh,Papum,27.162502,93.746553,185.0,14.121,358.85
172,Arunachal Pradesh,Papum,27.166864,93.755668,215.0,21.312,26.102
173,Arunachal Pradesh,Papum,27.194111,93.780944,211.0,8.289,56.293
174,Arunachal Pradesh,Papum,27.207583,93.615667,572.0,24.614,0.0
175,Arunachal Pradesh,Papum,27.207659,93.615842,577.0,26.115,2.953
176,Arunachal Pradesh,Papum,27.20833,93.794568,210.0,23.065,67.683
177,Arunachal Pradesh,Papum,27.214778,93.635667,525.0,27.831,354.51
178,Arunachal Pradesh,Papum,27.216639,93.691472,454.0,26.971,29.099
179,Arunachal Pradesh,Papum,27.234139,93.707861,438.0,22.937,57.947
180,Arunachal Pradesh,Papum,27.234917,93.536139,843.0,11.644,281.313
181,Arunachal Pradesh,Papum,27.239333,93.745,406.0,16.075,4.021
182,Arunachal Pradesh,Papum,27.241,93.731417,396.0,13.845,21.652
183,Arunachal Pradesh,Papum,27.246268,93.804628,272.0,20.886,78.457
184,Arunachal Pradesh,Papum,27.24675,93.765333,318.0,19.3,46.164
185,Arunachal Pradesh,Papum,27.2495,93.507833,983.0,3.854,180.0
186,Arunachal Pradesh,Papum,27.252527,93.804341,328.0,35.314,137.348
187,Arunachal Pradesh,Papum,27.25649,93.795077,275.0,11.296,340.803
188,Arunachal Pradesh,Papum,27.260222,93.7895,359.0,17.036,20.26
189,Arunachal Pradesh,Papum,27.267809,93.801259,389.0,20.742,31.357
190,Arunachal Pradesh,Papum,27.270019,93.799333,415.0,20.607,137.783
191,Arunachal Pradesh,Tawang,27.50994444,91.85486111,3274.0,26.313,117.009
192,Arunachal Pradesh,Tawang,27.579,91.868639,2677.0,7.317,55.968
193,Arunachal Pradesh,Tawang,27.58647222,91.89636111,2293.0,20.808,63.312
194,Arunachal Pradesh,Tawang,27.586694,91.871444,2805.0,7.462,54.341
195,Arunachal Pradesh,Tawang,27.591417,91.973083,2608.0,36.762,55.168
196,Arunachal Pradesh,Tawang,27.591806,91.865028,2921.0,11.366,343.9
197,Arunachal Pradesh,Tawang,27.591833,91.865056,2921.0,11.292,345.297
198,Arunachal Pradesh,Tawang,27.594833,91.866417,2972.0,4.517,14.869
199,Arunachal Pradesh,Tawang,27.595167,91.895444,2415.0,18.303,288.199
200,Arunachal Pradesh,Tirap,26.919823,95.545421,1663.0,28.432,108.375
201,Arunachal Pradesh,Tirap,26.93529,95.37696,432.0,19.438,154.641
202,Arunachal Pradesh,Tirap,26.936043,95.370996,409.0,17.416,258.436
203,Arunachal Pradesh,Tirap,26.952173,95.519402,1344.0,24.68,341.459
204,Arunachal Pradesh,Tirap,26.994618,95.486818,734.0,19.584,130.082
205,Arunachal Pradesh,Tirap,27.019379,95.555899,724.0,8.602,191.535
206,Arunachal Pradesh,Tirap,27.072206,95.634021,933.0,27.817,214.337
207,Arunachal Pradesh,Upper,28.213028,95.232528,359.0,12.585,323.586
208,Arunachal Pradesh,Upper,28.386806,95.240111,673.0,18.205,175.548
209,Arunachal Pradesh,Upper,28.512056,95.1805,831.0,18.797,302.755
210,Arunachal Pradesh,Upper,28.516083,95.178028,805.0,24.722,291.158
211,Arunachal Pradesh,Upper,28.550694,95.158333,976.0,15.677,108.667
212,Arunachal Pradesh,Upper,28.617667,95.056444,763.0,21.917,284.878
213,Arunachal Pradesh,Upper,28.619917,95.057583,844.0,29.823,306.548
214,Arunachal Pradesh,Upper,28.787001,94.81686,576.0,23.697,190.767
215,Arunachal Pradesh,Upper,28.816882,94.791032,714.0,37.708,149.298
216,Arunachal Pradesh,Upper,28.830097,94.874715,524.0,34.437,96.016
217,Arunachal Pradesh,West,27.018583,92.635667,212.0,8.984,142.703
218,Arunachal Pradesh,West,27.035278,92.610556,155.0,1.265,65.994
219,Arunachal Pradesh,West,27.08386,92.587656,220.0,25.241,107.751
220,Arunachal Pradesh,West,27.084417,92.586622,235.0,21.001,147.398
221,Arunachal Pradesh,West,27.112694,92.543472,1353.0,33.485,140.718
222,Arunachal Pradesh,West,27.115694,92.763028,407.0,12.279,21.775
223,Arunachal Pradesh,West,27.183833,92.599333,1646.0,25.613,251.425
224,Arunachal Pradesh,West,27.190861,92.607806,1568.0,21.225,185.97
225,Arunachal Pradesh,West,27.204139,92.529278,1204.0,33.004,289.807
226,Arunachal Pradesh,West,27.208222,92.55475,1150.0,14.028,329.645
227,Arunachal Pradesh,West,27.288425,92.769407,847.0,33.438,196.45
228,Arunachal Pradesh,West,27.291528,92.391778,1806.0,20.113,122.661
229,Arunachal Pradesh,West,27.325278,92.373722,1615.0,24.623,120.637
230,Arunachal Pradesh,West,27.345556,92.266389,1583.0,26.977,143.414
231,Arunachal Pradesh,West,27.362028,92.244028,1584.0,21.846,309.689
232,Arunachal Pradesh,West,27.367611,92.2415,1611.0,25.253,282.651
233,Arunachal Pradesh,West,27.405861,92.133778,2024.0,26.287,344.555
234,Arunachal Pradesh,West,27.433056,92.123583,2357.0,35.465,24.78
235,Arunachal Pradesh,West,27.496333,92.104333,4160.0,31.25,73.664
236,Arunachal Pradesh,West,27.752611,94.7175,385.0,16.92,338.466
237,Arunachal Pradesh,West,27.754806,94.715444,382.0,18.686,297.698
238,Arunachal Pradesh,West,27.757417,94.716167,383.0,15.126,232.061
239,Arunachal Pradesh,West,27.777278,94.715583,644.0,12.653,264.259
240,Arunachal Pradesh,West,27.786833,94.720111,829.0,28.012,184.927
241,Arunachal Pradesh,West,27.797389,94.735333,833.0,14.79,270.0
242,Arunachal Pradesh,West,27.847111,94.783139,535.0,26.344,202.306
243,Arunachal Pradesh,West,27.893389,94.842194,707.0,4.301,61.459
244,Arunachal Pradesh,West,28.022249,94.535672,563.0,15.403,21.677
245,Arunachal Pradesh,West,28.133778,94.788,366.0,9.1,147.276
246,Arunachal Pradesh,West,28.141139,94.786583,365.0,17.485,75.972
247,Arunachal Pradesh,West,28.192217,94.713927,322.0,18.317,107.367
248,Arunachal Pradesh,West,28.310626,94.675637,320.0,20.661,120.017
249,Arunachal Pradesh,West,28.42636,94.6774,559.0,11.607,148.521
250,Arunachal Pradesh,West,28.430622,94.674225,538.0,29.967,115.37
251,Assam,Bongaigaon,26.3848,90.5943,110.0,27.373,77.983
252,Assam,Cachar,24.53,92.84,32.0,1.437,79.688
253,Assam,Cachar,24.57257,92.70357,61.0,6.526,276.765
254,Assam,Cachar,24.813648,93.073009,49.0,3.275,128.897
255,Assam,Cachar,24.96756,92.74392,35.0,6.864,47.806
256,Assam,Cachar,24.97714,93.03344,179.0,6.714,172.746
257,Assam,Cachar,24.99,92.75,151.0,18.091,314.524
258,Assam,Cachar,25.01,92.75,40.0,3.503,234.058
259,Assam,Cachar,25.02,92.52,83.0,1.87,294.374
260,Assam,Cachar,25.032119,92.462636,77.0,28.097,298.107
261,Assam,Dima,25.019029,92.770549,97.0,17.554,250.076
262,Assam,Dima,25.0365,92.780417,100.0,17.014,256.417
263,Assam,Dima,25.046444,92.789667,106.0,21.144,218.912
264,Assam,Dima,25.054917,92.800333,121.0,23.62,279.459
265,Assam,Dima,25.060088,92.807089,175.0,22.774,214.534
266,Assam,Dima,25.061375,92.795906,259.0,25.34,103.158
267,Assam,Dima,25.061417,92.806833,149.0,20.944,265.962
268,Assam,Dima,25.063378,92.795536,278.0,20.119,40.519
269,Assam,Dima,25.10275,92.986944,623.0,25.187,186.662
270,Assam,Dima,25.10622222,92.8845,314.0,12.212,138.344
271,Assam,Dima,25.108,93.003,552.0,13.54,216.679
272,Assam,Dima,25.10988889,92.89316667,282.0,10.779,206.292
273,Assam,Dima,25.12,93.02,752.0,16.295,182.918
274,Assam,Dima,25.122,93.025,692.0,21.633,219.637
275,Assam,Dima,25.139,93.04,643.0,13.983,77.5
276,Assam,Dima,25.13961111,93.01955556,731.0,13.081,61.101
277,Assam,Dima,25.14525,93.029167,537.0,22.233,63.927
278,Assam,Dima,25.147883,93.085354,794.0,16.877,167.724
279,Assam,Dima,25.14872222,93.03191667,457.0,15.309,62.649
280,Assam,Dima,25.155611,93.022222,611.0,5.256,192.46
281,Assam,Dima,25.156389,93.018389,616.0,20.683,350.925
282,Assam,Dima,25.156483,93.018367,619.0,22.007,351.528
283,Assam,Dima,25.1568056,93.019722,632.0,15.62,15.44
284,Assam,Dima,25.156833,93.017694,630.0,22.66,351.8
285,Assam,Dima,25.157,93.066,487.0,10.752,263.208
286,Assam,Dima,25.157,93.062,500.0,10.889,147.2
287,Assam,Dima,25.158138,93.024778,547.0,8.62,152.725
288,Assam,Dima,25.16023,93.01084,587.0,16.914,298.208
289,Assam,Dima,25.162472,93.01044,594.0,15.579,265.38
290,Assam,Dima,25.16344444,93.02316667,560.0,24.074,77.812
291,Assam,Dima,25.16563889,93.02544444,511.0,14.92,124.968
292,Assam,Dima,25.169,93.156,956.0,7.922,154.661
293,Assam,Dima,25.17175,93.00726,730.0,13.324,314.564
294,Assam,Dima,25.176389,93.116139,569.0,14.858,161.457
295,Assam,Dima,25.17691667,93.02655556,456.0,14.789,25.619
296,Assam,Dima,25.1775,93.026222,480.0,12.448,16.995
297,Assam,Dima,25.178006,93.022825,530.0,13.168,85.596
298,Assam,Dima,25.179861,93.070778,508.0,10.362,57.29
299,Assam,Dima,25.18725,93.120556,648.0,3.975,270.0
300,Assam,Dima,25.18833,93.104922,573.0,12.94,339.778
301,Assam,Dima,25.18955556,93.09641667,545.0,22.085,9.861
302,Assam,Dima,25.18972,93.02011,497.0,8.979,103.144
303,Assam,Dima,25.191,93.192,771.0,11.865,134.867
304,Assam,Dima,25.19308333,93.12041667,646.0,10.16,274.312
305,Assam,Dima,25.19972222,93.01672222,416.0,19.827,184.738
306,Assam,Dima,25.204,93.059,568.0,12.992,64.642
307,Assam,Dima,25.206,93.126,778.0,20.715,283.741
308,Assam,Dima,25.207389,93.122778,682.0,14.623,296.589
309,Assam,Dima,25.208,93.121,677.0,15.36,355.855
310,Assam,Dima,25.21,93.31,870.0,13.353,204.728
311,Assam,Dima,25.21,93.25,1208.0,18.08,316.819
312,Assam,Dima,25.216881,92.982245,664.0,3.282,128.806
313,Assam,Dima,25.21694444,93.01136111,489.0,23.908,242.22
314,Assam,Dima,25.22,93.32,973.0,6.889,324.877
315,Assam,Dima,25.22548,93.023783,600.0,12.698,247.744
316,Assam,Dima,25.23,93.34,1304.0,22.569,6.172
317,Assam,Dima,25.23297222,93.03325,557.0,22.226,288.589
318,Assam,Dima,25.238045,92.801279,1268.0,5.484,304.153
319,Assam,Dima,25.24,93.27,1083.0,7.947,184.08
320,Assam,Dima,25.241135,93.007627,336.0,26.735,134.783
321,Assam,Dima,25.245448,93.003937,311.0,18.423,137.868
322,Assam,Dima,25.24597222,93.02827778,607.0,17.071,295.098
323,Assam,Dima,25.263528,93.390611,832.0,21.592,296.999
324,Assam,Dima,25.278917,93.253194,880.0,20.599,14.542
325,Assam,Dima,25.282861,93.296111,748.0,20.46,177.711
326,Assam,Dima,25.308028,93.471028,1593.0,16.776,98.568
327,Assam,Dima,25.313929,93.10485,433.0,13.46,185.958
328,Assam,Dima,25.318433,93.115767,425.0,13.157,207.883
329,Assam,Dima,25.323731,92.80751,1061.0,1.784,106.768
330,Assam,Dima,25.362583,93.257722,380.0,15.361,84.37
331,Assam,Dima,25.366255,92.823037,960.0,7.841,130.714
332,Assam,Dima,25.388977,93.121008,298.0,2.717,148.411
333,Assam,Dima,25.394111,93.410417,517.0,9.885,92.955
334,Assam,Dima,25.398083,93.297528,355.0,8.205,270.0
335,Assam,Dima,25.405,93.133,296.0,7.93,268.152
336,Assam,Dima,25.405,93.372194,439.0,7.435,164.53
337,Assam,Dima,25.40586111,93.11097222,259.0,14.295,296.147
338,Assam,Dima,25.40837,92.82826,897.0,10.77,44.896
339,Assam,Dima,25.412958,93.242826,605.0,14.286,132.09
340,Assam,Dima,25.416056,93.284222,279.0,15.702,295.556
341,Assam,Dima,25.42,93.002,273.0,3.854,0.0
342,Assam,Dima,25.420278,93.371306,398.0,6.011,262.648
343,Assam,Dima,25.422535,92.989119,209.0,13.24,83.423
344,Assam,Dima,25.423806,93.369722,399.0,6.243,305.086
345,Assam,Dima,25.4255,93.363944,382.0,7.562,300.498
346,Assam,Dima,25.434031,92.885056,628.0,7.753,80.506
347,Assam,Dima,25.436861,93.404583,386.0,6.317,201.065
348,Assam,Dima,25.436972,93.454111,474.0,10.49,346.009
349,Assam,Dima,25.441757,92.907383,573.0,7.525,101.771
350,Assam,Dima,25.443082,92.989873,297.0,15.304,128.59
351,Assam,Dima,25.443417,93.421444,407.0,5.335,223.823
352,Assam,Dima,25.443639,93.431444,456.0,5.154,225.8
353,Assam,Dima,25.446056,93.408583,406.0,12.476,153.28
354,Assam,Dima,25.569,92.71653,604.0,23.477,64.913
355,Assam,Dima,25.648512,93.121528,350.0,15.737,307.28
356,Assam,Dima,25.67153,93.11522,325.0,5.65,357.113
357,Assam,Dima,25.72561,93.13075,155.0,10.013,278.779
358,Assam,Dima,26.11,94.76,1016.0,11.123,147.704
359,Assam,Goalpara,26.061,90.605,61.0,8.756,352.539
360,Assam,Hailakandi,24.31,92.56,47.0,1.158,257.165
361,Assam,Hailakandi,24.46,92.52,102.0,1.715,81.374
362,Assam,Hailakandi,24.478972,92.682861,70.0,5.134,261.375
363,Assam,Hailakandi,24.51,92.71,35.0,0.382,132.299
364,Assam,Hailakandi,24.511306,92.693028,46.0,2.587,353.728
365,Assam,Hailakandi,24.70364,92.64681,45.0,3.665,212.704
366,Assam,Hailakandi,24.79489,92.55506,48.0,6.654,226.133
367,Assam,Jorhat,26.54,94.37,186.0,4.574,153.94
368,Assam,Jorhat,26.55,94.36,171.0,2.724,148.158
369,Assam,Kamrup,26.043267,92.055531,249.0,3.518,257.341
370,Assam,Kamrup,26.061861,92.147889,106.0,1.767,29.1
371,Assam,Kamrup,26.077844,92.035022,217.0,1.002,300.913
372,Assam,Kamrup,26.080139,92.032667,201.0,5.672,174.221
373,Assam,Kamrup,26.102944,91.862111,144.0,5.616,300.159
374,Assam,Kamrup,26.112083,92.091028,69.0,3.313,288.083
375,Assam,Kamrup,26.11266667,91.85388889,192.0,13.807,265.808
376,Assam,Kamrup,26.1445,91.7362,50.0,0.385,48.086
377,Assam,Kamrup,26.146,91.756,92.0,1.547,326.241
378,Assam,Kamrup,26.14988889,91.77394444,116.0,8.797,350.696
379,Assam,Kamrup,26.153556,92.038694,88.0,2.419,251.396
380,Assam,Kamrup,26.15427778,91.79263889,76.0,8.837,285.071
381,Assam,Kamrup,26.155,91.798167,90.0,9.864,101.926
382,Assam,Kamrup,26.159139,91.915583,104.0,6.007,349.034
383,Assam,Kamrup,26.166185,91.7147,120.0,20.578,33.128
384,Assam,Kamrup,26.16658333,91.71480556,130.0,19.949,21.856
385,Assam,Kamrup,26.18841667,91.85125,104.0,21.63,19.926
386,Assam,Kamrup,26.18842,91.85125,104.0,21.716,20.603
387,Assam,Kamrup,26.19025,91.806472,92.0,4.376,176.249
388,Assam,Kamrup,26.19044,91.77502,105.0,10.281,352.07
389,Assam,Kamrup,26.19052,91.77499,107.0,10.078,350.271
390,Assam,Kamrup,26.1916,91.80361,86.0,7.904,32.739
391,Assam,Kamrup,26.195306,91.765639,79.0,1.341,140.11
392,Assam,Kamrup,26.19552778,91.78055556,165.0,10.956,79.303
393,Assam,Kamrup,26.195528,91.780556,165.0,10.956,79.303
394,Assam,Kamrup,26.19622,91.76336,92.0,1.318,347.435
395,Assam,Kamrup,26.19622222,91.76336111,92.0,1.318,347.435
396,Assam,Kamrup,26.2272613,91.6922458,73.0,11.704,184.158
397,Assam,Karbi,25.84267,93.45244,191.0,3.643,9.019
398,Assam,Karbi,25.84444,93.45331,203.0,4.439,50.478
399,Assam,Karbi,25.84516,93.68408,183.0,4.11,0.0
400,Assam,Karbi,25.8465,93.687,172.0,9.761,23.963
401,Assam,Karbi,25.85487,93.56583,247.0,3.09,213.693
402,Assam,Karbi,25.85498,93.56638,246.0,4.657,187.039
403,Assam,Karbi,26.056083,93.406528,225.0,22.011,0.0
404,Assam,Karbi,26.302944,93.225389,258.0,0.771,311.875
405,Assam,Karbi,26.314964,93.256408,384.0,10.337,55.502
406,Assam,Karbi,26.34075,93.78861,251.0,5.165,6.367
407,Assam,Karbi,26.3477,93.7399,199.0,17.964,342.919
408,Assam,Karbi,26.34838,93.78208,236.0,1.887,114.135
409,Assam,Karbi,26.35622,93.77941,200.0,8.552,270.0
410,Assam,Karbi,26.51925,93.47147,161.0,11.373,218.6
411,Assam,Karbi,26.57447,93.66297,208.0,2.921,51.955
412,Assam,Karimganj,24.70619444,92.28997222,45.0,1.913,47.746
413,Assam,Karimganj,24.78002778,92.45372222,46.0,6.146,33.459
414,Assam,Nagaon,26.102167,92.440472,313.0,8.052,169.818
415,Assam,Nagaon,26.116972,92.440083,183.0,6.9,228.079
416,Assam,Nagaon,26.119417,92.439972,164.0,13.108,213.957
417,Assam,Nagaon,26.57455,93.11244,112.0,19.386,165.958
418,Assam,Sonitpur,26.9174,92.77163,109.0,5.576,14.951
419,Assam,Sonitpur,26.92088,92.75933,143.0,8.281,75.708
420,Assam,Sonitpur,26.9231,92.76755,158.0,12.079,50.973
421,Assam,Sonitpur,26.92666,92.73966,153.0,11.947,339.075
422,Assam,Sonitpur,26.93438,92.729,153.0,7.947,4.139
423,Assam,Sonitpur,26.93586,92.70441,141.0,10.607,275.505
424,Assam,Sonitpur,26.93855,92.70336,139.0,5.368,44.191
425,Assam,Sonitpur,26.9498,93.45291,176.0,2.365,77.437
426,Assam,Udalguri,26.89074,92.12068,238.0,31.146,311.411
427,Assam,West,25.740148,91.224044,897.0,0.589,209.034
428,Assam,West,25.84494,92.61514,322.0,5.854,241.19
429,Assam,West,25.84967,92.69042,467.0,15.133,221.635
430,Assam,West,25.84992,92.69072,463.0,16.03,224.017
431,Assam,West,25.85992,92.72558,147.0,12.454,342.914
432,Assam,West,25.88692,92.61347,443.0,4.284,248.915
433,Assam,West,25.91608,92.50203,341.0,26.153,40.606
434,Assam,West,25.92103,92.50708,359.0,27.594,46.567
435,Assam,West,25.924,92.50939,356.0,24.007,52.764
436,Assam,West,25.95317,92.51353,274.0,29.355,80.346
437,Assam,West,25.95381,92.60444,313.0,15.047,207.682
438,Assam,West,25.95825,92.51414,293.0,31.571,89.162
439,Assam,West,25.961444,92.341333,562.0,4.42,35.565
440,Assam,West,25.97461,92.51375,170.0,26.917,115.128
441,Assam,West,25.98214,92.51139,106.0,19.54,123.837
442,Assam,West,25.98219,92.51892,96.0,13.909,348.36
443,Assam,West,26.022833,92.274028,283.0,18.939,185.852
444,Assam,West,26.030972,92.474139,235.0,10.324,344.073
445,Assam,West,26.035278,92.470861,272.0,13.901,3.474
446,Assam,West,26.043583,92.452222,343.0,9.367,342.359
447,Assam,West,26.043611,92.440944,444.0,17.834,22.86
448,Assam,West,26.043722,92.441472,441.0,20.365,30.782
449,Assam,West,26.045472,92.457417,366.0,4.826,50.33
450,Assam,West,26.045806,92.450778,419.0,23.141,56.151
451,Himachal Pradesh,Bilaspur,31.230167,76.666556,734.0,18.1,15.855
452,Himachal Pradesh,Bilaspur,31.231556,76.673194,799.0,15.768,13.995
453,Himachal Pradesh,Bilaspur,31.231583,76.660667,732.0,18.301,48.284
454,Himachal Pradesh,Bilaspur,31.231833,76.668444,754.0,26.545,48.292
455,Himachal Pradesh,Bilaspur,31.232306,76.671444,799.0,28.058,307.963
456,Himachal Pradesh,Bilaspur,31.232972,76.675,837.0,24.257,319.247
457,Himachal Pradesh,Bilaspur,31.234278,76.668833,784.0,14.011,37.626
458,Himachal Pradesh,Bilaspur,31.234444,76.708944,1050.0,30.492,349.723
459,Himachal Pradesh,Bilaspur,31.236222,76.745111,788.0,24.561,90.0
460,Himachal Pradesh,Bilaspur,31.239361,76.852028,1142.0,14.99,226.546
461,Himachal Pradesh,Bilaspur,31.242167,76.733306,915.0,20.459,115.684
462,Himachal Pradesh,Bilaspur,31.242167,76.733306,915.0,20.459,115.684
463,Himachal Pradesh,Bilaspur,31.244,76.631139,837.0,27.088,328.41
464,Himachal Pradesh,Bilaspur,31.244611,76.774333,736.0,31.55,334.128
465,Himachal Pradesh,Bilaspur,31.247194,76.619417,860.0,8.758,344.169
466,Himachal Pradesh,Bilaspur,31.24875,76.723944,1014.0,23.597,175.862
467,Himachal Pradesh,Bilaspur,31.254981,76.774276,851.0,19.677,259.872
468,Himachal Pradesh,Bilaspur,31.256889,76.832667,1054.0,24.261,170.607
469,Himachal Pradesh,Bilaspur,31.273239,76.802816,908.0,29.295,303.53
470,Himachal Pradesh,Bilaspur,31.275989,76.762472,573.0,25.31,157.112
471,Himachal Pradesh,Bilaspur,31.280997,76.78966,771.0,23.527,324.589
472,Himachal Pradesh,Bilaspur,31.293446,76.728856,611.0,18.77,344.756
473,Himachal Pradesh,Bilaspur,31.3046,76.54012,968.0,15.829,41.875
474,Himachal Pradesh,Bilaspur,31.304638,76.536628,1088.0,28.905,32.22
475,Himachal Pradesh,Bilaspur,31.313778,76.763667,593.0,8.779,242.267
476,Himachal Pradesh,Bilaspur,31.324769,76.875025,1165.0,38.128,296.145
477,Himachal Pradesh,Bilaspur,31.352944,76.813111,621.0,21.422,262.765
478,Himachal Pradesh,Bilaspur,31.35556,76.724121,545.0,19.264,144.061
479,Himachal Pradesh,Bilaspur,31.3704259,76.7702055,559.0,8.125,192.772
480,Himachal Pradesh,Bilaspur,31.373353,76.6033,560.0,16.166,19.066
481,Himachal Pradesh,Bilaspur,31.389611,76.857139,729.0,22.951,78.993
482,Himachal Pradesh,Bilaspur,31.400306,76.800167,553.0,16.058,207.196
483,Himachal Pradesh,Bilaspur,31.401417,76.801417,558.0,22.912,242.123
484,Himachal Pradesh,Bilaspur,31.404336,76.402316,410.0,7.322,348.183
485,Himachal Pradesh,Bilaspur,31.406413,76.695828,631.0,9.865,272.961
486,Himachal Pradesh,Bilaspur,31.413389,76.789083,698.0,1.041,60.362
487,Himachal Pradesh,Bilaspur,31.413835,76.793732,614.0,27.552,92.961
488,Himachal Pradesh,Bilaspur,31.421352,76.437612,513.0,22.752,75.105
489,Himachal Pradesh,Bilaspur,31.427515,76.438312,526.0,18.61,69.707
490,Himachal Pradesh,Bilaspur,31.431527,76.43999,525.0,21.561,120.01
491,Himachal Pradesh,Bilaspur,31.433472,76.834361,562.0,22.232,211.007
492,Himachal Pradesh,Bilaspur,31.435333,76.830528,565.0,8.196,345.177
493,Himachal Pradesh,Bilaspur,31.435889,76.830389,570.0,6.898,344.865
494,Himachal Pradesh,Bilaspur,31.473431,76.725488,783.0,22.092,272.537
495,Himachal Pradesh,Bilaspur,31.484872,76.749791,1057.0,22.356,315.223
496,Himachal Pradesh,Bilaspur,31.48635,76.745336,925.0,24.543,288.941
497,Himachal Pradesh,Chamba,32.237922,76.177866,850.0,19.437,251.446
498,Himachal Pradesh,Chamba,32.245063,76.145409,899.0,22.247,65.339
499,Himachal Pradesh,Chamba,32.246512,76.145102,909.0,24.607,110.075
500,Himachal Pradesh,Chamba,32.26,76.13,1075.0,19.266,209.096
501,Himachal Pradesh,Chamba,32.27,76.21,1285.0,17.737,274.833
502,Himachal Pradesh,Chamba,32.28,76.15,950.0,14.118,300.001
503,Himachal Pradesh,Chamba,32.28,76.15,950.0,14.118,300.001
504,Himachal Pradesh,Chamba,32.28,76.64,2418.0,44.933,168.948
505,Himachal Pradesh,Chamba,32.31,76.06,795.0,21.713,283.037
506,Himachal Pradesh,Chamba,32.31,76.05,773.0,21.164,334.815
507,Himachal Pradesh,Chamba,32.33,76.55,1891.0,23.708,154.166
508,Himachal Pradesh,Chamba,32.34,76.53,1845.0,38.766,66.951
509,Himachal Pradesh,Chamba,32.35,76.53,1710.0,19.593,132.953
510,Himachal Pradesh,Chamba,32.36,76.53,1947.0,46.676,320.064
511,Himachal Pradesh,Chamba,32.37,76.02,911.0,3.425,233.102
512,Himachal Pradesh,Chamba,32.37,76.02,911.0,3.425,233.102
513,Himachal Pradesh,Chamba,32.38,76.49,1935.0,27.1,163.082
514,Himachal Pradesh,Chamba,32.39,75.99,1154.0,36.5,71.6
515,Himachal Pradesh,Chamba,32.39,76.01,1123.0,29.641,292.265
516,Himachal Pradesh,Chamba,32.39,75.99,1154.0,36.5,71.6
517,Himachal Pradesh,Chamba,32.40864722,75.98548611,768.0,18.262,268.44
518,Himachal Pradesh,Chamba,32.41,76.62,3671.0,35.066,165.066
519,Himachal Pradesh,Chamba,32.41,75.96,701.0,22.929,340.913
520,Himachal Pradesh,Chamba,32.41,75.99,786.0,15.57,216.293
521,Himachal Pradesh,Chamba,32.41,76.63,3663.0,21.85,303.29
522,Himachal Pradesh,Chamba,32.42,75.97,839.0,30.19,241.402
523,Himachal Pradesh,Chamba,32.42,76.36,2593.0,27.885,47.229
524,Himachal Pradesh,Chamba,32.42,75.99,1127.0,8.138,19.565
525,Himachal Pradesh,Chamba,32.42,75.97,839.0,30.19,241.402
526,Himachal Pradesh,Chamba,32.42,75.96,775.0,29.901,81.918
527,Himachal Pradesh,Chamba,32.42,75.96,775.0,29.901,81.918
528,Himachal Pradesh,Chamba,32.42897222,75.95915833,836.0,17.033,335.363
529,Himachal Pradesh,Chamba,32.43,76.61,3034.0,31.906,149.148
530,Himachal Pradesh,Chamba,32.43,75.96,896.0,21.102,310.676
531,Himachal Pradesh,Chamba,32.43,76.38,2211.0,50.694,44.19
532,Himachal Pradesh,Chamba,32.43,76.53,2615.0,21.595,183.083
533,Himachal Pradesh,Chamba,32.43,75.96,896.0,21.102,310.676
534,Himachal Pradesh,Chamba,32.44,76.52,2670.0,21.526,191.677
535,Himachal Pradesh,Chamba,32.44,76.52,2670.0,21.526,191.677
536,Himachal Pradesh,Chamba,32.44,76.61,2361.0,24.312,190.178
537,Himachal Pradesh,Chamba,32.44,76.51,2474.0,35.199,191.313
538,Himachal Pradesh,Chamba,32.44,76.34,1737.0,36.735,223.765
539,Himachal Pradesh,Chamba,32.44,76.03,1217.0,26.56,45.505
540,Himachal Pradesh,Chamba,32.44,76.36,1874.0,22.231,207.112
541,Himachal Pradesh,Chamba,32.45,76.34,1480.0,16.817,317.993
542,Himachal Pradesh,Chamba,32.45,76.56,1797.0,23.72,39.944
543,Himachal Pradesh,Chamba,32.45,76.35,1343.0,32.853,14.804
544,Himachal Pradesh,Chamba,32.45,76.58,1998.0,34.821,168.971
545,Himachal Pradesh,Chamba,32.45,76.52,2094.0,46.499,201.016
546,Himachal Pradesh,Chamba,32.45,76.51,1908.0,34.247,223.472
547,Himachal Pradesh,Chamba,32.45,76.52,2094.0,46.499,201.016
548,Himachal Pradesh,Chamba,32.45,76.39,1374.0,36.175,139.072
549,Himachal Pradesh,Chamba,32.45,76.58,1998.0,34.821,168.971
550,Himachal Pradesh,Chamba,32.45,76.57,1921.0,34.612,188.426
551,Himachal Pradesh,Chamba,32.46,76.51,1883.0,36.603,11.576
552,Himachal Pradesh,Chamba,32.46,76.18,1816.0,37.109,92.382
553,Himachal Pradesh,Chamba,32.47,76.67,2453.0,24.694,194.756
554,Himachal Pradesh,Chamba,32.47,76.27,1345.0,35.17,226.495
555,Himachal Pradesh,Chamba,32.47,76.67,2453.0,24.694,194.756
556,Himachal Pradesh,Chamba,32.47,76.42,1892.0,48.972,44.017
557,Himachal Pradesh,Chamba,32.47,76.68,2534.0,38.082,187.417
558,Himachal Pradesh,Chamba,32.47,76.31,1706.0,26.115,249.063
559,Himachal Pradesh,Chamba,32.47,76.24,1256.0,42.503,12.753
560,Himachal Pradesh,Chamba,32.47,76.19,1242.0,34.293,162.744
561,Himachal Pradesh,Chamba,32.47,76.26,1334.0,33.944,163.929
562,Himachal Pradesh,Chamba,32.47,76.27,1345.0,35.17,226.495
563,Himachal Pradesh,Chamba,32.48,76.29,1188.0,8.021,317.147
564,Himachal Pradesh,Chamba,32.48,76.25,1534.0,11.215,355.379
565,Himachal Pradesh,Chamba,32.48,76.31,1211.0,16.503,30.213
566,Himachal Pradesh,Chamba,32.48638056,76.28263056,1265.0,22.773,297.391
567,Himachal Pradesh,Chamba,32.49,76.44,2168.0,43.439,344.34
568,Himachal Pradesh,Chamba,32.49,76.35,1694.0,36.03,233.642
569,Himachal Pradesh,Chamba,32.506146,75.975698,1845.0,25.318,4.52
570,Himachal Pradesh,Chamba,32.55,76.14,1266.0,41.253,291.637
571,Himachal Pradesh,Chamba,32.56,76.26,1759.0,27.651,232.505
572,Himachal Pradesh,Chamba,32.57,76.07,1528.0,34.19,250.294
573,Himachal Pradesh,Chamba,32.58,76.23,1365.0,17.659,278.928
574,Himachal Pradesh,Chamba,32.58,76.06,1322.0,23.68,166.648
575,Himachal Pradesh,Chamba,32.58,76.11,786.0,7.519,189.296
576,Himachal Pradesh,Chamba,32.59,76.23,1370.0,43.013,239.635
577,Himachal Pradesh,Chamba,32.59,76.23,1370.0,43.013,239.635
578,Himachal Pradesh,Chamba,32.59,76.16,1101.0,10.708,317.421
579,Himachal Pradesh,Chamba,32.595971,75.945754,942.0,38.552,319.541
580,Himachal Pradesh,Chamba,32.61,76.04,787.0,7.716,195.99
581,Himachal Pradesh,Chamba,32.61,76.04,787.0,7.716,195.99
582,Himachal Pradesh,Chamba,32.61,76.24,1834.0,32.491,63.62
583,Himachal Pradesh,Chamba,32.61,76.02,790.0,10.048,305.662
584,Himachal Pradesh,Chamba,32.61,76.03,801.0,33.183,36.527
585,Himachal Pradesh,Chamba,32.62,76.18,1435.0,35.998,255.682
586,Himachal Pradesh,Chamba,32.63,76.18,1382.0,19.807,237.571
587,Himachal Pradesh,Chamba,32.64,76.12,2105.0,25.146,270.548
588,Himachal Pradesh,Chamba,32.64,76.08,1020.0,9.062,32.348
589,Himachal Pradesh,Chamba,32.65,76.08,1493.0,18.593,255.305
590,Himachal Pradesh,Chamba,32.65,76.38,3395.0,34.371,141.395
591,Himachal Pradesh,Chamba,32.69,76.05,1036.0,15.78,9.786
592,Himachal Pradesh,Chamba,32.69,76.06,770.0,0.953,74.329
593,Himachal Pradesh,Chamba,32.695375,75.990712,1553.0,25.205,302.952
594,Himachal Pradesh,Chamba,32.69676,75.916372,1788.0,33.5,270.778
595,Himachal Pradesh,Chamba,32.71,76.09,946.0,38.588,289.396
596,Himachal Pradesh,Chamba,32.71,76.33,2264.0,23.335,299.984
597,Himachal Pradesh,Chamba,32.72,76.06,1567.0,33.259,65.739
598,Himachal Pradesh,Chamba,32.727672,75.960062,2250.0,36.145,326.754
599,Himachal Pradesh,Chamba,32.732546,75.928798,2410.0,30.342,343.574
600,Himachal Pradesh,Chamba,32.75,76.13,900.0,27.589,220.851
601,Himachal Pradesh,Chamba,32.764634,75.990502,1860.0,24.447,60.396
602,Himachal Pradesh,Chamba,32.77,76.18,1293.0,34.584,171.983
603,Himachal Pradesh,Chamba,32.78,76.15,1213.0,33.897,80.379
604,Himachal Pradesh,Chamba,32.78,76.19,1474.0,28.652,195.889
605,Himachal Pradesh,Chamba,32.78,76.18,1492.0,31.565,26.883
606,Himachal Pradesh,Chamba,32.79,76.15,1137.0,36.576,302.598
607,Himachal Pradesh,Chamba,32.823029,75.99446,3503.0,33.857,302.384
608,Himachal Pradesh,Chamba,32.83776,75.860549,2766.0,27.538,107.547
609,Himachal Pradesh,Chamba,32.84,76.12,2021.0,29.394,48.564
610,Himachal Pradesh,Chamba,32.844014,75.966676,3432.0,40.088,257.989
611,Himachal Pradesh,Chamba,32.846052,75.968727,3594.0,29.541,269.546
612,Himachal Pradesh,Chamba,32.85,76.19,1973.0,31.769,318.335
613,Himachal Pradesh,Chamba,32.85,76.18,2000.0,28.761,35.08
614,Himachal Pradesh,Chamba,32.86,76.17,2358.0,30.087,308.329
615,Himachal Pradesh,Chamba,32.866287,75.946836,3447.0,39.138,302.744
616,Himachal Pradesh,Chamba,32.875218,75.958388,3617.0,36.7,44.679
617,Himachal Pradesh,Chamba,32.87972,75.955597,3478.0,35.581,199.658
618,Himachal Pradesh,Chamba,32.883245,75.964755,3614.0,37.005,218.126
619,Himachal Pradesh,Chamba,32.884777,75.974426,3663.0,36.435,344.018
620,Himachal Pradesh,Chamba,32.885501,75.967482,3640.0,30.751,249.218
621,Himachal Pradesh,Chamba,32.886792,75.972082,3718.0,35.134,224.368
622,Himachal Pradesh,Chamba,32.89,76.15,1569.0,31.8,259.566
623,Himachal Pradesh,Chamba,32.894674,75.924937,3685.0,23.807,316.285
624,Himachal Pradesh,Chamba,32.905034,75.922868,3634.0,30.618,138.708
625,Himachal Pradesh,Chamba,32.906118,75.908971,3601.0,20.566,317.92
626,Himachal Pradesh,Chamba,32.907556,75.827418,2980.0,35.412,30.776
627,Himachal Pradesh,Chamba,32.910277,75.880926,3126.0,33.54,72.247
628,Himachal Pradesh,Chamba,32.910956,75.880876,3140.0,37.1,85.913
629,Himachal Pradesh,Chamba,32.911003,75.908917,3625.0,16.181,95.329
630,Himachal Pradesh,Chamba,32.916109,75.904373,3642.0,27.314,222.332
631,Himachal Pradesh,Chamba,32.922642,75.832825,3179.0,26.616,59.872
632,Himachal Pradesh,Chamba,32.929304,75.834047,3172.0,31.81,307.465
633,Himachal Pradesh,Chamba,32.95,76.19,2942.0,30.773,239.644
634,Himachal Pradesh,Hamirpur,31.716975,76.469127,787.0,25.159,307.046
635,Himachal Pradesh,Hamirpur,31.759194,76.746972,721.0,16.345,348.572
636,Himachal Pradesh,Hamirpur,31.77735,76.4334,535.0,11.617,295.909
637,Himachal Pradesh,Hamirpur,31.78653,76.44692,639.0,20.202,21.923
638,Himachal Pradesh,Hamirpur,31.875,76.587417,586.0,10.931,162.467
639,Himachal Pradesh,Hamirpur,31.883417,76.606889,566.0,11.819,160.815
640,Himachal Pradesh,Hamirpur,31.905472,76.531028,599.0,10.321,35.524
641,Himachal Pradesh,Hamirpur,31.908556,76.510389,731.0,3.611,175.19
642,Himachal Pradesh,Hamirpur,31.919444,76.511111,763.0,2.183,283.632
643,Himachal Pradesh,Hamirpur,31.925194,76.689694,708.0,31.849,251.013
644,Himachal Pradesh,Kangra,31.77341,76.29802,486.0,5.643,180.0
645,Himachal Pradesh,Kangra,31.8336,76.177107,738.0,9.948,84.12
646,Himachal Pradesh,Kangra,31.841447,76.170445,742.0,13.955,90.0
647,Himachal Pradesh,Kangra,31.841784,76.170539,741.0,13.393,92.162
648,Himachal Pradesh,Kangra,31.84863,76.3423,713.0,22.237,250.757
649,Himachal Pradesh,Kangra,31.848767,76.207107,575.0,12.777,245.421
650,Himachal Pradesh,Kangra,31.848792,76.196615,542.0,7.286,235.802
651,Himachal Pradesh,Kangra,31.8504,76.34558,814.0,25.198,287.213
652,Himachal Pradesh,Kangra,31.85124,76.350416,935.0,30.141,345.227
653,Himachal Pradesh,Kangra,31.85157,76.33873,677.0,25.258,299.047
654,Himachal Pradesh,Kangra,31.85651,76.33841,647.0,13.065,328.391
655,Himachal Pradesh,Kangra,31.864472,76.6375,596.0,17.238,227.129
656,Himachal Pradesh,Kangra,31.88,75.95,425.0,6.585,285.804
657,Himachal Pradesh,Kangra,31.883167,76.700028,674.0,33.211,326.116
658,Himachal Pradesh,Kangra,31.883417,76.606889,566.0,11.819,160.815
659,Himachal Pradesh,Kangra,31.89185,76.3107,676.0,27.756,8.09
660,Himachal Pradesh,Kangra,31.894528,76.629194,581.0,8.458,327.749
661,Himachal Pradesh,Kangra,31.89548,76.30475,579.0,22.992,25.873
662,Himachal Pradesh,Kangra,31.914864,76.286644,567.0,15.178,300.881
663,Himachal Pradesh,Kangra,31.92544444,76.44583611,687.0,12.846,47.956
664,Himachal Pradesh,Kangra,31.94383,76.40533,830.0,17.153,223.313
665,Himachal Pradesh,Kangra,31.945972,76.569639,891.0,17.345,90.824
666,Himachal Pradesh,Kangra,31.95,75.94,374.0,17.501,76.826
667,Himachal Pradesh,Kangra,31.95512,76.43623,711.0,11.682,127.465
668,Himachal Pradesh,Kangra,32.015,76.44056944,833.0,17.724,118.544
669,Himachal Pradesh,Kangra,32.018607,76.227711,523.0,22.002,241.447
670,Himachal Pradesh,Kangra,32.020477,76.239295,546.0,23.91,173.137
671,Himachal Pradesh,Kangra,32.021435,76.231333,526.0,12.212,192.727
672,Himachal Pradesh,Kangra,32.03572,76.4133,887.0,6.668,182.598
673,Himachal Pradesh,Kangra,32.035754,76.462657,851.0,11.422,29.886
674,Himachal Pradesh,Kangra,32.036624,76.411489,878.0,10.371,163.171
675,Himachal Pradesh,Kangra,32.038093,76.463837,863.0,4.9,42.827
676,Himachal Pradesh,Kangra,32.05,75.83,334.0,8.185,2.112
677,Himachal Pradesh,Kangra,32.05,75.82,341.0,4.251,273.465
678,Himachal Pradesh,Kangra,32.06,75.82,324.0,6.47,8.059
679,Himachal Pradesh,Kangra,32.0834,76.44958,940.0,10.664,335.02
680,Himachal Pradesh,Kangra,32.085287,76.131158,592.0,14.978,142.1
681,Himachal Pradesh,Kangra,32.096995,76.267409,699.0,26.927,18.88
682,Himachal Pradesh,Kangra,32.104952,76.188823,753.0,14.314,274.038
683,Himachal Pradesh,Kangra,32.11,76.66,1611.0,33.568,324.314
684,Himachal Pradesh,Kangra,32.113208,76.137608,573.0,8.109,75.393
685,Himachal Pradesh,Kangra,32.116842,76.489831,1133.0,14.027,77.541
686,Himachal Pradesh,Kangra,32.13397,76.027752,497.0,13.455,311.079
687,Himachal Pradesh,Kangra,32.146207,76.191258,585.0,17.567,353.264
688,Himachal Pradesh,Kangra,32.158584,76.129886,589.0,16.57,243.072
689,Himachal Pradesh,Kangra,32.16547,76.45073,1388.0,22.673,359.272
690,Himachal Pradesh,Kangra,32.1664,76.44601,1422.0,20.528,335.736
691,Himachal Pradesh,Kangra,32.16747,76.42822,1303.0,14.209,285.431
692,Himachal Pradesh,Kangra,32.169553,76.301266,893.0,26.147,37.25
693,Himachal Pradesh,Kangra,32.173645,76.042366,494.0,4.902,321.776
694,Himachal Pradesh,Kangra,32.17448,76.3077,926.0,19.099,40.064
695,Himachal Pradesh,Kangra,32.178645,76.099215,650.0,9.741,156.306
696,Himachal Pradesh,Kangra,32.19309,76.38886,1386.0,10.164,325.77
697,Himachal Pradesh,Kangra,32.19677,76.32115,1152.0,5.351,343.541
698,Himachal Pradesh,Kangra,32.206463,76.03277,557.0,9.553,350.926
699,Himachal Pradesh,Kangra,32.21783,76.31423,1278.0,17.007,283.589
700,Himachal Pradesh,Kangra,32.22135,76.33962,1522.0,22.823,10.909
701,Himachal Pradesh,Kangra,32.2219,76.116505,710.0,4.46,348.217
702,Himachal Pradesh,Kangra,32.222086,76.235258,919.0,24.272,48.898
703,Himachal Pradesh,Kangra,32.22248,76.33828,1592.0,17.512,355.174
704,Himachal Pradesh,Kangra,32.2233,76.33993,1619.0,24.614,11.362
705,Himachal Pradesh,Kangra,32.224578,76.084915,577.0,19.351,144.936
706,Himachal Pradesh,Kangra,32.228067,76.075445,552.0,12.582,9.585
707,Himachal Pradesh,Kangra,32.229462,76.306245,1564.0,15.359,11.146
708,Himachal Pradesh,Kangra,32.229936,76.081364,548.0,5.176,69.691
709,Himachal Pradesh,Kangra,32.23,76.31095,1532.0,24.098,35.57
710,Himachal Pradesh,Kangra,32.231994,76.210051,934.0,17.16,265.829
711,Himachal Pradesh,Kangra,32.234083,76.224395,960.0,13.699,69.506
712,Himachal Pradesh,Kangra,32.23514,76.224429,970.0,12.11,47.941
713,Himachal Pradesh,Kangra,32.242818,76.21532,1145.0,25.008,289.11
714,Himachal Pradesh,Kangra,32.24419,76.187058,956.0,21.867,47.817
715,Himachal Pradesh,Kangra,32.244451,76.211477,1060.0,28.4,294.019
716,Himachal Pradesh,Kangra,32.247324,76.189124,1004.0,17.041,30.164
717,Himachal Pradesh,Kangra,32.249596,76.029911,574.0,17.927,329.408
718,Himachal Pradesh,Kangra,32.28,76.28,1791.0,12.17,1.412
719,Himachal Pradesh,Kangra,32.33,75.82,431.0,7.193,355.168
720,Himachal Pradesh,Kangra,32.34,75.83,525.0,2.559,36.492
721,Himachal Pradesh,Kangra,32.37,75.95,682.0,21.245,279.98
722,Himachal Pradesh,Kangra,32.37,75.85,482.0,2.847,254.276
723,Himachal Pradesh,Kangra,32.39,75.89,582.0,10.697,137.484
724,Himachal Pradesh,Kangra,32.39,75.94,755.0,19.972,294.847
725,Himachal Pradesh,Kinnaur,31.5085,77.9697,3351.0,30.619,153.572
726,Himachal Pradesh,Kinnaur,31.529,77.9162,2062.0,19.243,187.808
727,Himachal Pradesh,Kinnaur,31.5393,77.9861,2765.0,41.962,56.328
728,Himachal Pradesh,Kinnaur,31.5459,77.9135,1610.0,24.8,258.79
729,Himachal Pradesh,Kinnaur,31.5471,77.9101,1762.0,48.855,72.411
730,Himachal Pradesh,Kinnaur,31.5521,77.9635,2160.0,24.134,222.11
731,Himachal Pradesh,Kinnaur,31.5523,77.9152,1550.0,29.261,226.416
732,Himachal Pradesh,Kinnaur,31.5608,77.9771,1793.0,41.128,170.97
733,Himachal Pradesh,Kinnaur,31.5625,77.98194444,1572.0,40.926,178.955
734,Himachal Pradesh,Kinnaur,31.5634,77.9697,1664.0,43.882,178.115
735,Himachal Pradesh,Kinnaur,31.5659,77.9139,2195.0,40.213,322.334
736,Himachal Pradesh,Kinnaur,31.5679,77.9892,1701.0,35.434,42.392
737,Himachal Pradesh,Kinnaur,31.5705,77.8968,1577.0,53.911,333.774
738,Himachal Pradesh,Kinnaur,31.5742,77.9422,1711.0,40.862,303.392
739,Himachal Pradesh,Kinnaur,31.578054,77.847901,1385.0,45.471,37.733
740,Himachal Pradesh,Kinnaur,31.5857,77.9423,1940.0,48.017,274.869
741,Himachal Pradesh,Kinnaur,31.90333333,78.63166667,3781.0,28.982,239.279
742,Himachal Pradesh,Kullu,31.40355556,77.4475,2006.0,26.668,41.306
743,Himachal Pradesh,Kullu,31.404009,77.413987,1898.0,33.954,317.769
744,Himachal Pradesh,Kullu,31.44175,77.425528,1259.0,14.287,277.092
745,Himachal Pradesh,Kullu,31.507,77.409,2063.0,27.125,274.022
746,Himachal Pradesh,Kullu,31.519512,77.417872,2366.0,20.387,345.214
747,Himachal Pradesh,Kullu,31.522011,77.686259,2060.0,40.511,31.613
748,Himachal Pradesh,Kullu,31.522647,77.402893,2529.0,18.759,263.164
749,Himachal Pradesh,Kullu,31.528093,77.564507,1661.0,35.494,24.909
750,Himachal Pradesh,Kullu,31.533,77.574,1713.0,10.977,282.029
751,Himachal Pradesh,Kullu,31.533677,77.393729,2785.0,27.428,20.818
752,Himachal Pradesh,Kullu,31.546743,77.566484,1886.0,35.207,83.421
753,Himachal Pradesh,Kullu,31.555057,77.527401,2464.0,44.649,327.751
754,Himachal Pradesh,Kullu,31.556553,77.664333,2795.0,31.065,120.962
755,Himachal Pradesh,Kullu,31.558414,77.370131,2468.0,32.594,274.028
756,Himachal Pradesh,Kullu,31.55925,77.368416,2369.0,33.952,263.873
757,Himachal Pradesh,Kullu,31.559267,77.368416,2369.0,33.971,263.493
758,Himachal Pradesh,Kullu,31.566679,77.371747,2607.0,27.646,274.919
759,Himachal Pradesh,Kullu,31.569,77.316,2466.0,24.832,358.694
760,Himachal Pradesh,Kullu,31.574,77.31,2559.0,22.641,266.913
761,Himachal Pradesh,Kullu,31.594,77.584,2493.0,33.84,82.3
762,Himachal Pradesh,Kullu,31.604115,77.375841,2984.0,55.814,313.35
763,Himachal Pradesh,Kullu,31.643344,77.389657,1538.0,38.758,342.009
764,Himachal Pradesh,Kullu,31.653166,77.385799,1568.0,45.851,248.784
765,Himachal Pradesh,Kullu,31.659024,77.387225,1594.0,25.408,268.916
766,Himachal Pradesh,Kullu,31.664402,77.335612,1459.0,34.559,245.744
767,Himachal Pradesh,Kullu,31.665,77.34027778,1692.0,28.652,228.88
768,Himachal Pradesh,Kullu,31.69202,77.307156,1542.0,32.113,19.149
769,Himachal Pradesh,Kullu,31.695367,77.279277,1157.0,26.441,307.238
770,Himachal Pradesh,Kullu,31.702517,77.276447,1274.0,33.608,31.62
771,Himachal Pradesh,Kullu,31.707404,77.310826,1985.0,33.299,98.652
772,Himachal Pradesh,Kullu,31.71194444,77.3125,2039.0,17.312,37.575
773,Himachal Pradesh,Kullu,31.71223611,77.31291389,2041.0,18.836,24.701
774,Himachal Pradesh,Kullu,31.712689,77.312981,2058.0,19.818,13.557
775,Himachal Pradesh,Kullu,31.759575,77.20756667,995.0,4.209,12.436
776,Himachal Pradesh,Kullu,31.78138889,77.33666667,1395.0,16.398,172.78
777,Himachal Pradesh,Kullu,31.847639,77.144861,1436.0,29.383,44.771
778,Himachal Pradesh,Kullu,31.850306,77.134917,1801.0,33.03,30.282
779,Himachal Pradesh,Kullu,31.850917,77.134167,1862.0,31.971,33.412
780,Himachal Pradesh,Kullu,31.85225,77.2395,1527.0,23.277,125.781
781,Himachal Pradesh,Kullu,31.959528,77.072056,1411.0,26.867,204.051
782,Himachal Pradesh,Kullu,31.961333,77.082861,1381.0,33.393,135.678
783,Himachal Pradesh,Kullu,31.961861,77.060889,1452.0,28.727,128.521
784,Himachal Pradesh,Kullu,31.963806,77.089167,1316.0,17.923,230.296
785,Himachal Pradesh,Kullu,32.0221,77.1396,1492.0,20.996,221.496
786,Himachal Pradesh,Kullu,32.025,77.1081,2032.0,41.442,143.983
787,Himachal Pradesh,Kullu,32.033,77.1365,1411.0,29.587,273.174
788,Himachal Pradesh,Kullu,32.0362,77.1472,1974.0,26.981,261.374
789,Himachal Pradesh,Kullu,32.0575,77.1641,2254.0,36.77,321.385
790,Himachal Pradesh,Kullu,32.0676,77.1316,1406.0,24.771,98.96
791,Himachal Pradesh,Kullu,32.0703,77.1577,2175.0,29.051,285.476
792,Himachal Pradesh,Kullu,32.0745,76.8585,2030.0,15.488,253.036
793,Himachal Pradesh,Kullu,32.0793,77.1531,1862.0,30.991,250.79
794,Himachal Pradesh,Kullu,32.0796,77.1557,1889.0,26.5,179.391
795,Himachal Pradesh,Kullu,32.0798,76.8577,2054.0,18.716,292.61
796,Himachal Pradesh,Kullu,32.1241,77.151,1518.0,23.594,48.839
797,Himachal Pradesh,Kullu,32.1401,77.1184,2067.0,36.955,30.04
798,Himachal Pradesh,Kullu,32.2179,77.1925,1781.0,8.63,34.036
799,Himachal Pradesh,Kullu,32.2524,77.1895,1936.0,7.169,302.386
800,Himachal Pradesh,Kullu,32.2809,77.1687,2160.0,26.596,94.115
801,Himachal Pradesh,Kullu,32.2829,77.1677,2186.0,24.251,114.756
802,Himachal Pradesh,Kullu,32.2956,77.1825,2202.0,28.32,249.509
803,Himachal Pradesh,Kullu,32.3145,77.1829,2427.0,19.059,57.789
804,Himachal Pradesh,Kullu,32.3196,77.1526,2540.0,29.624,110.821
805,Himachal Pradesh,Kullu,32.3312,77.2123,3046.0,24.569,228.083
806,Himachal Pradesh,Kullu,32.3463,77.1382,2795.0,35.793,355.348
807,Himachal Pradesh,Kullu,32.3516,77.1312,2845.0,27.989,308.711
808,Himachal Pradesh,Kullu,32.35410833,77.21353889,3370.0,25.993,326.959
809,Himachal Pradesh,Kullu,32.3547,77.223,3472.0,27.515,10.587
810,Himachal Pradesh,Kullu,32.35631667,77.22593889,3539.0,33.602,14.837
811,Himachal Pradesh,Kullu,32.3579,77.2162,3587.0,25.328,310.188
812,Himachal Pradesh,Lahaul,32.04823,78.2313,3500.0,38.477,312.261
813,Himachal Pradesh,Lahaul,32.04836,78.59797,3161.0,38.177,66.43
814,Himachal Pradesh,Lahaul,32.37843,77.93781,3838.0,26.827,261.316
815,Himachal Pradesh,Lahaul,32.38086,77.93791,3820.0,20.003,241.236
816,Himachal Pradesh,Lahaul,32.3934,77.2566,3364.0,15.133,131.632
817,Himachal Pradesh,Lahaul,32.4141,77.2416,3140.0,28.008,335.787
818,Himachal Pradesh,Lahaul,32.4144,77.2358,3119.0,6.611,158.453
819,Himachal Pradesh,Lahaul,32.4563,77.1572,3357.0,22.434,293.736
820,Himachal Pradesh,Lahaul,32.458,77.1425,3061.0,7.82,318.783
821,Himachal Pradesh,Lahaul,32.4655,77.137,3096.0,23.759,316.423
822,Himachal Pradesh,Lahaul,32.4813,77.1271,3072.0,11.612,280.07
823,Himachal Pradesh,Lahaul,32.4919,77.0936,3136.0,15.728,318.559
824,Himachal Pradesh,Lahaul,32.5013,77.0621,3206.0,28.28,342.129
825,Himachal Pradesh,Lahaul,32.64833333,76.87694444,3327.0,9.226,313.736
826,Himachal Pradesh,Lahaul,32.69951944,77.22338611,3633.0,27.22,95.01
827,Himachal Pradesh,Lahaul,32.74058889,77.24786667,3710.0,31.768,63.74
828,Himachal Pradesh,Mandi,31.289331,77.094557,1249.0,41.6,54.78
829,Himachal Pradesh,Mandi,31.302158,77.053029,832.0,30.338,333.888
830,Himachal Pradesh,Mandi,31.302194,77.022833,1203.0,33.721,237.428
831,Himachal Pradesh,Mandi,31.308051,76.983487,647.0,35.495,331.851
832,Himachal Pradesh,Mandi,31.313139,77.131,1599.0,11.987,109.785
833,Himachal Pradesh,Mandi,31.322694,77.03775,1603.0,28.708,114.209
834,Himachal Pradesh,Mandi,31.325518,77.029832,1809.0,24.426,106.076
835,Himachal Pradesh,Mandi,31.353679,77.012941,1958.0,24.501,12.666
836,Himachal Pradesh,Mandi,31.355139,77.01675,2037.0,37.169,8.377
837,Himachal Pradesh,Mandi,31.364056,77.020861,2132.0,19.016,111.402
838,Himachal Pradesh,Mandi,31.365167,77.065167,1847.0,21.851,265.503
839,Himachal Pradesh,Mandi,31.366101,76.879948,959.0,40.782,284.166
840,Himachal Pradesh,Mandi,31.373887,76.872571,704.0,43.252,310.49
841,Himachal Pradesh,Mandi,31.37664,76.879788,835.0,32.305,218.611
842,Himachal Pradesh,Mandi,31.384292,77.040894,1983.0,21.919,50.486
843,Himachal Pradesh,Mandi,31.384667,77.029833,2097.0,23.947,320.229
844,Himachal Pradesh,Mandi,31.397972,77.08575,2023.0,26.11,266.848
845,Himachal Pradesh,Mandi,31.399291,77.18943,1685.0,28.243,335.704
846,Himachal Pradesh,Mandi,31.399444,77.157833,1832.0,28.912,242.384
847,Himachal Pradesh,Mandi,31.42545,76.896104,623.0,22.804,38.753
848,Himachal Pradesh,Mandi,31.4255,76.917811,788.0,43.014,138.262
849,Himachal Pradesh,Mandi,31.432333,76.867957,1154.0,43.661,93.238
850,Himachal Pradesh,Mandi,31.433129,76.867694,1167.0,41.995,89.142
851,Himachal Pradesh,Mandi,31.433787,76.870047,1024.0,34.114,46.926
852,Himachal Pradesh,Mandi,31.435607,76.884127,981.0,35.706,0.839
853,Himachal Pradesh,Mandi,31.437806,76.915083,946.0,24.182,324.115
854,Himachal Pradesh,Mandi,31.438194,77.060472,2175.0,26.276,110.225
855,Himachal Pradesh,Mandi,31.440618,76.851247,645.0,24.98,79.445
856,Himachal Pradesh,Mandi,31.448762,76.863025,742.0,25.023,191.054
857,Himachal Pradesh,Mandi,31.451389,77.037222,2205.0,20.678,1.599
858,Himachal Pradesh,Mandi,31.451944,77.049722,2253.0,30.35,273.518
859,Himachal Pradesh,Mandi,31.45475,77.04325,2219.0,26.06,317.288
860,Himachal Pradesh,Mandi,31.465122,76.943879,1591.0,24.288,104.409
861,Himachal Pradesh,Mandi,31.466806,77.023694,2089.0,24.433,300.937
862,Himachal Pradesh,Mandi,31.476072,76.972735,1361.0,10.286,15.141
863,Himachal Pradesh,Mandi,31.476556,76.982306,1696.0,36.693,301.223
864,Himachal Pradesh,Mandi,31.483667,76.979833,1765.0,30.909,349.354
865,Himachal Pradesh,Mandi,31.491389,77.018611,1845.0,23.618,230.441
866,Himachal Pradesh,Mandi,31.49602,76.930852,1130.0,29.696,163.913
867,Himachal Pradesh,Mandi,31.50016194,76.87331194,872.0,24.622,270.0
868,Himachal Pradesh,Mandi,31.500456,76.873523,886.0,25.628,272.146
869,Himachal Pradesh,Mandi,31.523,77.292,2690.0,25.53,298.047
870,Himachal Pradesh,Mandi,31.542453,76.835807,1261.0,15.419,6.584
871,Himachal Pradesh,Mandi,31.546056,77.076611,1843.0,23.989,136.612
872,Himachal Pradesh,Mandi,31.546611,77.20825,1934.0,9.7,139.645
873,Himachal Pradesh,Mandi,31.558722,77.194167,1848.0,12.149,191.296
874,Himachal Pradesh,Mandi,31.567583,77.167417,1993.0,34.009,183.135
875,Himachal Pradesh,Mandi,31.569361,76.819838,1419.0,14.962,114.846
876,Himachal Pradesh,Mandi,31.573917,77.155611,2111.0,29.752,128.373
877,Himachal Pradesh,Mandi,31.579519,76.989374,1214.0,24.321,207.814
878,Himachal Pradesh,Mandi,31.584163,76.790932,1121.0,27.55,277.918
879,Himachal Pradesh,Mandi,31.590036,76.809541,1211.0,20.737,4.793
880,Himachal Pradesh,Mandi,31.59263,76.809827,1247.0,24.24,79.656
881,Himachal Pradesh,Mandi,31.596669,76.819335,1307.0,20.045,350.012
882,Himachal Pradesh,Mandi,31.610444,77.065111,1165.0,22.707,135.106
883,Himachal Pradesh,Mandi,31.610444,77.065111,1165.0,22.707,135.106
884,Himachal Pradesh,Mandi,31.610519,77.266669,2641.0,28.834,13.857
885,Himachal Pradesh,Mandi,31.616722,77.065,1092.0,30.597,58.902
886,Himachal Pradesh,Mandi,31.621139,77.06725,1107.0,27.72,48.839
887,Himachal Pradesh,Mandi,31.621741,76.825403,1337.0,18.883,41.538
888,Himachal Pradesh,Mandi,31.623806,77.19325,2579.0,30.888,238.796
889,Himachal Pradesh,Mandi,31.636746,76.841414,1367.0,20.042,18.551
890,Himachal Pradesh,Mandi,31.642319,76.874738,1031.0,15.722,340.284
891,Himachal Pradesh,Mandi,31.648889,77.123333,1597.0,35.188,327.908
892,Himachal Pradesh,Mandi,31.648889,77.123333,1597.0,35.188,327.908
893,Himachal Pradesh,Mandi,31.64925,77.122333,1590.0,31.442,327.653
894,Himachal Pradesh,Mandi,31.652056,77.123333,1593.0,19.781,255.536
895,Himachal Pradesh,Mandi,31.653028,77.117917,1495.0,43.961,341.828
896,Himachal Pradesh,Mandi,31.656333,77.102417,1353.0,33.409,282.586
897,Himachal Pradesh,Mandi,31.659333,77.103639,1373.0,29.947,312.105
898,Himachal Pradesh,Mandi,31.662,76.901,933.0,1.828,55.748
899,Himachal Pradesh,Mandi,31.674453,77.29229,1185.0,25.888,108.9
900,Himachal Pradesh,Mandi,31.67725,77.07725,991.0,24.731,63.349
901,Himachal Pradesh,Mandi,31.684611,77.080417,1254.0,29.48,30.899
902,Himachal Pradesh,Mandi,31.689194,77.084639,1404.0,35.44,11.986
903,Himachal Pradesh,Mandi,31.68921944,77.04186111,862.0,19.651,97.953
904,Himachal Pradesh,Mandi,31.689389,77.086389,1439.0,41.895,350.517
905,Himachal Pradesh,Mandi,31.692658,76.92238,897.0,22.667,93.083
906,Himachal Pradesh,Mandi,31.699889,76.721444,1010.0,16.399,218.89
907,Himachal Pradesh,Mandi,31.70522,76.933442,781.0,20.107,104.931
908,Himachal Pradesh,Mandi,31.707092,76.961163,856.0,22.163,321.527
909,Himachal Pradesh,Mandi,31.710319,77.251154,1088.0,30.88,159.86
910,Himachal Pradesh,Mandi,31.712599,77.251876,1049.0,20.13,340.653
911,Himachal Pradesh,Mandi,31.725472,77.220556,990.0,20.513,24.162
912,Himachal Pradesh,Mandi,31.729083,77.227028,1026.0,28.795,65.884
913,Himachal Pradesh,Mandi,31.73972222,76.75388889,964.0,21.277,129.373
914,Himachal Pradesh,Mandi,31.754244,76.875833,1219.0,14.494,146.515
915,Himachal Pradesh,Mandi,31.75555556,77.11,2511.0,21.117,162.488
916,Himachal Pradesh,Mandi,31.764087,76.857922,1225.0,29.515,66.132
917,Himachal Pradesh,Mandi,31.76694,76.7675,1061.0,27.209,307.701
918,Himachal Pradesh,Mandi,31.770444,77.174167,1837.0,27.252,100.044
919,Himachal Pradesh,Mandi,31.772,76.951,1078.0,22.69,29.525
920,Himachal Pradesh,Mandi,31.77203,76.979781,1046.0,32.551,62.328
921,Himachal Pradesh,Mandi,31.775934,76.982092,1000.0,28.96,76.864
922,Himachal Pradesh,Mandi,31.779084,76.910045,967.0,26.484,131.154
923,Himachal Pradesh,Mandi,31.78083,76.77722,1015.0,27.187,279.056
924,Himachal Pradesh,Mandi,31.781418,76.756217,887.0,21.164,280.697
925,Himachal Pradesh,Mandi,31.786667,77.073111,1551.0,32.583,327.493
926,Himachal Pradesh,Mandi,31.791944,77.062778,1473.0,33.883,326.034
927,Himachal Pradesh,Mandi,31.79273,76.75188,686.0,22.459,265.638
928,Himachal Pradesh,Mandi,31.79865,76.75331,668.0,19.704,19.841
929,Himachal Pradesh,Mandi,31.800152,76.95474,1259.0,16.854,301.26
930,Himachal Pradesh,Mandi,31.8027,76.76624,685.0,23.122,182.128
931,Himachal Pradesh,Mandi,31.80557,76.76895,706.0,31.227,276.38
932,Himachal Pradesh,Mandi,31.80641,76.85201,885.0,29.721,270.902
933,Himachal Pradesh,Mandi,31.81234,76.77314,647.0,10.504,289.825
934,Himachal Pradesh,Mandi,31.815472,76.727333,859.0,7.794,62.65
935,Himachal Pradesh,Mandi,31.81645,76.77537,647.0,24.013,171.127
936,Himachal Pradesh,Mandi,31.81707,76.76057,839.0,12.006,216.622
937,Himachal Pradesh,Mandi,31.81717,76.77777,638.0,15.679,221.23
938,Himachal Pradesh,Mandi,31.823611,77.172778,1068.0,32.627,92.413
939,Himachal Pradesh,Mandi,31.830222,76.604833,873.0,4.694,236.833
940,Himachal Pradesh,Mandi,31.83195,76.78039,735.0,24.144,54.467
941,Himachal Pradesh,Mandi,31.83223,76.77492,826.0,13.848,221.667
942,Himachal Pradesh,Mandi,31.83253,76.78349,701.0,26.904,26.616
943,Himachal Pradesh,Mandi,31.83335,76.78524,684.0,20.476,18.148
944,Himachal Pradesh,Mandi,31.83368,76.78564,699.0,23.122,357.871
945,Himachal Pradesh,Mandi,31.84933,76.78247,1062.0,18.921,10.667
946,Himachal Pradesh,Mandi,31.84966,76.78436,1062.0,17.237,312.875
947,Himachal Pradesh,Mandi,31.85034,76.78274,1073.0,11.167,197.136
948,Himachal Pradesh,Mandi,31.85285,76.78841,1126.0,33.677,269.228
949,Himachal Pradesh,Mandi,31.85446,76.7907,1184.0,28.292,230.02
950,Himachal Pradesh,Mandi,31.856,76.79309,1207.0,20.283,256.649
951,Himachal Pradesh,Mandi,31.85961,76.78532,1287.0,22.167,39.494
952,Himachal Pradesh,Mandi,31.85979,76.78658,1267.0,25.525,22.806
953,Himachal Pradesh,Mandi,31.86,76.78702,1272.0,24.683,16.718
954,Himachal Pradesh,Mandi,31.86077,76.78314,1321.0,27.879,298.391
955,Himachal Pradesh,Mandi,31.869361,76.576,634.0,12.501,153.048
956,Himachal Pradesh,Mandi,31.871,76.936,1575.0,23.122,296.893
957,Himachal Pradesh,Mandi,31.877056,76.778528,1331.0,34.812,321.409
958,Himachal Pradesh,Mandi,31.884434,76.914288,1293.0,16.92,277.636
959,Himachal Pradesh,Mandi,31.885889,76.733222,791.0,15.934,259.118
960,Himachal Pradesh,Mandi,31.896111,76.736583,845.0,15.927,210.037
961,Himachal Pradesh,Mandi,31.9105,76.667972,887.0,22.494,283.806
962,Himachal Pradesh,Mandi,31.924028,76.689556,721.0,32.086,254.203
963,Himachal Pradesh,Mandi,31.924556,76.565,805.0,8.523,278.618
964,Himachal Pradesh,Mandi,31.9333,76.8765,1511.0,29.522,297.39
965,Himachal Pradesh,Mandi,31.9351,76.8765,1554.0,34.28,287.249
966,Himachal Pradesh,Mandi,31.94785,76.89723,1909.0,31.657,138.619
967,Himachal Pradesh,Mandi,31.9553,76.8537,1391.0,12.233,248.105
968,Himachal Pradesh,Mandi,31.965944,76.564194,797.0,13.585,260.37
969,Himachal Pradesh,Mandi,31.974,76.847,1409.0,16.243,38.164
970,Himachal Pradesh,Mandi,31.99,76.814,1347.0,13.879,1.228
971,Himachal Pradesh,Mandi,31.990222,76.619167,1115.0,11.287,134.239
972,Himachal Pradesh,Mandi,31.997,76.831,1802.0,33.063,9.365
973,Himachal Pradesh,Mandi,31.998167,76.779903,1234.0,22.131,329.477
974,Himachal Pradesh,Mandi,32.002,76.7715,1214.0,21.31,309.293
975,Himachal Pradesh,Mandi,32.0053,76.7721,1220.0,21.325,262.064
976,Himachal Pradesh,Mandi,32.0201,76.7798,1512.0,20.951,326.397
977,Himachal Pradesh,Mandi,32.0481,76.8344,1939.0,29.424,290.025
978,Himachal Pradesh,Mandi,32.05,76.74,2111.0,34.691,320.549
979,Himachal Pradesh,Mandi,32.0578,76.8183,2062.0,21.182,322.016
980,Himachal Pradesh,Shimla,30.759694,77.609639,1537.0,33.848,337.55
981,Himachal Pradesh,Shimla,30.767344,77.560942,2115.0,30.818,118.807
982,Himachal Pradesh,Shimla,30.768222,77.569083,1986.0,33.929,336.167
983,Himachal Pradesh,Shimla,30.771619,77.554289,2213.0,33.68,355.952
984,Himachal Pradesh,Shimla,30.8233,77.7506,955.0,38.253,18.97
985,Himachal Pradesh,Shimla,30.8235,77.7514,943.0,38.361,31.028
986,Himachal Pradesh,Shimla,30.8306,77.7571,935.0,33.681,98.527
987,Himachal Pradesh,Shimla,30.832486,77.586469,1822.0,33.67,94.253
988,Himachal Pradesh,Shimla,30.8371,77.6023,1805.0,28.099,215.314
989,Himachal Pradesh,Shimla,30.842864,77.598411,1527.0,28.607,245.683
990,Himachal Pradesh,Shimla,30.898306,77.626883,2013.0,24.388,83.172
991,Himachal Pradesh,Shimla,30.9051,77.7624,1970.0,27.899,305.829
992,Himachal Pradesh,Shimla,30.906,77.7937,1948.0,39.11,351.483
993,Himachal Pradesh,Shimla,30.916,77.8022,1837.0,19.252,133.984
994,Himachal Pradesh,Shimla,30.9166,77.7581,1956.0,30.271,33.788
995,Himachal Pradesh,Shimla,30.934269,77.597369,1370.0,22.127,203.53
996,Himachal Pradesh,Shimla,30.962953,77.587925,1669.0,24.76,142.993
997,Himachal Pradesh,Shimla,30.967364,77.321517,1219.0,38.513,106.055
998,Himachal Pradesh,Shimla,30.981986,77.683294,1925.0,33.376,354.524
999,Himachal Pradesh,Shimla,31.022861,77.214306,1875.0,28.162,333.86
1000,Himachal Pradesh,Shimla,31.035389,77.120861,1793.0,20.158,242.293
1001,Himachal Pradesh,Shimla,31.05175,77.154444,1800.0,22.828,45.231
1002,Himachal Pradesh,Shimla,31.053556,77.155,1780.0,24.975,101.683
1003,Himachal Pradesh,Shimla,31.056333,77.134361,1853.0,45.055,287.748
1004,Himachal Pradesh,Shimla,31.057,77.15025,1705.0,13.243,156.359
1005,Himachal Pradesh,Shimla,31.057389,77.132444,1812.0,32.196,336.96
1006,Himachal Pradesh,Shimla,31.05975,77.182861,1744.0,32.019,125.577
1007,Himachal Pradesh,Shimla,31.06,77.82216,1256.0,20.293,96.977
1008,Himachal Pradesh,Shimla,31.061194,77.149889,1670.0,19.363,88.535
1009,Himachal Pradesh,Shimla,31.0629,77.8214,1288.0,33.252,88.43
1010,Himachal Pradesh,Shimla,31.062944,77.336197,1857.0,29.963,220.91
1011,Himachal Pradesh,Shimla,31.068392,77.39164,1370.0,24.33,202.502
1012,Himachal Pradesh,Shimla,31.069028,77.168694,1722.0,25.378,246.566
1013,Himachal Pradesh,Shimla,31.0714,77.8118,1466.0,37.629,123.208
1014,Himachal Pradesh,Shimla,31.081616,77.185323,1901.0,43.874,99.139
1015,Himachal Pradesh,Shimla,31.08525,77.190972,1883.0,24.468,345.311
1016,Himachal Pradesh,Shimla,31.091306,77.729639,1888.0,36.668,32.372
1017,Himachal Pradesh,Shimla,31.0925,77.7918,1414.0,36.346,185.728
1018,Himachal Pradesh,Shimla,31.0926,77.7936,1411.0,31.443,172.607
1019,Himachal Pradesh,Shimla,31.094167,77.110528,1643.0,22.347,328.457
1020,Himachal Pradesh,Shimla,31.094278,77.737361,1862.0,34.862,34.382
1021,Himachal Pradesh,Shimla,31.0946,77.8298,2286.0,32.771,10.327
1022,Himachal Pradesh,Shimla,31.09527778,77.17333333,2087.0,17.324,306.183
1023,Himachal Pradesh,Shimla,31.095333,77.740444,1841.0,34.928,35.864
1024,Himachal Pradesh,Shimla,31.096874,77.421112,1377.0,24.619,327.453
1025,Himachal Pradesh,Shimla,31.097,77.813,1763.0,40.665,237.417
1026,Himachal Pradesh,Shimla,31.09768,77.64944,2264.0,21.401,126.58
1027,Himachal Pradesh,Shimla,31.09796,77.63983,2392.0,19.696,207.017
1028,Himachal Pradesh,Shimla,31.09796,77.63983,2392.0,19.696,207.017
1029,Himachal Pradesh,Shimla,31.0982,77.65271,2215.0,19.351,228.314
1030,Himachal Pradesh,Shimla,31.09853,77.64067,2390.0,20.233,221.981
1031,Himachal Pradesh,Shimla,31.098639,77.37999,2008.0,24.363,352.68
1032,Himachal Pradesh,Shimla,31.09941,77.65573,2205.0,22.873,196.618
1033,Himachal Pradesh,Shimla,31.09971,77.63147,2477.0,16.401,143.977
1034,Himachal Pradesh,Shimla,31.100106,77.406006,1506.0,22.042,21.27
1035,Himachal Pradesh,Shimla,31.100467,77.406944,1512.0,14.716,340.152
1036,Himachal Pradesh,Shimla,31.101,77.206139,2245.0,29.386,137.881
1037,Himachal Pradesh,Shimla,31.101723,77.372231,2064.0,30.92,335.142
1038,Himachal Pradesh,Shimla,31.102173,77.369621,2085.0,23.972,8.138
1039,Himachal Pradesh,Shimla,31.102497,77.3703,2096.0,27.033,5.901
1040,Himachal Pradesh,Shimla,31.1035,77.401056,1595.0,31.391,6.417
1041,Himachal Pradesh,Shimla,31.104056,77.401944,1619.0,31.039,19.875
1042,Himachal Pradesh,Shimla,31.1047,77.7585,1715.0,46.458,56.881
1043,Himachal Pradesh,Shimla,31.106083,77.11275,1990.0,21.93,203.823
1044,Himachal Pradesh,Shimla,31.106157,77.369286,2124.0,38.069,277.579
1045,Himachal Pradesh,Shimla,31.107083,77.387167,1765.0,27.395,355.355
1046,Himachal Pradesh,Shimla,31.1071,77.255264,2510.0,21.397,162.066
1047,Himachal Pradesh,Shimla,31.109556,77.251861,2508.0,33.883,90.766
1048,Himachal Pradesh,Shimla,31.1132,77.8314,2186.0,20.667,226.321
1049,Himachal Pradesh,Shimla,31.116238,77.521728,1698.0,31.165,188.983
1050,Himachal Pradesh,Shimla,31.117325,77.507385,1578.0,33.732,185.41
1051,Himachal Pradesh,Shimla,31.118194,77.237917,2444.0,25.318,313.875
1052,Himachal Pradesh,Shimla,31.118944,77.335991,2272.0,24.879,14.412
1053,Himachal Pradesh,Shimla,31.11918,77.70919,1725.0,25.5,155.984
1054,Himachal Pradesh,Shimla,31.12,77.8145,2340.0,30.474,22.544
1055,Himachal Pradesh,Shimla,31.1215,77.8138,2434.0,24.967,35.872
1056,Himachal Pradesh,Shimla,31.12551,77.74635,1507.0,32.531,147.676
1057,Himachal Pradesh,Shimla,31.128639,77.093028,1780.0,25.885,275.844
1058,Himachal Pradesh,Shimla,31.131778,77.109611,1766.0,18.634,13.499
1059,Himachal Pradesh,Shimla,31.132,77.108778,1777.0,14.603,26.301
1060,Himachal Pradesh,Shimla,31.132639,77.224444,2305.0,21.799,217.122
1061,Himachal Pradesh,Shimla,31.13437,77.74463,1449.0,14.551,233.962
1062,Himachal Pradesh,Shimla,31.134847,77.498431,1579.0,27.919,70.181
1063,Himachal Pradesh,Shimla,31.1366,77.7826,2053.0,19.567,200.752
1064,Himachal Pradesh,Shimla,31.138346,77.384682,2354.0,27.991,257.804
1065,Himachal Pradesh,Shimla,31.14225,77.221056,2284.0,23.612,332.083
1066,Himachal Pradesh,Shimla,31.142284,77.498573,1641.0,14.915,343.988
1067,Himachal Pradesh,Shimla,31.143389,77.216389,2249.0,20.063,320.785
1068,Himachal Pradesh,Shimla,31.145028,77.403833,2081.0,33.144,28.305
1069,Himachal Pradesh,Shimla,31.1463,77.7777,2213.0,29.432,44.236
1070,Himachal Pradesh,Shimla,31.148806,77.07625,1640.0,15.43,284.129
1071,Himachal Pradesh,Shimla,31.1541,77.7837,2441.0,25.174,12.905
1072,Himachal Pradesh,Shimla,31.154194,77.032944,1559.0,36.624,301.31
1073,Himachal Pradesh,Shimla,31.1549,77.7844,2452.0,28.299,66.395
1074,Himachal Pradesh,Shimla,31.161389,77.053167,1654.0,21.611,308.579
1075,Himachal Pradesh,Shimla,31.1617,77.7577,2158.0,30.688,2.535
1076,Himachal Pradesh,Shimla,31.161722,77.045528,1633.0,28.3,71.014
1077,Himachal Pradesh,Shimla,31.164972,77.232889,1171.0,21.333,107.398
1078,Himachal Pradesh,Shimla,31.1666,77.7634,2335.0,18.619,196.287
1079,Himachal Pradesh,Shimla,31.1684,77.767,2437.0,34.716,285.8
1080,Himachal Pradesh,Shimla,31.169361,77.036639,1576.0,17.181,100.039
1081,Himachal Pradesh,Shimla,31.182528,77.031278,1541.0,12.917,280.152
1082,Himachal Pradesh,Shimla,31.185091,77.359528,1797.0,10.948,234.514
1083,Himachal Pradesh,Shimla,31.1875,77.170472,1876.0,23.675,253.331
1084,Himachal Pradesh,Shimla,31.193417,77.212417,1109.0,37.633,134.352
1085,Himachal Pradesh,Shimla,31.201306,77.057139,1269.0,36.95,262.451
1086,Himachal Pradesh,Shimla,31.203,77.9897,3783.0,26.461,253.755
1087,Himachal Pradesh,Shimla,31.203194,77.136056,1571.0,31.822,15.711
1088,Himachal Pradesh,Shimla,31.205528,77.059861,1237.0,35.196,241.47
1089,Himachal Pradesh,Shimla,31.207278,77.068278,1202.0,26.933,245.449
1090,Himachal Pradesh,Shimla,31.2079,77.7975,1707.0,24.752,227.763
1091,Himachal Pradesh,Shimla,31.208306,77.202472,1301.0,40.701,346.225
1092,Himachal Pradesh,Shimla,31.2091,77.9937,3868.0,28.735,26.755
1093,Himachal Pradesh,Shimla,31.2106,77.9853,3665.0,29.848,321.513
1094,Himachal Pradesh,Shimla,31.2108,77.986,3697.0,29.896,323.578
1095,Himachal Pradesh,Shimla,31.2125,77.9966,3850.0,35.966,87.162
1096,Himachal Pradesh,Shimla,31.2133,77.9814,3681.0,33.768,329.3
1097,Himachal Pradesh,Shimla,31.213556,77.122222,1424.0,28.418,329.688
1098,Himachal Pradesh,Shimla,31.2143,77.7957,1598.0,14.882,11.398
1099,Himachal Pradesh,Shimla,31.216143,77.365433,2498.0,36.642,10.167
1100,Himachal Pradesh,Shimla,31.216203,77.371254,2512.0,27.275,320.835
1101,Himachal Pradesh,Shimla,31.2193,77.8303,1711.0,30.734,281.327
1102,Himachal Pradesh,Shimla,31.219667,77.124639,1349.0,34.754,156.819
1103,Himachal Pradesh,Shimla,31.22225,77.2165,1321.0,30.261,130.871
1104,Himachal Pradesh,Shimla,31.2247,77.845,1687.0,24.569,26.619
1105,Himachal Pradesh,Shimla,31.225944,77.134611,780.0,31.785,161.722
1106,Himachal Pradesh,Shimla,31.244083,77.179278,790.0,42.671,252.124
1107,Himachal Pradesh,Shimla,31.249,77.9008,2390.0,37.438,7.492
1108,Himachal Pradesh,Shimla,31.251583,77.464861,2700.0,8.602,146.241
1109,Himachal Pradesh,Shimla,31.258028,77.598556,2880.0,31.765,29.484
1110,Himachal Pradesh,Shimla,31.258722,77.515111,2259.0,31.925,199.202
1111,Himachal Pradesh,Shimla,31.25875,77.516278,2296.0,37.557,210.831
1112,Himachal Pradesh,Shimla,31.259861,77.300167,1061.0,28.25,194.15
1113,Himachal Pradesh,Shimla,31.265222,77.55075,2114.0,42.865,256.853
1114,Himachal Pradesh,Shimla,31.26925,77.451222,2396.0,30.841,149.891
1115,Himachal Pradesh,Shimla,31.276056,77.451972,2338.0,26.845,265.419
1116,Himachal Pradesh,Shimla,31.276389,77.448333,2196.0,15.284,270.0
1117,Himachal Pradesh,Shimla,31.277111,77.507194,2426.0,24.722,226.93
1118,Himachal Pradesh,Shimla,31.279389,77.620472,2268.0,28.267,234.216
1119,Himachal Pradesh,Shimla,31.285417,77.513333,2372.0,19.233,223.866
1120,Himachal Pradesh,Shimla,31.2896,77.8852,2130.0,45.327,243.352
1121,Himachal Pradesh,Shimla,31.289972,77.442917,2165.0,23.14,259.708
1122,Himachal Pradesh,Shimla,31.290667,77.451222,2153.0,23.68,95.878
1123,Himachal Pradesh,Shimla,31.3006,77.8016,2326.0,28.567,299.667
1124,Himachal Pradesh,Shimla,31.310833,77.539528,1576.0,34.948,74.34
1125,Himachal Pradesh,Shimla,31.3205,77.884,2329.0,36.978,44.289
1126,Himachal Pradesh,Shimla,31.3227,77.8874,2358.0,32.66,257.454
1127,Himachal Pradesh,Shimla,31.329444,77.611639,1442.0,31.196,92.976
1128,Himachal Pradesh,Shimla,31.331278,77.41675,1292.0,40.133,75.184
1129,Himachal Pradesh,Shimla,31.339056,77.394611,1447.0,37.198,230.273
1130,Himachal Pradesh,Shimla,31.344556,77.609028,1414.0,40.629,92.4
1131,Himachal Pradesh,Shimla,31.372889,77.718194,1806.0,23.565,68.239
1132,Himachal Pradesh,Shimla,31.377444,77.703889,2117.0,40.488,118.949
1133,Himachal Pradesh,Shimla,31.378306,77.7035,2112.0,40.947,109.978
1134,Himachal Pradesh,Shimla,31.3998,77.7807,2141.0,50.194,357.99
1135,Himachal Pradesh,Shimla,31.400028,77.429222,2120.0,25.612,267.315
1136,Himachal Pradesh,Shimla,31.403,77.7945,2249.0,38.679,350.923
1137,Himachal Pradesh,Shimla,31.4054,77.7749,2167.0,43.767,2.834
1138,Himachal Pradesh,Shimla,31.406,77.7573,1874.0,30.028,31.263
1139,Himachal Pradesh,Shimla,31.4125,77.7637,2183.0,41.064,39.814
1140,Himachal Pradesh,Shimla,31.414361,77.623056,934.0,24.646,301.913
1141,Himachal Pradesh,Shimla,31.415,77.7682,2122.0,35.161,42.837
1142,Himachal Pradesh,Shimla,31.4493,77.7752,2555.0,30.754,285.319
1143,Himachal Pradesh,Shimla,31.4674,77.7572,2057.0,25.987,96.348
1144,Himachal Pradesh,Shimla,31.4724,77.7515,2296.0,25.886,99.053
1145,Himachal Pradesh,Shimla,31.4825,77.7813,2093.0,34.508,281.303
1146,Himachal Pradesh,Shimla,31.4836,77.787,2238.0,29.912,2.099
1147,Himachal Pradesh,Shimla,31.48377222,77.69446667,1202.0,11.978,185.699
1148,Himachal Pradesh,Shimla,31.484361,77.693722,1192.0,18.772,164.726
1149,Himachal Pradesh,Shimla,31.486889,77.693083,1175.0,17.103,282.648
1150,Himachal Pradesh,Shimla,31.488833,77.748639,2106.0,20.526,87.25
1151,Himachal Pradesh,Shimla,31.494694,77.696083,1099.0,51.731,53.721
1152,Himachal Pradesh,Shimla,31.516133,77.753339,1359.0,25.006,123.291
1153,Himachal Pradesh,Shimla,31.542803,77.77108,1561.0,40.319,153.44
1154,Himachal Pradesh,Shimla,31.578991,77.740336,2147.0,20.671,180.0
1155,Himachal Pradesh,Shimla,31.61025,77.723806,2301.0,23.874,144.276
1156,Himachal Pradesh,Sirmur,30.448658,77.379747,427.0,10.124,97.225
1157,Himachal Pradesh,Sirmur,30.454318,77.374081,454.0,13.923,59.514
1158,Himachal Pradesh,Sirmur,30.467475,77.39639,458.0,18.809,251.549
1159,Himachal Pradesh,Sirmur,30.517019,77.272756,447.0,10.083,284.631
1160,Himachal Pradesh,Sirmur,30.520144,77.277889,438.0,15.791,115.393
1161,Himachal Pradesh,Sirmur,30.52474,77.459892,537.0,13.815,58.014
1162,Himachal Pradesh,Sirmur,30.525249,77.472139,546.0,28.941,341.87
1163,Himachal Pradesh,Sirmur,30.525856,77.470907,562.0,31.833,328.618
1164,Himachal Pradesh,Sirmur,30.526138,77.470413,560.0,30.085,322.262
1165,Himachal Pradesh,Sirmur,30.529605,77.468104,539.0,16.609,51.875
1166,Himachal Pradesh,Sirmur,30.532209,77.250743,437.0,11.963,347.203
1167,Himachal Pradesh,Sirmur,30.53231,77.283089,465.0,14.564,51.512
1168,Himachal Pradesh,Sirmur,30.536602,77.158932,395.0,8.923,346.557
1169,Himachal Pradesh,Sirmur,30.546948,77.817488,645.0,36.021,81.832
1170,Himachal Pradesh,Sirmur,30.547872,77.722184,995.0,28.079,46.339
1171,Himachal Pradesh,Sirmur,30.548739,77.685628,1112.0,29.518,61.058
1172,Himachal Pradesh,Sirmur,30.551531,77.654451,650.0,34.921,355.716
1173,Himachal Pradesh,Sirmur,30.55236,77.630377,581.0,24.965,173.568
1174,Himachal Pradesh,Sirmur,30.556238,77.619771,729.0,22.311,5.105
1175,Himachal Pradesh,Sirmur,30.557803,77.780068,592.0,34.232,209.382
1176,Himachal Pradesh,Sirmur,30.558109,77.7811,608.0,36.602,214.67
1177,Himachal Pradesh,Sirmur,30.558135,77.551492,833.0,31.882,98.304
1178,Himachal Pradesh,Sirmur,30.56023056,77.64343333,618.0,24.997,337.643
1179,Himachal Pradesh,Sirmur,30.560251,77.747453,1199.0,35.419,309.635
1180,Himachal Pradesh,Sirmur,30.561102,77.553012,748.0,28.942,89.069
1181,Himachal Pradesh,Sirmur,30.564892,77.17274,407.0,5.075,324.026
1182,Himachal Pradesh,Sirmur,30.565364,77.177537,465.0,11.028,352.309
1183,Himachal Pradesh,Sirmur,30.565619,77.385726,998.0,23.671,56.406
1184,Himachal Pradesh,Sirmur,30.56571,77.648572,756.0,28.332,85.221
1185,Himachal Pradesh,Sirmur,30.566166,77.570773,591.0,12.626,190.737
1186,Himachal Pradesh,Sirmur,30.566663,77.399032,783.0,29.39,55.515
1187,Himachal Pradesh,Sirmur,30.567039,77.237415,507.0,3.198,27.83
1188,Himachal Pradesh,Sirmur,30.56707,77.380899,952.0,21.882,40.496
1189,Himachal Pradesh,Sirmur,30.567458,77.766471,603.0,22.653,90.617
1190,Himachal Pradesh,Sirmur,30.568351,77.187204,454.0,11.638,69.578
1191,Himachal Pradesh,Sirmur,30.568784,77.497862,779.0,21.094,253.772
1192,Himachal Pradesh,Sirmur,30.569842,77.476005,1042.0,34.13,16.085
1193,Himachal Pradesh,Sirmur,30.570745,77.189116,436.0,12.776,75.077
1194,Himachal Pradesh,Sirmur,30.570842,77.326262,772.0,19.703,315.636
1195,Himachal Pradesh,Sirmur,30.571093,77.629904,826.0,36.877,345.914
1196,Himachal Pradesh,Sirmur,30.571409,77.55816,641.0,34.189,331.568
1197,Himachal Pradesh,Sirmur,30.576191,77.304949,739.0,10.606,41.963
1198,Himachal Pradesh,Sirmur,30.578562,77.737415,1385.0,28.148,150.82
1199,Himachal Pradesh,Sirmur,30.579006,77.488884,800.0,35.982,92.837
1200,Himachal Pradesh,Sirmur,30.580003,77.306849,739.0,16.727,45.378
1201,Himachal Pradesh,Sirmur,30.580069,77.733593,1256.0,40.988,205.232
1202,Himachal Pradesh,Sirmur,30.58039,77.554812,949.0,39.284,296.76
1203,Himachal Pradesh,Sirmur,30.581942,77.553009,934.0,34.641,291.75
1204,Himachal Pradesh,Sirmur,30.582889,77.47487,767.0,23.601,192.412
1205,Himachal Pradesh,Sirmur,30.584164,77.296146,831.0,24.532,296.917
1206,Himachal Pradesh,Sirmur,30.585005,77.622296,988.0,35.17,318.777
1207,Himachal Pradesh,Sirmur,30.585161,77.744139,957.0,36.036,143.979
1208,Himachal Pradesh,Sirmur,30.58601,77.497446,616.0,20.528,220.912
1209,Himachal Pradesh,Sirmur,30.586342,77.537132,963.0,36.1,302.403
1210,Himachal Pradesh,Sirmur,30.587111,77.741816,886.0,32.515,157.375
1211,Himachal Pradesh,Sirmur,30.588312,77.49624,705.0,38.419,40.637
1212,Himachal Pradesh,Sirmur,30.58992778,77.65168056,1109.0,26.812,336.257
1213,Himachal Pradesh,Sirmur,30.592253,77.511167,727.0,26.749,3.561
1214,Himachal Pradesh,Sirmur,30.592306,77.46919,798.0,29.954,37.346
1215,Himachal Pradesh,Sirmur,30.592505,77.198119,483.0,14.386,356.501
1216,Himachal Pradesh,Sirmur,30.592774,77.712653,1392.0,32.674,130.114
1217,Himachal Pradesh,Sirmur,30.592957,77.50229,782.0,31.357,39.955
1218,Himachal Pradesh,Sirmur,30.593993,77.296802,951.0,18.693,306.683
1219,Himachal Pradesh,Sirmur,30.595264,77.457866,673.0,26.737,312.658
1220,Himachal Pradesh,Sirmur,30.595658,77.700842,1545.0,32.787,136.484
1221,Himachal Pradesh,Sirmur,30.596311,77.285489,1078.0,18.116,347.098
1222,Himachal Pradesh,Sirmur,30.597011,77.691497,1651.0,31.422,179.021
1223,Himachal Pradesh,Sirmur,30.597663,77.292783,1055.0,31.953,34.092
1224,Himachal Pradesh,Sirmur,30.597859,77.393373,737.0,23.408,189.715
1225,Himachal Pradesh,Sirmur,30.598333,77.456253,752.0,28.984,333.117
1226,Himachal Pradesh,Sirmur,30.599502,77.322055,1197.0,23.759,180.679
1227,Himachal Pradesh,Sirmur,30.600043,77.389038,917.0,26.845,106.498
1228,Himachal Pradesh,Sirmur,30.600488,77.455023,891.0,28.343,340.209
1229,Himachal Pradesh,Sirmur,30.602615,77.403778,721.0,23.163,355.803
1230,Himachal Pradesh,Sirmur,30.603572,77.725189,950.0,39.574,33.753
1231,Himachal Pradesh,Sirmur,30.604016,77.490669,882.0,33.523,8.152
1232,Himachal Pradesh,Sirmur,30.605298,77.419272,806.0,27.944,21.346
1233,Himachal Pradesh,Sirmur,30.607565,77.445101,752.0,35.363,359.579
1234,Himachal Pradesh,Sirmur,30.608075,77.495495,1260.0,31.533,322.239
1235,Himachal Pradesh,Sirmur,30.60813889,77.28898889,1205.0,24.86,303.542
1236,Himachal Pradesh,Sirmur,30.608342,77.481049,956.0,29.449,310.718
1237,Himachal Pradesh,Sirmur,30.608982,77.757142,941.0,31.231,0.0
1238,Himachal Pradesh,Sirmur,30.610916,77.3749,837.0,30.904,111.111
1239,Himachal Pradesh,Sirmur,30.612887,77.370368,805.0,26.293,180.0
1240,Himachal Pradesh,Sirmur,30.614221,77.493873,1418.0,44.133,312.526
1241,Himachal Pradesh,Sirmur,30.615065,77.766885,872.0,44.609,78.177
1242,Himachal Pradesh,Sirmur,30.615243,77.441305,672.0,28.574,63.026
1243,Himachal Pradesh,Sirmur,30.615398,77.395485,981.0,27.752,314.425
1244,Himachal Pradesh,Sirmur,30.61546,77.438366,811.0,31.709,26.597
1245,Himachal Pradesh,Sirmur,30.61551,77.483981,1368.0,41.965,353.669
1246,Himachal Pradesh,Sirmur,30.615636,77.483127,1371.0,45.685,347.941
1247,Himachal Pradesh,Sirmur,30.615639,77.483592,1379.0,44.798,352.146
1248,Himachal Pradesh,Sirmur,30.616294,77.378369,824.0,29.09,286.896
1249,Himachal Pradesh,Sirmur,30.616979,77.37327,780.0,25.303,25.502
1250,Himachal Pradesh,Sirmur,30.617212,77.374076,763.0,23.191,34.082
1251,Himachal Pradesh,Sirmur,30.61805,77.376938,816.0,21.547,306.264
1252,Himachal Pradesh,Sirmur,30.621144,77.357198,809.0,33.371,159.109
1253,Himachal Pradesh,Sirmur,30.621326,77.767548,932.0,22.682,87.536
1254,Himachal Pradesh,Sirmur,30.621682,77.285782,1284.0,18.732,260.085
1255,Himachal Pradesh,Sirmur,30.62315,77.431452,1044.0,27.022,105.844
1256,Himachal Pradesh,Sirmur,30.625873,77.739205,1377.0,26.074,195.466
1257,Himachal Pradesh,Sirmur,30.625875,77.190204,560.0,17.688,273.23
1258,Himachal Pradesh,Sirmur,30.627188,77.465038,837.0,33.047,52.588
1259,Himachal Pradesh,Sirmur,30.631394,77.475749,932.0,37.831,222.238
1260,Himachal Pradesh,Sirmur,30.644488,77.774026,1046.0,36.077,150.369
1261,Himachal Pradesh,Sirmur,30.648535,77.441542,1183.0,22.971,340.576
1262,Himachal Pradesh,Sirmur,30.648912,77.658136,1088.0,20.892,136.851
1263,Himachal Pradesh,Sirmur,30.653296,77.767848,749.0,19.767,359.168
1264,Himachal Pradesh,Sirmur,30.65704,77.224474,1382.0,31.317,144.298
1265,Himachal Pradesh,Sirmur,30.657058,77.789386,704.0,28.035,15.935
1266,Himachal Pradesh,Sirmur,30.66285,77.679174,1501.0,34.076,76.562
1267,Himachal Pradesh,Sirmur,30.665618,77.427879,1341.0,39.579,327.953
1268,Himachal Pradesh,Sirmur,30.667588,77.667401,1342.0,35.435,266.381
1269,Himachal Pradesh,Sirmur,30.668724,77.688054,1589.0,19.81,312.325
1270,Himachal Pradesh,Sirmur,30.674109,77.692476,1671.0,30.218,64.903
1271,Himachal Pradesh,Sirmur,30.676765,77.692873,1693.0,30.032,67.14
1272,Himachal Pradesh,Sirmur,30.690784,77.695169,2031.0,26.926,279.159
1273,Himachal Pradesh,Sirmur,30.69744,77.666865,2223.0,35.843,325.162
1274,Himachal Pradesh,Sirmur,30.697882,77.401767,1208.0,29.482,23.987
1275,Himachal Pradesh,Sirmur,30.698436,77.386015,920.0,43.394,21.386
1276,Himachal Pradesh,Sirmur,30.698511,77.403403,1238.0,32.836,354.426
1277,Himachal Pradesh,Sirmur,30.698544,77.665919,2265.0,33.419,330.607
1278,Himachal Pradesh,Sirmur,30.69914,77.402305,1276.0,27.032,354.124
1279,Himachal Pradesh,Sirmur,30.70086,77.661464,2428.0,28.378,11.151
1280,Himachal Pradesh,Sirmur,30.710037,77.380767,1482.0,33.172,14.344
1281,Himachal Pradesh,Sirmur,30.712014,77.38795,1245.0,33.97,359.556
1282,Himachal Pradesh,Sirmur,30.713057,77.386936,1319.0,34.175,2.646
1283,Himachal Pradesh,Sirmur,30.71638889,77.22888889,1247.0,19.76,53.12
1284,Himachal Pradesh,Sirmur,30.722552,77.367069,1475.0,38.73,19.802
1285,Himachal Pradesh,Sirmur,30.723534,77.675492,1999.0,39.194,107.304
1286,Himachal Pradesh,Sirmur,30.72611,77.332449,972.0,33.9,340.467
1287,Himachal Pradesh,Sirmur,30.730258,77.678059,1986.0,41.984,109.84
1288,Himachal Pradesh,Sirmur,30.731873,77.355672,1655.0,34.149,359.117
1289,Himachal Pradesh,Sirmur,30.732812,77.675608,2039.0,25.024,85.032
1290,Himachal Pradesh,Sirmur,30.733797,77.675748,2056.0,24.019,85.375
1291,Himachal Pradesh,Sirmur,30.733869,77.329447,1004.0,31.893,303.764
1292,Himachal Pradesh,Sirmur,30.737838,77.675959,1969.0,31.588,102.23
1293,Himachal Pradesh,Sirmur,30.756844,77.317569,959.0,34.43,248.473
1294,Himachal Pradesh,Sirmur,30.761308,77.603703,1593.0,23.923,32.82
1295,Himachal Pradesh,Sirmur,30.762094,77.437281,1747.0,32.921,106.111
1296,Himachal Pradesh,Sirmur,30.769636,77.300794,814.0,29.786,279.485
1297,Himachal Pradesh,Sirmur,30.79053,77.299,1015.0,16.57,255.13
1298,Himachal Pradesh,Sirmur,30.801506,77.260769,987.0,22.686,120.331
1299,Himachal Pradesh,Sirmur,30.808833,77.458667,1897.0,19.79,214.528
1300,Himachal Pradesh,Sirmur,30.847778,77.297667,1587.0,16.237,261.128
1301,Himachal Pradesh,Sirmur,30.877289,77.266139,1412.0,28.461,227.199
1302,Himachal Pradesh,Sirmur,30.889944,77.344389,1792.0,17.564,353.353
1303,Himachal Pradesh,Sirmur,30.953506,77.327781,1261.0,31.058,122.479
1304,Himachal Pradesh,Sirmur,30.95365,77.327764,1258.0,30.668,122.019
1305,Himachal Pradesh,Sirmur,30.953656,77.327689,1261.0,31.516,121.337
1306,Himachal Pradesh,Sirmur,30.9537,77.327589,1265.0,32.537,120.458
1307,Himachal Pradesh,Sirmur,30.961372,77.326417,1245.0,38.562,285.021
1308,Himachal Pradesh,Sirmur,30.964125,77.325186,1135.0,10.211,278.605
1309,Himachal Pradesh,Sirmur,30.964175,77.325281,1139.0,13.411,278.668
1310,Himachal Pradesh,Sirmur,30.971519,77.323575,1135.0,30.662,331.501
1311,Himachal Pradesh,Solan,30.083917,79.799694,2175.0,22.23,102.052
1312,Himachal Pradesh,Solan,30.709138,77.195191,1616.0,3.511,137.062
1313,Himachal Pradesh,Solan,30.784137,77.141954,1743.0,17.207,101.715
1314,Himachal Pradesh,Solan,30.788977,77.134107,1664.0,11.39,224.485
1315,Himachal Pradesh,Solan,30.808098,77.115981,1503.0,30.949,291.071
1316,Himachal Pradesh,Solan,30.811467,77.113814,1491.0,25.065,322.855
1317,Himachal Pradesh,Solan,30.811624,77.124285,1518.0,28.118,93.373
1318,Himachal Pradesh,Solan,30.811938,77.186154,1341.0,11.255,227.38
1319,Himachal Pradesh,Solan,30.817883,77.002769,1351.0,18.344,225.219
1320,Himachal Pradesh,Solan,30.819357,77.101985,1413.0,29.709,315.108
1321,Himachal Pradesh,Solan,30.820494,77.100911,1429.0,35.458,319.74
1322,Himachal Pradesh,Solan,30.823072,77.020249,1442.0,7.811,262.474
1323,Himachal Pradesh,Solan,30.82874,76.990386,1084.0,27.186,211.976
1324,Himachal Pradesh,Solan,30.8359,76.9796,855.0,34.591,355.214
1325,Himachal Pradesh,Solan,30.836,77.250384,1026.0,28.325,338.956
1326,Himachal Pradesh,Solan,30.83645,76.982895,919.0,23.975,328.039
1327,Himachal Pradesh,Solan,30.837003,77.248815,1065.0,35.148,334.944
1328,Himachal Pradesh,Solan,30.838323,77.059828,1428.0,24.343,325.489
1329,Himachal Pradesh,Solan,30.842717,77.16416,1013.0,17.252,43.683
1330,Himachal Pradesh,Solan,30.844873,76.998686,871.0,29.484,229.352
1331,Himachal Pradesh,Solan,30.845193,77.18806,1108.0,23.007,273.639
1332,Himachal Pradesh,Solan,30.848116,77.160188,1159.0,19.822,115.857
1333,Himachal Pradesh,Solan,30.85055,76.99801667,1031.0,30.945,54.245
1334,Himachal Pradesh,Solan,30.851205,77.238581,999.0,30.131,342.152
1335,Himachal Pradesh,Solan,30.856188,77.046687,1214.0,23.907,151.828
1336,Himachal Pradesh,Solan,30.860287,77.008933,970.0,14.816,60.5
1337,Himachal Pradesh,Solan,30.86112,77.005487,988.0,13.556,306.591
1338,Himachal Pradesh,Solan,30.8649,77.032752,1209.0,21.719,204.03
1339,Himachal Pradesh,Solan,30.870571,77.082666,1389.0,20.278,335.749
1340,Himachal Pradesh,Solan,30.870602,77.136248,1349.0,13.789,320.233
1341,Himachal Pradesh,Solan,30.870987,76.996028,1161.0,18.773,162.067
1342,Himachal Pradesh,Solan,30.872072,77.205302,1040.0,37.003,48.583
1343,Himachal Pradesh,Solan,30.872208,77.092553,1661.0,32.804,329.778
1344,Himachal Pradesh,Solan,30.873126,77.089995,1649.0,29.875,331.13
1345,Himachal Pradesh,Solan,30.87398,77.045171,1409.0,20.29,304.819
1346,Himachal Pradesh,Solan,30.874809,77.226634,1078.0,39.218,276.32
1347,Himachal Pradesh,Solan,30.87498,77.044745,1425.0,26.03,299.778
1348,Himachal Pradesh,Solan,30.875108,77.210774,1003.0,18.66,42.987
1349,Himachal Pradesh,Solan,30.875108,77.210774,1003.0,18.66,42.987
1350,Himachal Pradesh,Solan,30.876069,77.00195,1230.0,14.848,56.006
1351,Himachal Pradesh,Solan,30.876389,77.086098,1684.0,27.475,314.397
1352,Himachal Pradesh,Solan,30.879744,77.08285,1694.0,32.164,326.684
1353,Himachal Pradesh,Solan,30.880362,77.080617,1685.0,25.733,348.094
1354,Himachal Pradesh,Solan,30.880846,77.224926,1223.0,38.684,324.428
1355,Himachal Pradesh,Solan,30.88272,77.201607,1184.0,20.369,117.369
1356,Himachal Pradesh,Solan,30.88309,77.075793,1672.0,24.839,358.056
1357,Himachal Pradesh,Solan,30.884103,76.954557,1248.0,37.442,266.3
1358,Himachal Pradesh,Solan,30.884699,77.090993,1520.0,19.792,133.351
1359,Himachal Pradesh,Solan,30.887145,77.073009,1689.0,30.063,327.759
1360,Himachal Pradesh,Solan,30.888215,77.057795,1618.0,7.637,33.126
1361,Himachal Pradesh,Solan,30.888216,77.037925,1452.0,26.445,337.086
1362,Himachal Pradesh,Solan,30.889016,77.034311,1459.0,14.118,296.516
1363,Himachal Pradesh,Solan,30.889134,76.996536,1368.0,29.49,88.18
1364,Himachal Pradesh,Solan,30.88944444,77.10583333,1466.0,21.286,303.599
1365,Himachal Pradesh,Solan,30.890226,77.070981,1815.0,25.99,318.269
1366,Himachal Pradesh,Solan,30.89131667,77.04311667,1532.0,13.197,174.878
1367,Himachal Pradesh,Solan,30.892617,76.941135,1124.0,18.508,241.116
1368,Himachal Pradesh,Solan,30.894492,77.003009,1416.0,23.948,81.861
1369,Himachal Pradesh,Solan,30.896613,77.073648,1705.0,28.217,351.021
1370,Himachal Pradesh,Solan,30.902975,76.980774,1606.0,21.814,250.327
1371,Himachal Pradesh,Solan,30.907223,77.22755,1228.0,6.895,15.054
1372,Himachal Pradesh,Solan,30.908706,77.122519,1497.0,19.01,141.465
1373,Himachal Pradesh,Solan,30.909269,77.222942,1274.0,30.299,338.449
1374,Himachal Pradesh,Solan,30.910091,77.027754,1389.0,20.04,184.115
1375,Himachal Pradesh,Solan,30.92333333,77.11111111,1477.0,22.432,336.055
1376,Himachal Pradesh,Solan,30.92471,77.226922,1695.0,27.084,40.942
1377,Himachal Pradesh,Solan,30.927068,76.879745,687.0,21.005,248.017
1378,Himachal Pradesh,Solan,30.928619,77.159695,1128.0,23.411,28.141
1379,Himachal Pradesh,Solan,30.954873,77.17745,1890.0,28.008,139.465
1380,Himachal Pradesh,Solan,30.957539,76.914894,779.0,17.923,179.072
1381,Himachal Pradesh,Solan,30.95937,76.906912,693.0,14.64,47.89
1382,Himachal Pradesh,Solan,30.960088,76.926241,885.0,27.897,300.6
1383,Himachal Pradesh,Solan,30.969034,76.980295,982.0,23.596,241.099
1384,Himachal Pradesh,Solan,30.969805,77.12016,1425.0,30.297,357.945
1385,Himachal Pradesh,Solan,30.970155,76.925414,948.0,22.634,311.08
1386,Himachal Pradesh,Solan,30.970598,77.084896,1367.0,26.3,166.515
1387,Himachal Pradesh,Solan,30.972031,76.980185,1000.0,29.474,289.016
1388,Himachal Pradesh,Solan,30.972278,76.985903,1117.0,12.548,254.791
1389,Himachal Pradesh,Solan,30.974991,76.982327,1074.0,15.133,324.47
1390,Himachal Pradesh,Solan,30.980393,77.083214,1303.0,10.973,268.673
1391,Himachal Pradesh,Solan,30.989036,77.085864,1426.0,20.673,359.204
1392,Himachal Pradesh,Solan,31.020083,76.984528,903.0,16.252,340.026
1393,Himachal Pradesh,Solan,31.022278,76.9615,838.0,23.785,295.342
1394,Himachal Pradesh,Solan,31.027694,77.002306,1055.0,8.337,248.421
1395,Himachal Pradesh,Solan,31.032833,76.910278,1072.0,13.026,94.454
1396,Himachal Pradesh,Solan,31.034944,76.826639,785.0,17.057,162.09
1397,Himachal Pradesh,Solan,31.035861,76.842528,886.0,28.932,328.562
1398,Himachal Pradesh,Solan,31.039583,76.842611,896.0,18.362,258.289
1399,Himachal Pradesh,Solan,31.040278,76.909444,1045.0,14.06,79.668
1400,Himachal Pradesh,Solan,31.043917,77.041361,1201.0,15.735,68.49
1401,Himachal Pradesh,Solan,31.044306,76.910222,1024.0,7.861,130.589
1402,Himachal Pradesh,Solan,31.045,76.817833,715.0,15.587,169.168
1403,Himachal Pradesh,Solan,31.046917,76.959194,992.0,11.443,338.741
1404,Himachal Pradesh,Solan,31.055778,76.838278,925.0,24.29,289.778
1405,Himachal Pradesh,Solan,31.062833,76.738917,428.0,13.946,233.355
1406,Himachal Pradesh,Solan,31.064806,76.742056,438.0,27.271,194.732
1407,Himachal Pradesh,Solan,31.065167,76.91425,897.0,22.967,57.282
1408,Himachal Pradesh,Solan,31.065194,76.666444,381.0,1.524,260.279
1409,Himachal Pradesh,Solan,31.065472,77.003861,1264.0,18.059,34.255
1410,Himachal Pradesh,Solan,31.074361,76.938806,784.0,26.452,202.954
1411,Himachal Pradesh,Solan,31.074417,76.821556,955.0,24.729,354.118
1412,Himachal Pradesh,Solan,31.074639,76.939194,774.0,25.083,210.275
1413,Himachal Pradesh,Solan,31.076222,76.802222,956.0,22.835,274.895
1414,Himachal Pradesh,Solan,31.076528,76.778306,584.0,17.053,131.217
1415,Himachal Pradesh,Solan,31.080667,76.953278,964.0,13.879,191.012
1416,Himachal Pradesh,Solan,31.084083,76.863167,1005.0,20.746,311.609
1417,Himachal Pradesh,Solan,31.085611,76.77825,608.0,20.393,338.482
1418,Himachal Pradesh,Solan,31.087167,76.883083,871.0,1.502,270.0
1419,Himachal Pradesh,Solan,31.087722,76.849583,957.0,18.259,353.611
1420,Himachal Pradesh,Solan,31.087917,76.834194,777.0,6.609,333.083
1421,Himachal Pradesh,Solan,31.089083,76.856528,997.0,20.896,312.112
1422,Himachal Pradesh,Solan,31.089444,76.83,715.0,11.786,334.702
1423,Himachal Pradesh,Solan,31.094889,76.864972,1003.0,24.806,128.459
1424,Himachal Pradesh,Solan,31.127222,76.759222,1209.0,25.655,283.52
1425,Himachal Pradesh,Solan,31.129583,76.857278,811.0,18.099,95.52
1426,Himachal Pradesh,Solan,31.132583,76.764806,1145.0,26.129,76.767
1427,Himachal Pradesh,Solan,31.163444,77.015667,1484.0,14.781,314.261
1428,Himachal Pradesh,Solan,31.164222,76.861083,1065.0,27.675,303.827
1429,Himachal Pradesh,Solan,31.164444,77.010111,1466.0,14.174,319.885
1430,Himachal Pradesh,Solan,31.164833,77.006861,1458.0,16.288,132.561
1431,Himachal Pradesh,Solan,31.165417,77.005194,1465.0,20.669,188.804
1432,Himachal Pradesh,Solan,31.171167,76.891417,1577.0,30.27,320.314
1433,Himachal Pradesh,Solan,31.179639,76.694444,547.0,14.824,33.739
1434,Himachal Pradesh,Solan,31.186556,76.990861,1334.0,22.727,98.013
1435,Himachal Pradesh,Solan,31.187833,76.694444,665.0,10.481,127.373
1436,Himachal Pradesh,Solan,31.189111,76.896333,1672.0,20.736,60.894
1437,Himachal Pradesh,Solan,31.199,76.703861,911.0,14.887,4.532
1438,Himachal Pradesh,Solan,31.214833,76.715722,982.0,13.49,246.848
1439,Himachal Pradesh,Solan,31.217722,76.723611,1042.0,20.491,215.185
1440,Himachal Pradesh,Solan,31.22075,76.777861,568.0,25.955,251.716
1441,Himachal Pradesh,Solan,31.220972,76.947972,1566.0,18.736,199.917
1442,Himachal Pradesh,Solan,31.228194,76.759889,635.0,20.018,78.624
1443,Himachal Pradesh,Solan,31.228944,76.791472,964.0,26.647,72.282
1444,Himachal Pradesh,Solan,31.230111,76.760194,659.0,4.76,71.117
1445,Himachal Pradesh,Solan,31.360083,76.894611,565.0,18.173,2.755
1446,Himachal Pradesh,Una,31.49135,76.400659,553.0,18.887,131.027
1447,Himachal Pradesh,Una,31.591357,76.221398,484.0,10.372,311.495
1448,Himachal Pradesh,Una,31.601136,76.223583,521.0,8.403,88.258
1449,Himachal Pradesh,Una,31.604466,76.205983,470.0,3.901,8.898
1450,Himachal Pradesh,Una,31.649169,76.034143,528.0,3.795,161.447
1451,Jammu & Kashmir,(UT),32.442188,75.531513,547.0,14.155,62.416
1452,Jammu & Kashmir,(UT),32.524611,75.672704,532.0,3.808,28.696
1453,Jammu & Kashmir,(UT),32.528533,75.809419,712.0,21.909,322.46
1454,Jammu & Kashmir,(UT),32.535879,75.833399,608.0,20.88,322.082
1455,Jammu & Kashmir,(UT),32.542082,75.813698,577.0,17.611,333.052
1456,Jammu & Kashmir,(UT),32.542776,75.805908,574.0,11.578,22.961
1457,Jammu & Kashmir,(UT),32.543271,75.823804,707.0,14.64,268.029
1458,Jammu & Kashmir,(UT),32.547277,75.815593,619.0,5.929,17.928
1459,Jammu & Kashmir,(UT),32.549375,75.812259,664.0,10.228,77.053
1460,Jammu & Kashmir,(UT),32.554004,75.795209,667.0,4.093,104.539
1461,Jammu & Kashmir,(UT),32.554167,75.701389,867.0,22.016,340.764
1462,Jammu & Kashmir,(UT),32.555317,75.751679,798.0,18.118,44.453
1463,Jammu & Kashmir,(UT),32.55554,75.84294,644.0,19.164,284.98
1464,Jammu & Kashmir,(UT),32.555779,75.69729,905.0,20.709,13.034
1465,Jammu & Kashmir,(UT),32.558107,75.793111,746.0,18.955,40.668
1466,Jammu & Kashmir,(UT),32.558668,75.693047,895.0,21.791,271.288
1467,Jammu & Kashmir,(UT),32.55927,75.842837,603.0,20.068,310.664
1468,Jammu & Kashmir,(UT),32.56173,75.794849,840.0,13.684,5.023
1469,Jammu & Kashmir,(UT),32.564089,75.688217,1045.0,15.291,339.459
1470,Jammu & Kashmir,(UT),32.57038,75.832323,671.0,13.057,55.829
1471,Jammu & Kashmir,(UT),32.572752,75.883575,654.0,14.928,304.947
1472,Jammu & Kashmir,(UT),32.588394,75.801445,738.0,21.426,316.146
1473,Jammu & Kashmir,(UT),32.591631,75.79749,755.0,18.644,117.77
1474,Jammu & Kashmir,(UT),32.600101,75.890776,758.0,15.354,65.862
1475,Jammu & Kashmir,(UT),32.600272,75.202697,445.0,8.592,157.159
1476,Jammu & Kashmir,(UT),32.602455,75.799916,948.0,20.769,35.197
1477,Jammu & Kashmir,(UT),32.605454,75.773655,984.0,31.954,299.319
1478,Jammu & Kashmir,(UT),32.606705,75.801923,1011.0,21.387,29.349
1479,Jammu & Kashmir,(UT),32.608896,75.77641,1105.0,16.739,276.862
1480,Jammu & Kashmir,(UT),32.608944,75.803977,1028.0,30.498,2.594
1481,Jammu & Kashmir,(UT),32.611194,75.821472,1130.0,21.215,40.211
1482,Jammu & Kashmir,(UT),32.618314,75.813598,1047.0,18.582,306.005
1483,Jammu & Kashmir,(UT),32.625505,75.878622,1314.0,32.94,23.786
1484,Jammu & Kashmir,(UT),32.62697,75.880511,1305.0,26.58,27.281
1485,Jammu & Kashmir,(UT),32.628418,75.844739,1745.0,30.876,29.379
1486,Jammu & Kashmir,(UT),32.62877,75.913315,785.0,33.994,46.684
1487,Jammu & Kashmir,(UT),32.630465,75.8888,1345.0,35.124,344.612
1488,Jammu & Kashmir,(UT),32.636698,75.890484,1500.0,34.149,153.371
1489,Jammu & Kashmir,(UT),32.643682,75.766732,2065.0,32.554,113.204
1490,Jammu & Kashmir,(UT),32.645617,75.608667,1340.0,18.432,23.587
1491,Jammu & Kashmir,(UT),32.646852,75.914818,779.0,0.663,247.169
1492,Jammu & Kashmir,(UT),32.647025,75.927177,894.0,42.799,30.844
1493,Jammu & Kashmir,(UT),32.649197,75.609478,1474.0,16.763,10.201
1494,Jammu & Kashmir,(UT),32.650944,75.383092,767.0,5.844,344.894
1495,Jammu & Kashmir,(UT),32.651262,75.813809,2016.0,16.549,342.23
1496,Jammu & Kashmir,(UT),32.651808,75.884742,942.0,42.127,67.825
1497,Jammu & Kashmir,(UT),32.654261,75.036581,434.0,11.597,19.752
1498,Jammu & Kashmir,(UT),32.658249,75.035934,421.0,7.815,111.1
1499,Jammu & Kashmir,(UT),32.659008,75.154711,521.0,24.093,132.296
1500,Jammu & Kashmir,(UT),32.66189,75.926471,1605.0,47.577,282.806
1501,Jammu & Kashmir,(UT),32.663781,75.857279,1450.0,37.356,153.428
1502,Jammu & Kashmir,(UT),32.664102,75.836647,1248.0,41.987,197.598
1503,Jammu & Kashmir,(UT),32.665221,75.853054,1417.0,43.971,189.229
1504,Jammu & Kashmir,(UT),32.666927,75.768577,2170.0,20.244,20.317
1505,Jammu & Kashmir,(UT),32.669276,75.761662,2514.0,35.583,50.184
1506,Jammu & Kashmir,(UT),32.671269,75.370872,920.0,8.979,354.186
1507,Jammu & Kashmir,(UT),32.671522,75.900305,1173.0,27.123,221.811
1508,Jammu & Kashmir,(UT),32.67428333,75.16099167,619.0,9.869,251.952
1509,Jammu & Kashmir,(UT),32.674333,75.161283,621.0,9.814,196.118
1510,Jammu & Kashmir,(UT),32.676817,75.159864,622.0,10.404,57.44
1511,Jammu & Kashmir,(UT),32.678003,75.157814,661.0,14.744,351.84
1512,Jammu & Kashmir,(UT),32.68187,75.787816,1836.0,36.336,166.148
1513,Jammu & Kashmir,(UT),32.688225,75.625381,1702.0,20.378,222.474
1514,Jammu & Kashmir,(UT),32.688622,75.662128,1258.0,31.863,311.669
1515,Jammu & Kashmir,(UT),32.688792,75.060386,480.0,12.97,234.194
1516,Jammu & Kashmir,(UT),32.689108,75.660572,1226.0,25.926,356.223
1517,Jammu & Kashmir,(UT),32.689383,75.669056,1440.0,36.363,308.48
1518,Jammu & Kashmir,(UT),32.690008,75.660408,1290.0,21.77,14.709
1519,Jammu & Kashmir,(UT),32.690067,75.658478,1271.0,33.7,318.38
1520,Jammu & Kashmir,(UT),32.690158,75.668658,1463.0,37.957,319.977
1521,Jammu & Kashmir,(UT),32.692933,75.651372,1218.0,34.069,343.022
1522,Jammu & Kashmir,(UT),32.693531,75.654092,1317.0,32.649,347.003
1523,Jammu & Kashmir,(UT),32.694039,75.6603,1463.0,25.274,21.206
1524,Jammu & Kashmir,(UT),32.694286,75.653406,1349.0,30.412,333.543
1525,Jammu & Kashmir,(UT),32.696629,75.7786,1395.0,39.262,127.19
1526,Jammu & Kashmir,(UT),32.700197,75.759305,2014.0,34.292,148.897
1527,Jammu & Kashmir,(UT),32.701733,75.591583,1755.0,32.442,325.764
1528,Jammu & Kashmir,(UT),32.701788,75.754193,1935.0,29.976,145.633
1529,Jammu & Kashmir,(UT),32.703877,75.153425,668.0,14.968,73.405
1530,Jammu & Kashmir,(UT),32.704067,75.583261,1708.0,33.062,296.647
1531,Jammu & Kashmir,(UT),32.705336,75.594728,1857.0,26.104,27.229
1532,Jammu & Kashmir,(UT),32.706153,75.609686,1562.0,30.552,53.593
1533,Jammu & Kashmir,(UT),32.707039,75.594456,1922.0,15.439,129.366
1534,Jammu & Kashmir,(UT),32.707675,75.110706,673.0,9.815,343.876
1535,Jammu & Kashmir,(UT),32.708514,75.584411,1911.0,35.355,326.685
1536,Jammu & Kashmir,(UT),32.708794,75.582317,1940.0,38.213,38.593
1537,Jammu & Kashmir,(UT),32.709153,75.760976,1492.0,29.414,321.327
1538,Jammu & Kashmir,(UT),32.712458,75.610922,1556.0,26.122,34.477
1539,Jammu & Kashmir,(UT),32.715042,75.608211,1770.0,26.912,17.126
1540,Jammu & Kashmir,(UT),32.719181,75.604963,1974.0,15.56,77.896
1541,Jammu & Kashmir,(UT),32.725053,75.608344,1761.0,29.51,89.091
1542,Jammu & Kashmir,(UT),32.734316,74.872952,369.0,7.232,17.13
1543,Jammu & Kashmir,(UT),32.736539,75.095236,664.0,23.279,111.432
1544,Jammu & Kashmir,(UT),32.739245,75.785765,2321.0,32.784,152.335
1545,Jammu & Kashmir,(UT),32.739633,75.787381,2260.0,29.832,157.555
1546,Jammu & Kashmir,(UT),32.740061,75.782939,2343.0,30.816,159.018
1547,Jammu & Kashmir,(UT),32.741136,75.594397,2004.0,26.265,325.003
1548,Jammu & Kashmir,(UT),32.742874,75.608595,1885.0,28.977,351.684
1549,Jammu & Kashmir,(UT),32.743835,75.925166,2786.0,33.866,309.48
1550,Jammu & Kashmir,(UT),32.744031,75.819498,1563.0,44.498,270.524
1551,Jammu & Kashmir,(UT),32.746567,75.757578,2693.0,30.824,11.879
1552,Jammu & Kashmir,(UT),32.775,75.168056,897.0,22.731,340.639
1553,Jammu & Kashmir,(UT),32.784722,75.158333,519.0,30.726,249.196
1554,Jammu & Kashmir,(UT),32.79666389,75.13683611,598.0,17.664,115.033
1555,Jammu & Kashmir,(UT),32.804167,75.15,689.0,25.055,342.023
1556,Jammu & Kashmir,(UT),32.806906,75.822122,2265.0,34.004,98.037
1557,Jammu & Kashmir,(UT),32.812651,75.811526,2548.0,43.472,294.045
1558,Jammu & Kashmir,(UT),32.821151,75.83551,2526.0,35.556,281.601
1559,Jammu & Kashmir,(UT),32.824959,75.837763,2781.0,30.569,298.625
1560,Jammu & Kashmir,(UT),32.828774,75.540791,1994.0,11.961,328.004
1561,Jammu & Kashmir,(UT),32.829224,75.79239,2451.0,27.451,81.046
1562,Jammu & Kashmir,(UT),32.829791,75.792167,2467.0,23.688,59.89
1563,Jammu & Kashmir,(UT),32.831481,75.817318,2791.0,33.369,44.267
1564,Jammu & Kashmir,(UT),32.835151,75.826928,2885.0,41.999,307.849
1565,Jammu & Kashmir,(UT),32.840009,75.525733,2112.0,18.123,338.94
1566,Jammu & Kashmir,(UT),32.840009,75.525733,2112.0,18.123,338.94
1567,Jammu & Kashmir,(UT),32.8418,75.528889,2110.0,32.398,315.634
1568,Jammu & Kashmir,(UT),32.841884,75.528635,2101.0,28.523,318.771
1569,Jammu & Kashmir,(UT),32.844635,75.832338,3531.0,23.681,10.535
1570,Jammu & Kashmir,(UT),32.8538,75.821125,3394.0,28.702,132.912
1571,Jammu & Kashmir,(UT),32.860973,75.810135,3494.0,14.205,242.526
1572,Jammu & Kashmir,(UT),32.865474,75.784487,2677.0,25.974,45.518
1573,Jammu & Kashmir,(UT),32.867719,75.506811,2012.0,19.569,183.45
1574,Jammu & Kashmir,(UT),32.86897222,74.95852778,640.0,17.894,125.751
1575,Jammu & Kashmir,(UT),32.879272,75.524242,1915.0,19.348,286.345
1576,Jammu & Kashmir,(UT),32.883986,75.761414,3088.0,17.941,357.16
1577,Jammu & Kashmir,(UT),32.884145,75.523123,2068.0,32.866,23.414
1578,Jammu & Kashmir,(UT),32.884722,75.125,646.0,3.454,77.1
1579,Jammu & Kashmir,(UT),32.885319,75.801398,3138.0,24.256,122.566
1580,Jammu & Kashmir,(UT),32.885397,75.524606,2112.0,37.462,23.881
1581,Jammu & Kashmir,(UT),32.886611,75.52714,2112.0,36.579,49.182
1582,Jammu & Kashmir,(UT),32.887231,75.527556,2131.0,39.89,47.384
1583,Jammu & Kashmir,(UT),32.894322,75.781233,3434.0,26.206,253.021
1584,Jammu & Kashmir,(UT),32.91782222,75.72585556,2278.0,29.265,290.651
1585,Jammu & Kashmir,(UT),32.93471667,75.75188889,2062.0,22.376,207.903
1586,Jammu & Kashmir,(UT),32.939597,75.786623,2480.0,37.736,307.967
1587,Jammu & Kashmir,(UT),32.943056,75.158333,695.0,16.033,108.217
1588,Jammu & Kashmir,(UT),32.945025,75.970425,2352.0,17.93,1.896
1589,Jammu & Kashmir,(UT),32.951389,75.086111,752.0,7.933,357.799
1590,Jammu & Kashmir,(UT),32.952133,75.970375,2706.0,22.096,21.665
1591,Jammu & Kashmir,(UT),32.95504722,75.15861111,833.0,29.898,37.91
1592,Jammu & Kashmir,(UT),32.95769444,75.16283333,806.0,22.608,52.843
1593,Jammu & Kashmir,(UT),32.958667,75.163699,803.0,26.003,61.392
1594,Jammu & Kashmir,(UT),32.964127,75.167042,704.0,20.458,52.117
1595,Jammu & Kashmir,(UT),32.97,75.126667,811.0,14.699,270.0
1596,Jammu & Kashmir,(UT),32.97438889,75.17311111,808.0,23.628,56.329
1597,Jammu & Kashmir,(UT),32.98096389,74.98698611,884.0,20.908,39.104
1598,Jammu & Kashmir,(UT),32.982629,75.01583,1035.0,23.311,36.618
1599,Jammu & Kashmir,(UT),32.983124,75.741043,1823.0,22.257,332.746
1600,Jammu & Kashmir,(UT),32.984722,75.133333,927.0,13.424,254.725
1601,Jammu & Kashmir,(UT),32.985345,75.896522,1996.0,21.646,13.26
1602,Jammu & Kashmir,(UT),32.986667,75.036667,897.0,3.2,50.01
1603,Jammu & Kashmir,(UT),32.987219,75.188945,805.0,20.553,91.373
1604,Jammu & Kashmir,(UT),32.989433,75.878718,2410.0,20.69,29.753
1605,Jammu & Kashmir,(UT),32.98944,75.733622,1726.0,19.289,8.801
1606,Jammu & Kashmir,(UT),32.989637,75.877292,2451.0,20.052,53.795
1607,Jammu & Kashmir,(UT),32.989756,75.05253,1104.0,29.782,54.495
1608,Jammu & Kashmir,(UT),32.99083333,75.19038889,819.0,26.706,51.972
1609,Jammu & Kashmir,(UT),32.999436,75.823992,3038.0,35.676,237.451
1610,Jammu & Kashmir,(UT),33.000879,75.707118,1553.0,34.089,327.444
1611,Jammu & Kashmir,(UT),33.003776,75.703637,1520.0,33.6,318.624
1612,Jammu & Kashmir,(UT),33.008541,75.916838,1686.0,19.586,276.524
1613,Jammu & Kashmir,(UT),33.01029444,75.22261667,898.0,22.26,9.034
1614,Jammu & Kashmir,(UT),33.010469,75.91844,1799.0,34.032,306.769
1615,Jammu & Kashmir,(UT),33.015472,74.823889,417.0,9.533,239.456
1616,Jammu & Kashmir,(UT),33.015956,75.915702,1727.0,40.249,268.784
1617,Jammu & Kashmir,(UT),33.022666,74.836296,578.0,22.471,250.988
1618,Jammu & Kashmir,(UT),33.034194,75.132583,1565.0,9.178,23.449
1619,Jammu & Kashmir,(UT),33.03530556,75.33466111,1572.0,23.519,7.783
1620,Jammu & Kashmir,(UT),33.035306,75.334661,1572.0,23.519,7.783
1621,Jammu & Kashmir,(UT),33.040111,75.103667,1484.0,32.776,218.619
1622,Jammu & Kashmir,(UT),33.04161389,74.59126944,735.0,20.275,166.581
1623,Jammu & Kashmir,(UT),33.043636,75.132647,1654.0,22.273,120.295
1624,Jammu & Kashmir,(UT),33.04397722,75.132435,1656.0,23.518,106.181
1625,Jammu & Kashmir,(UT),33.044078,75.979888,1953.0,20.638,351.821
1626,Jammu & Kashmir,(UT),33.046333,75.102833,1417.0,6.534,110.667
1627,Jammu & Kashmir,(UT),33.046417,75.131028,1610.0,25.504,199.692
1628,Jammu & Kashmir,(UT),33.046805,74.701774,697.0,7.784,336.923
1629,Jammu & Kashmir,(UT),33.046932,74.816154,451.0,20.441,31.17
1630,Jammu & Kashmir,(UT),33.04709,75.908564,1643.0,43.396,99.571
1631,Jammu & Kashmir,(UT),33.04734,75.884386,1852.0,18.878,13.595
1632,Jammu & Kashmir,(UT),33.048,74.61683333,673.0,24.275,219.029
1633,Jammu & Kashmir,(UT),33.051383,74.818878,489.0,13.262,68.773
1634,Jammu & Kashmir,(UT),33.06222,75.624582,1285.0,30.581,134.978
1635,Jammu & Kashmir,(UT),33.062477,75.976609,2131.0,33.959,20.983
1636,Jammu & Kashmir,(UT),33.064076,74.838455,514.0,14.195,146.572
1637,Jammu & Kashmir,(UT),33.065248,75.623665,1267.0,21.405,293.643
1638,Jammu & Kashmir,(UT),33.06543,75.979561,2205.0,28.293,51.868
1639,Jammu & Kashmir,(UT),33.069683,75.916507,1632.0,31.97,287.593
1640,Jammu & Kashmir,(UT),33.070198,74.744972,490.0,1.903,341.173
1641,Jammu & Kashmir,(UT),33.072608,74.852455,549.0,13.924,141.172
1642,Jammu & Kashmir,(UT),33.077831,74.811805,442.0,17.695,338.307
1643,Jammu & Kashmir,(UT),33.07787444,74.81106944,436.0,17.267,335.552
1644,Jammu & Kashmir,(UT),33.079246,74.840927,513.0,24.689,34.845
1645,Jammu & Kashmir,(UT),33.085,75.192778,1634.0,14.608,312.23
1646,Jammu & Kashmir,(UT),33.085056,75.908156,1519.0,40.994,289.314
1647,Jammu & Kashmir,(UT),33.087569,75.600938,1208.0,27.918,349.507
1648,Jammu & Kashmir,(UT),33.087639,75.157972,1762.0,20.6,223.204
1649,Jammu & Kashmir,(UT),33.08934444,74.66441944,551.0,10.857,163.769
1650,Jammu & Kashmir,(UT),33.089695,75.329709,2034.0,14.795,152.169
1651,Jammu & Kashmir,(UT),33.089997,75.861423,1363.0,17.934,40.243
1652,Jammu & Kashmir,(UT),33.090278,75.095389,1305.0,10.943,239.265
1653,Jammu & Kashmir,(UT),33.09042,75.861881,1378.0,22.283,32.438
1654,Jammu & Kashmir,(UT),33.093763,75.603273,1559.0,26.42,316.321
1655,Jammu & Kashmir,(UT),33.094818,75.884039,1412.0,30.938,38.111
1656,Jammu & Kashmir,(UT),33.095137,75.876972,1414.0,35.261,13.596
1657,Jammu & Kashmir,(UT),33.0955,74.87223,868.0,33.564,282.114
1658,Jammu & Kashmir,(UT),33.096544,75.573371,1272.0,26.055,139.685
1659,Jammu & Kashmir,(UT),33.09849,75.568684,1398.0,24.951,61.139
1660,Jammu & Kashmir,(UT),33.101445,75.85871,1343.0,30.543,271.745
1661,Jammu & Kashmir,(UT),33.10282,75.858672,1351.0,35.546,293.723
1662,Jammu & Kashmir,(UT),33.10539722,75.57805833,1067.0,26.36,114.642
1663,Jammu & Kashmir,(UT),33.105987,74.841217,633.0,29.885,314.075
1664,Jammu & Kashmir,(UT),33.106519,75.577256,1073.0,30.81,125.978
1665,Jammu & Kashmir,(UT),33.107937,75.576309,1055.0,22.01,135.327
1666,Jammu & Kashmir,(UT),33.111891,75.682782,1340.0,36.044,179.156
1667,Jammu & Kashmir,(UT),33.11374722,74.78761667,508.0,38.491,93.562
1668,Jammu & Kashmir,(UT),33.114391,75.855881,1281.0,29.138,244.721
1669,Jammu & Kashmir,(UT),33.118687,75.573666,1002.0,20.23,119.177
1670,Jammu & Kashmir,(UT),33.122488,75.658141,1208.0,32.553,133.038
1671,Jammu & Kashmir,(UT),33.124581,75.635604,932.0,31.288,154.379
1672,Jammu & Kashmir,(UT),33.129055,75.675734,1575.0,34.817,229.772
1673,Jammu & Kashmir,(UT),33.129863,75.579126,1366.0,29.611,162.989
1674,Jammu & Kashmir,(UT),33.129983,75.578806,1364.0,27.76,164.637
1675,Jammu & Kashmir,(UT),33.130563,75.563569,939.0,34.459,69.702
1676,Jammu & Kashmir,(UT),33.130819,75.929064,1864.0,30.471,344.129
1677,Jammu & Kashmir,(UT),33.13092,75.648163,914.0,27.119,200.218
1678,Jammu & Kashmir,(UT),33.13189,75.564392,928.0,22.537,95.59
1679,Jammu & Kashmir,(UT),33.13192222,75.56449722,922.0,19.611,96.515
1680,Jammu & Kashmir,(UT),33.132097,75.516479,1115.0,34.564,105.117
1681,Jammu & Kashmir,(UT),33.132758,75.600389,1032.0,27.824,147.409
1682,Jammu & Kashmir,(UT),33.133072,75.3625,1206.0,22.83,168.982
1683,Jammu & Kashmir,(UT),33.133093,75.519119,1103.0,32.284,215.859
1684,Jammu & Kashmir,(UT),33.1332,75.909287,1480.0,30.234,197.128
1685,Jammu & Kashmir,(UT),33.133621,75.607594,947.0,37.743,327.284
1686,Jammu & Kashmir,(UT),33.133804,75.598612,1027.0,30.101,143.689
1687,Jammu & Kashmir,(UT),33.133898,75.916352,1551.0,41.213,127.238
1688,Jammu & Kashmir,(UT),33.134194,75.153278,1514.0,11.629,53.895
1689,Jammu & Kashmir,(UT),33.13734,75.557663,883.0,27.525,181.18
1690,Jammu & Kashmir,(UT),33.138639,75.576971,961.0,37.569,154.827
1691,Jammu & Kashmir,(UT),33.138649,75.755129,1064.0,42.261,149.884
1692,Jammu & Kashmir,(UT),33.138663,75.840002,1141.0,30.639,319.986
1693,Jammu & Kashmir,(UT),33.138675,75.575876,988.0,39.317,159.688
1694,Jammu & Kashmir,(UT),33.138713,75.50837,1222.0,33.702,161.72
1695,Jammu & Kashmir,(UT),33.138981,75.522962,993.0,32.837,216.165
1696,Jammu & Kashmir,(UT),33.141889,75.152417,1531.0,16.456,62.858
1697,Jammu & Kashmir,(UT),33.14237,75.533657,957.0,23.255,313.616
1698,Jammu & Kashmir,(UT),33.142471,75.472903,862.0,32.591,28.573
1699,Jammu & Kashmir,(UT),33.14251,75.750688,1042.0,35.183,109.348
1700,Jammu & Kashmir,(UT),33.144665,75.771217,965.0,27.699,196.625
1701,Jammu & Kashmir,(UT),33.144788,75.770512,949.0,23.328,196.625
1702,Jammu & Kashmir,(UT),33.146098,75.665529,925.0,37.025,227.706
1703,Jammu & Kashmir,(UT),33.146157,75.836433,1129.0,34.019,305.843
1704,Jammu & Kashmir,(UT),33.146234,75.538933,1149.0,20.515,4.935
1705,Jammu & Kashmir,(UT),33.146657,75.566366,880.0,26.676,349.542
1706,Jammu & Kashmir,(UT),33.146672,75.336389,1265.0,41.961,221.471
1707,Jammu & Kashmir,(UT),33.148148,75.668964,920.0,31.253,207.364
1708,Jammu & Kashmir,(UT),33.14871667,75.66985556,911.0,27.525,212.365
1709,Jammu & Kashmir,(UT),33.148896,75.749341,1014.0,40.464,109.374
1710,Jammu & Kashmir,(UT),33.150446,75.828978,1079.0,26.711,317.805
1711,Jammu & Kashmir,(UT),33.151167,75.554769,1233.0,27.123,349.134
1712,Jammu & Kashmir,(UT),33.152526,75.798608,994.0,35.744,287.43
1713,Jammu & Kashmir,(UT),33.15279722,75.44558611,1562.0,38.337,358.445
1714,Jammu & Kashmir,(UT),33.153351,75.775366,1120.0,15.184,22.061
1715,Jammu & Kashmir,(UT),33.153389,75.710382,933.0,23.113,156.282
1716,Jammu & Kashmir,(UT),33.153404,75.798688,1018.0,34.12,284.983
1717,Jammu & Kashmir,(UT),33.15375,75.306858,1065.0,26.724,82.31
1718,Jammu & Kashmir,(UT),33.154032,75.745088,977.0,34.991,171.182
1719,Jammu & Kashmir,(UT),33.154057,75.56666,1304.0,33.57,351.165
1720,Jammu & Kashmir,(UT),33.154191,75.682876,927.0,32.158,215.469
1721,Jammu & Kashmir,(UT),33.15471389,75.49139722,1233.0,32.707,309.014
1722,Jammu & Kashmir,(UT),33.15492778,75.30671111,1071.0,21.674,92.591
1723,Jammu & Kashmir,(UT),33.155983,75.586597,1176.0,38.057,113.32
1724,Jammu & Kashmir,(UT),33.157473,75.686986,945.0,32.305,245.221
1725,Jammu & Kashmir,(UT),33.158283,75.798864,1005.0,35.483,256.147
1726,Jammu & Kashmir,(UT),33.158318,75.702272,934.0,28.983,294.428
1727,Jammu & Kashmir,(UT),33.159193,75.552495,1570.0,32.349,301.177
1728,Jammu & Kashmir,(UT),33.159621,75.582698,1437.0,42.48,95.065
1729,Jammu & Kashmir,(UT),33.159661,75.517171,1615.0,31.212,314.172
1730,Jammu & Kashmir,(UT),33.16019,75.516845,1620.0,34.777,312.777
1731,Jammu & Kashmir,(UT),33.160576,75.582283,1448.0,38.1,101.901
1732,Jammu & Kashmir,(UT),33.161068,75.590571,1190.0,28.017,253.321
1733,Jammu & Kashmir,(UT),33.162664,75.571394,1730.0,36.105,297.111
1734,Jammu & Kashmir,(UT),33.163501,75.647627,1755.0,31.802,138.88
1735,Jammu & Kashmir,(UT),33.163551,75.512463,1664.0,30.783,348.571
1736,Jammu & Kashmir,(UT),33.166126,75.804385,979.0,28.481,224.603
1737,Jammu & Kashmir,(UT),33.166569,75.566822,1821.0,29.667,344.147
1738,Jammu & Kashmir,(UT),33.166591,75.585463,1476.0,30.795,76.489
1739,Jammu & Kashmir,(UT),33.167976,75.671735,1153.0,36.03,131.831
1740,Jammu & Kashmir,(UT),33.168013,74.985755,1071.0,19.773,1.711
1741,Jammu & Kashmir,(UT),33.16948611,75.45078611,1532.0,28.476,87.627
1742,Jammu & Kashmir,(UT),33.17014,75.35801,1412.0,39.089,265.878
1743,Jammu & Kashmir,(UT),33.170984,75.558646,2079.0,32.25,347.225
1744,Jammu & Kashmir,(UT),33.17187,75.54138,1635.0,40.14,302.184
1745,Jammu & Kashmir,(UT),33.172336,75.338056,1484.0,24.637,16.308
1746,Jammu & Kashmir,(UT),33.17306667,75.29995556,926.0,23.902,55.421
1747,Jammu & Kashmir,(UT),33.174247,74.975147,1035.0,30.327,352.091
1748,Jammu & Kashmir,(UT),33.174387,75.580476,1526.0,23.047,111.035
1749,Jammu & Kashmir,(UT),33.178169,75.638603,1826.0,28.712,46.466
1750,Jammu & Kashmir,(UT),33.180165,75.546112,2126.0,35.131,280.296
1751,Jammu & Kashmir,(UT),33.182867,75.829017,1440.0,15.188,284.37
1752,Jammu & Kashmir,(UT),33.185408,75.544237,2179.0,38.122,315.215
1753,Jammu & Kashmir,(UT),33.185904,75.574288,1602.0,24.335,85.443
1754,Jammu & Kashmir,(UT),33.186069,75.81575,1293.0,28.565,3.391
1755,Jammu & Kashmir,(UT),33.188309,75.572626,1614.0,29.045,113.348
1756,Jammu & Kashmir,(UT),33.188438,75.807163,1073.0,36.09,286.834
1757,Jammu & Kashmir,(UT),33.189517,75.807236,1102.0,35.613,287.894
1758,Jammu & Kashmir,(UT),33.191066,75.601632,2148.0,34.184,352.736
1759,Jammu & Kashmir,(UT),33.195603,75.337746,1369.0,18.609,327.181
1760,Jammu & Kashmir,(UT),33.196877,75.634424,1904.0,29.946,85.528
1761,Jammu & Kashmir,(UT),33.197791,75.683185,1845.0,37.03,320.18
1762,Jammu & Kashmir,(UT),33.198876,75.800871,1065.0,42.747,302.642
1763,Jammu & Kashmir,(UT),33.199372,75.570458,1743.0,37.741,100.025
1764,Jammu & Kashmir,(UT),33.201932,75.363243,1462.0,17.279,246.152
1765,Jammu & Kashmir,(UT),33.204722,75.286944,769.0,24.295,164.834
1766,Jammu & Kashmir,(UT),33.20537778,75.12690833,887.0,10.583,236.432
1767,Jammu & Kashmir,(UT),33.20588889,75.28227778,755.0,31.614,155.802
1768,Jammu & Kashmir,(UT),33.209899,75.57294,1660.0,4.278,68.886
1769,Jammu & Kashmir,(UT),33.214947,75.272822,716.0,21.187,289.636
1770,Jammu & Kashmir,(UT),33.222528,75.576502,2173.0,23.066,310.841
1771,Jammu & Kashmir,(UT),33.222961,75.570057,1989.0,26.992,355.163
1772,Jammu & Kashmir,(UT),33.22391,75.597577,1911.0,31.679,69.996
1773,Jammu & Kashmir,(UT),33.23028333,74.83315,682.0,34.287,232.695
1774,Jammu & Kashmir,(UT),33.23404,75.786592,1075.0,35.059,291.004
1775,Jammu & Kashmir,(UT),33.23415,75.78663,1079.0,34.993,291.848
1776,Jammu & Kashmir,(UT),33.234952,75.604722,2000.0,32.296,77.691
1777,Jammu & Kashmir,(UT),33.23526,75.2456,732.0,33.236,332.154
1778,Jammu & Kashmir,(UT),33.236265,75.785492,1084.0,35.669,286.73
1779,Jammu & Kashmir,(UT),33.23699444,75.22344444,799.0,21.699,169.11
1780,Jammu & Kashmir,(UT),33.249358,75.60751,2332.0,14.56,294.521
1781,Jammu & Kashmir,(UT),33.25,75.78,1201.0,32.651,300.31
1782,Jammu & Kashmir,(UT),33.25,75.78,1201.0,32.651,300.31
1783,Jammu & Kashmir,(UT),33.25,75.78,1201.0,32.651,300.31
1784,Jammu & Kashmir,(UT),33.257828,75.13826,698.0,37.438,79.179
1785,Jammu & Kashmir,(UT),33.259333,74.89675,1471.0,30.42,162.978
1786,Jammu & Kashmir,(UT),33.26,75.77,1236.0,43.751,107.474
1787,Jammu & Kashmir,(UT),33.260193,75.169655,1045.0,37.623,166.704
1788,Jammu & Kashmir,(UT),33.260441,75.122276,1273.0,38.341,333.803
1789,Jammu & Kashmir,(UT),33.260563,75.03521,1598.0,18.15,170.569
1790,Jammu & Kashmir,(UT),33.260818,75.121521,1279.0,36.254,325.157
1791,Jammu & Kashmir,(UT),33.26243167,75.021815,1826.0,23.846,150.915
1792,Jammu & Kashmir,(UT),33.263344,75.052246,1493.0,24.095,121.483
1793,Jammu & Kashmir,(UT),33.263599,75.153931,789.0,34.47,164.106
1794,Jammu & Kashmir,(UT),33.263809,75.022278,1761.0,20.454,136.266
1795,Jammu & Kashmir,(UT),33.264259,75.118805,1298.0,32.372,301.146
1796,Jammu & Kashmir,(UT),33.264355,75.05011,1506.0,24.809,217.177
1797,Jammu & Kashmir,(UT),33.265111,74.84397,965.0,27.845,162.237
1798,Jammu & Kashmir,(UT),33.266056,74.85378,1016.0,29.869,197.417
1799,Jammu & Kashmir,(UT),33.26747222,75.18306944,990.0,34.097,291.811
1800,Jammu & Kashmir,(UT),33.267929,75.090553,1336.0,41.927,324.114
1801,Jammu & Kashmir,(UT),33.268696,74.855118,883.0,34.69,207.252
1802,Jammu & Kashmir,(UT),33.269972,74.94356,1854.0,28.916,187.263
1803,Jammu & Kashmir,(UT),33.27,75.78,1592.0,19.225,279.639
1804,Jammu & Kashmir,(UT),33.27,75.77,1120.0,33.902,297.462
1805,Jammu & Kashmir,(UT),33.27035278,76.17381111,1868.0,29.243,278.768
1806,Jammu & Kashmir,(UT),33.270584,75.080353,1384.0,38.032,334.362
1807,Jammu & Kashmir,(UT),33.276104,75.178284,1072.0,41.077,199.441
1808,Jammu & Kashmir,(UT),33.279,75.004,1879.0,16.784,162.373
1809,Jammu & Kashmir,(UT),33.2828,75.17914444,1057.0,34.969,272.945
1810,Jammu & Kashmir,(UT),33.282925,75.040276,1405.0,38.731,343.259
1811,Jammu & Kashmir,(UT),33.288128,75.035637,1690.0,42.504,339.404
1812,Jammu & Kashmir,(UT),33.288288,75.032723,1622.0,32.933,343.122
1813,Jammu & Kashmir,(UT),33.28894,75.043938,1845.0,39.457,31.046
1814,Jammu & Kashmir,(UT),33.289417,74.90689,1867.0,30.845,81.784
1815,Jammu & Kashmir,(UT),33.292972,74.86364,1841.0,29.766,202.075
1816,Jammu & Kashmir,(UT),33.293083,74.86561,1852.0,28.821,188.989
1817,Jammu & Kashmir,(UT),33.295472,74.88386,1924.0,30.351,115.927
1818,Jammu & Kashmir,(UT),33.298667,74.88633,1939.0,31.93,5.94
1819,Jammu & Kashmir,(UT),33.29889167,75.20757222,2472.0,33.891,171.721
1820,Jammu & Kashmir,(UT),33.299083,74.88958,1956.0,32.216,24.164
1821,Jammu & Kashmir,(UT),33.30141944,74.83957222,919.0,33.702,212.672
1822,Jammu & Kashmir,(UT),33.301611,74.87172,1783.0,34.133,196.109
1823,Jammu & Kashmir,(UT),33.302177,74.929794,2001.0,30.466,253.589
1824,Jammu & Kashmir,(UT),33.302833,74.87383,1777.0,27.366,217.028
1825,Jammu & Kashmir,(UT),33.303333,74.84283,939.0,35.453,229.003
1826,Jammu & Kashmir,(UT),33.303818,74.928856,1879.0,34.238,248.716
1827,Jammu & Kashmir,(UT),33.305028,74.85094,1359.0,34.769,243.898
1828,Jammu & Kashmir,(UT),33.30518,74.927849,1796.0,22.082,255.248
1829,Jammu & Kashmir,(UT),33.305361,74.87708,1778.0,17.201,246.938
1830,Jammu & Kashmir,(UT),33.30697778,74.84444722,962.0,33.24,252.037
1831,Jammu & Kashmir,(UT),33.3098,74.94183,1985.0,27.628,329.108
1832,Jammu & Kashmir,(UT),33.312729,74.938858,1968.0,28.502,47.932
1833,Jammu & Kashmir,(UT),33.31311389,74.84101944,1005.0,18.753,290.928
1834,Jammu & Kashmir,(UT),33.313847,75.351974,2143.0,32.763,28.428
1835,Jammu & Kashmir,(UT),33.31551944,75.1926,1167.0,39.421,228.194
1836,Jammu & Kashmir,(UT),33.316111,74.85275,1430.0,30.869,331.539
1837,Jammu & Kashmir,(UT),33.316472,74.85642,1469.0,9.728,174.603
1838,Jammu & Kashmir,(UT),33.316818,75.324837,1989.0,28.038,336.821
1839,Jammu & Kashmir,(UT),33.317864,75.313866,1922.0,38.294,38.278
1840,Jammu & Kashmir,(UT),33.318638,75.314163,1956.0,34.447,40.572
1841,Jammu & Kashmir,(UT),33.320333,74.83975,1045.0,33.645,263.412
1842,Jammu & Kashmir,(UT),33.320639,74.8445,1211.0,28.499,157.901
1843,Jammu & Kashmir,(UT),33.322166,75.184364,1428.0,38.214,69.286
1844,Jammu & Kashmir,(UT),33.325222,74.84914,1128.0,31.564,246.746
1845,Jammu & Kashmir,(UT),33.32900278,75.96589444,1718.0,33.974,152.438
1846,Jammu & Kashmir,(UT),33.332954,75.286522,2062.0,38.71,313.577
1847,Jammu & Kashmir,(UT),33.34,75.89,1673.0,39.743,102.479
1848,Jammu & Kashmir,(UT),33.34,75.89,1673.0,39.743,102.479
1849,Jammu & Kashmir,(UT),33.34,75.89,1673.0,39.743,102.479
1850,Jammu & Kashmir,(UT),33.35,75.87,1593.0,32.639,194.587
1851,Jammu & Kashmir,(UT),33.35,75.87,1593.0,32.639,194.587
1852,Jammu & Kashmir,(UT),33.35,75.87,1593.0,32.639,194.587
1853,Jammu & Kashmir,(UT),33.35,75.74,1377.0,14.543,233.937
1854,Jammu & Kashmir,(UT),33.35,75.86,1779.0,26.216,133.887
1855,Jammu & Kashmir,(UT),33.35332222,75.83721944,1438.0,18.91,106.765
1856,Jammu & Kashmir,(UT),33.36,75.81,1463.0,23.814,184.192
1857,Jammu & Kashmir,(UT),33.36,75.85,1278.0,9.309,189.441
1858,Jammu & Kashmir,(UT),33.36,75.81,1463.0,23.814,184.192
1859,Jammu & Kashmir,(UT),33.36,75.86,1375.0,37.882,342.293
1860,Jammu & Kashmir,(UT),33.36,75.73,1104.0,3.849,126.933
1861,Jammu & Kashmir,(UT),33.36,75.81,1463.0,23.814,184.192
1862,Jammu & Kashmir,(UT),33.363285,74.7799,1169.0,43.356,357.388
1863,Jammu & Kashmir,(UT),33.37,75.75,1289.0,44.686,259.799
1864,Jammu & Kashmir,(UT),33.37,75.72,1219.0,31.74,147.381
1865,Jammu & Kashmir,(UT),33.37,75.72,1219.0,31.74,147.381
1866,Jammu & Kashmir,(UT),33.37,75.76,1942.0,34.49,222.927
1867,Jammu & Kashmir,(UT),33.371921,74.407908,1292.0,21.747,187.749
1868,Jammu & Kashmir,(UT),33.372261,75.013962,3068.0,34.842,341.532
1869,Jammu & Kashmir,(UT),33.37269444,75.75643889,1589.0,26.657,214.599
1870,Jammu & Kashmir,(UT),33.37541667,75.76091389,1668.0,47.291,253.377
1871,Jammu & Kashmir,(UT),33.37896389,76.27893056,2407.0,9.579,28.561
1872,Jammu & Kashmir,(UT),33.38,74.72,1632.0,27.092,129.863
1873,Jammu & Kashmir,(UT),33.38,75.77,1692.0,19.543,147.971
1874,Jammu & Kashmir,(UT),33.38,75.71,1344.0,42.236,147.777
1875,Jammu & Kashmir,(UT),33.38,75.76,1372.0,38.768,214.701
1876,Jammu & Kashmir,(UT),33.380291,74.926941,2045.0,35.946,136.964
1877,Jammu & Kashmir,(UT),33.383984,75.146248,1551.0,25.49,171.566
1878,Jammu & Kashmir,(UT),33.39,75.63,1741.0,40.007,26.658
1879,Jammu & Kashmir,(UT),33.39,75.71,1391.0,29.455,325.806
1880,Jammu & Kashmir,(UT),33.39,75.63,1741.0,40.007,26.658
1881,Jammu & Kashmir,(UT),33.39,74.72,1303.0,20.265,59.274
1882,Jammu & Kashmir,(UT),33.39,75.63,1741.0,40.007,26.658
1883,Jammu & Kashmir,(UT),33.39,75.64,1465.0,7.749,131.312
1884,Jammu & Kashmir,(UT),33.39,75.64,1465.0,7.749,131.312
1885,Jammu & Kashmir,(UT),33.39,75.64,1465.0,7.749,131.312
1886,Jammu & Kashmir,(UT),33.395485,74.830978,2244.0,36.184,317.988
1887,Jammu & Kashmir,(UT),33.396917,74.4873735,1865.0,17.354,296.46
1888,Jammu & Kashmir,(UT),33.411289,74.801971,2042.0,36.872,252.578
1889,Jammu & Kashmir,(UT),33.411762,74.805908,2258.0,47.959,271.857
1890,Jammu & Kashmir,(UT),33.413551,75.167946,2580.0,26.826,157.476
1891,Jammu & Kashmir,(UT),33.417996,75.120689,1920.0,33.892,301.884
1892,Jammu & Kashmir,(UT),33.42,75.62,1424.0,3.946,321.384
1893,Jammu & Kashmir,(UT),33.42,75.62,1424.0,3.946,321.384
1894,Jammu & Kashmir,(UT),33.421692,75.116486,1973.0,41.04,336.694
1895,Jammu & Kashmir,(UT),33.427975,75.108101,2043.0,28.749,349.258
1896,Jammu & Kashmir,(UT),33.43,75.61,1468.0,6.924,102.822
1897,Jammu & Kashmir,(UT),33.431751,75.102554,2112.0,36.678,304.533
1898,Jammu & Kashmir,(UT),33.43882,75.087502,2278.0,40.73,130.303
1899,Jammu & Kashmir,(UT),33.44,75.61,1927.0,21.554,264.126
1900,Jammu & Kashmir,(UT),33.44,75.61,1927.0,21.554,264.126
1901,Jammu & Kashmir,(UT),33.44,75.61,1927.0,21.554,264.126
1902,Jammu & Kashmir,(UT),33.44,75.58,1806.0,24.723,159.469
1903,Jammu & Kashmir,(UT),33.450512,75.195297,1712.0,16.11,278.946
1904,Jammu & Kashmir,(UT),33.46,75.56,2054.0,38.315,275.873
1905,Jammu & Kashmir,(UT),33.46,75.56,2054.0,38.315,275.873
1906,Jammu & Kashmir,(UT),33.52,75.58,2490.0,28.075,90.482
1907,Jammu & Kashmir,(UT),33.53,75.57,2740.0,32.781,329.866
1908,Jammu & Kashmir,(UT),33.53,75.57,2740.0,32.781,329.866
1909,Jammu & Kashmir,(UT),33.53,75.56,2396.0,13.809,315.453
1910,Jammu & Kashmir,(UT),33.53,75.59,2246.0,26.428,218.166
1911,Jammu & Kashmir,(UT),33.53,75.56,2396.0,13.809,315.453
1912,Jammu & Kashmir,(UT),33.54,75.56,2559.0,38.102,309.055
1913,Jammu & Kashmir,(UT),33.54,75.56,2559.0,38.102,309.055
1914,Jammu & Kashmir,(UT),33.545219,75.197189,2146.0,28.997,70.594
1915,Jammu & Kashmir,(UT),33.547167,75.19861,2104.0,29.981,78.776
1916,Jammu & Kashmir,(UT),33.56,75.56,2942.0,38.248,256.154
1917,Jammu & Kashmir,(UT),33.57,75.55,2981.0,15.304,309.801
1918,Jammu & Kashmir,(UT),33.57,75.55,2981.0,15.304,309.801
1919,Jammu & Kashmir,(UT),33.57515,74.7547,2793.0,21.166,98.674
1920,Jammu & Kashmir,(UT),33.581625,74.363725,2185.0,12.738,339.039
1921,Jammu & Kashmir,(UT),33.59,75.33,2039.0,25.246,59.046
1922,Jammu & Kashmir,(UT),33.593444,75.02253,1888.0,19.561,170.391
1923,Jammu & Kashmir,(UT),33.609917,75.08617,1833.0,20.271,218.895
1924,Jammu & Kashmir,(UT),33.61,75.42,2311.0,26.833,337.43
1925,Jammu & Kashmir,(UT),33.62848889,74.46116111,2611.0,26.341,3.748
1926,Jammu & Kashmir,(UT),33.62848889,74.46116111,2611.0,26.341,3.748
1927,Jammu & Kashmir,(UT),33.63314167,74.47708611,2718.0,18.979,33.298
1928,Jammu & Kashmir,(UT),33.63435556,74.47801944,2735.0,17.923,359.044
1929,Jammu & Kashmir,(UT),33.64,74.57,3366.0,21.292,79.374
1930,Jammu & Kashmir,(UT),33.64,75.32,2049.0,22.439,229.264
1931,Jammu & Kashmir,(UT),33.64,74.57,3366.0,21.292,79.374
1932,Jammu & Kashmir,(UT),33.643583,74.78031,2267.0,16.022,242.015
1933,Jammu & Kashmir,(UT),33.67733056,74.18461389,1728.0,29.692,245.325
1934,Jammu & Kashmir,(UT),33.68142222,74.24935278,1286.0,21.261,130.273
1935,Jammu & Kashmir,(UT),33.733629,74.205005,1210.0,28.272,154.417
1936,Jammu & Kashmir,(UT),33.74345556,74.16026944,1119.0,25.148,133.541
1937,Jammu & Kashmir,(UT),34.05,74.41,2401.0,25.041,74.384
1938,Jammu & Kashmir,(UT),34.07,74.41,2247.0,4.981,158.08
1939,Jammu & Kashmir,(UT),34.14,74.44,1793.0,13.415,245.524
1940,Jammu & Kashmir,(UT),34.17,74.33,1622.0,1.464,238.179
1941,Jammu & Kashmir,(UT),34.216667,78.115833,3543.0,20.163,142.664
1942,Jammu & Kashmir,(UT),34.217219,75.504553,4027.0,34.281,334.514
1943,Jammu & Kashmir,(UT),34.27,74.91,2104.0,35.077,301.635
1944,Jammu & Kashmir,(UT),34.276944,78.058889,3501.0,29.149,126.008
1945,Jammu & Kashmir,(UT),34.28,75.35,2953.0,36.693,338.16
1946,Jammu & Kashmir,(UT),34.39,74.76,2134.0,31.364,277.622
1947,Jammu & Kashmir,(UT),34.44,74.28,1639.0,16.611,118.803
1948,Jammu & Kashmir,(UT),34.44,74.65,1649.0,2.271,304.499
1949,Jammu & Kashmir,(UT),34.486348,77.699676,3315.0,13.129,101.103
1950,Jammu & Kashmir,(UT),34.758333,77.555,3173.0,21.433,318.049
1951,Kerala,Ernakulam,10.02835556,76.81731111,68.0,9.743,149.686
1952,Kerala,Ernakulam,10.02848889,76.3865,38.0,9.37,197.701
1953,Kerala,Ernakulam,10.06025833,76.75845556,143.0,17.586,133.978
1954,Kerala,Ernakulam,10.24692222,76.47715278,106.0,18.897,270.0
1955,Kerala,Idukki,9.51972,76.983047,749.0,22.191,7.699
1956,Kerala,Idukki,9.526361,76.980418,708.0,18.933,84.741
1957,Kerala,Idukki,9.556714,76.972888,791.0,23.622,271.177
1958,Kerala,Idukki,9.608653,77.146307,923.0,6.93,225.405
1959,Kerala,Idukki,9.608653,77.146307,923.0,6.93,225.405
1960,Kerala,Idukki,9.608653,77.146307,923.0,6.93,225.405
1961,Kerala,Idukki,9.611343,77.148419,921.0,13.444,196.61
1962,Kerala,Idukki,9.623611111,76.89027778,170.0,12.302,14.519
1963,Kerala,Idukki,9.636032,77.163613,1024.0,12.75,67.843
1964,Kerala,Idukki,9.685096342,77.05283039,887.0,24.579,241.238
1965,Kerala,Idukki,9.7005,77.1069,1106.0,20.251,257.342
1966,Kerala,Idukki,9.7386,76.8754,678.0,36.416,168.598
1967,Kerala,Idukki,9.743929,76.871225,528.0,21.869,130.47
1968,Kerala,Idukki,9.753602864,77.13547404,1030.0,18.995,197.729
1969,Kerala,Idukki,9.758115,76.887115,656.0,23.011,266.362
1970,Kerala,Idukki,9.763762,76.836386,840.0,22.723,164.859
1971,Kerala,Idukki,9.768134907,77.10829402,909.0,17.569,251.815
1972,Kerala,Idukki,9.768435268,77.12828801,849.0,27.072,210.549
1973,Kerala,Idukki,9.789942971,77.08532125,961.0,17.355,322.227
1974,Kerala,Idukki,9.790765,77.066116,974.0,7.698,129.147
1975,Kerala,Idukki,9.794404,77.060807,993.0,18.283,139.579
1976,Kerala,Idukki,9.794839084,77.08139674,938.0,22.932,148.137
1977,Kerala,Idukki,9.796795,77.067566,967.0,13.115,324.063
1978,Kerala,Idukki,9.796923,77.192568,873.0,10.14,116.875
1979,Kerala,Idukki,9.799008,77.139263,827.0,11.538,329.101
1980,Kerala,Idukki,9.806066024,77.12358836,849.0,7.861,130.592
1981,Kerala,Idukki,9.809305556,76.85438889,651.0,30.485,289.152
1982,Kerala,Idukki,9.809479,77.131411,882.0,20.203,262.284
1983,Kerala,Idukki,9.810211202,77.0641951,792.0,9.459,132.377
1984,Kerala,Idukki,9.810796669,77.09984173,776.0,5.521,98.013
1985,Kerala,Idukki,9.810828425,77.10637625,772.0,15.222,287.285
1986,Kerala,Idukki,9.810954929,77.05932391,825.0,13.781,171.45
1987,Kerala,Idukki,9.811184305,77.09855006,787.0,4.944,132.458
1988,Kerala,Idukki,9.811205599,77.09803073,790.0,6.241,141.299
1989,Kerala,Idukki,9.824954,77.041802,909.0,8.56,65.306
1990,Kerala,Idukki,9.82773,77.002381,986.0,15.593,131.29
1991,Kerala,Idukki,9.828299,77.029682,986.0,14.454,290.396
1992,Kerala,Idukki,9.828943,77.160772,861.0,10.327,20.501
1993,Kerala,Idukki,9.837212,77.173549,936.0,19.063,296.227
1994,Kerala,Idukki,9.838144,77.18461,1010.0,18.121,8.814
1995,Kerala,Idukki,9.839776,76.865554,315.0,11.133,308.041
1996,Kerala,Idukki,9.841728,76.990835,743.0,20.205,298.423
1997,Kerala,Idukki,9.848306,76.991257,806.0,28.371,143.779
1998,Kerala,Idukki,9.848525,77.161483,1039.0,26.327,3.169
1999,Kerala,Idukki,9.849927,77.115583,736.0,23.01,309.388
2000,Kerala,Idukki,9.85135,77.016078,840.0,6.291,277.021
2001,Kerala,Idukki,9.851583,77.016316,848.0,6.442,203.811
2002,Kerala,Idukki,9.852413,76.980052,657.0,19.637,324.905
2003,Kerala,Idukki,9.853193,76.974898,592.0,18.766,318.895
2004,Kerala,Idukki,9.853464,77.148017,1005.0,5.671,312.728
2005,Kerala,Idukki,9.855086,77.150333,1020.0,11.047,325.916
2006,Kerala,Idukki,9.85704,77.122966,1001.0,15.681,289.633
2007,Kerala,Idukki,9.858269,77.121561,988.0,11.602,297.35
2008,Kerala,Idukki,9.85949,76.995536,683.0,22.933,334.469
2009,Kerala,Idukki,9.860248,76.861385,403.0,20.559,138.977
2010,Kerala,Idukki,9.860453,76.887968,228.0,16.774,273.417
2011,Kerala,Idukki,9.860549,77.006415,676.0,24.475,161.308
2012,Kerala,Idukki,9.861544,76.865667,277.0,19.582,149.16
2013,Kerala,Idukki,9.8618,77.104758,745.0,9.101,75.383
2014,Kerala,Idukki,9.869023,76.983852,674.0,17.079,161.844
2015,Kerala,Idukki,9.872103,76.837749,468.0,23.432,204.22
2016,Kerala,Idukki,9.874019,77.016316,788.0,28.619,139.956
2017,Kerala,Idukki,9.875848,76.848728,476.0,21.984,150.205
2018,Kerala,Idukki,9.876945,76.846673,461.0,26.536,160.811
2019,Kerala,Idukki,9.877649,76.981981,593.0,19.947,147.305
2020,Kerala,Idukki,9.878081,76.986869,578.0,15.747,318.476
2021,Kerala,Idukki,9.879064,77.014596,598.0,16.921,154.24
2022,Kerala,Idukki,9.881169,77.120732,885.0,22.396,280.043
2023,Kerala,Idukki,9.882615,77.187536,1126.0,5.697,172.119
2024,Kerala,Idukki,9.882807,77.078393,783.0,21.488,134.106
2025,Kerala,Idukki,9.883083,76.980153,545.0,4.253,232.845
2026,Kerala,Idukki,9.886582,77.052528,854.0,11.895,348.767
2027,Kerala,Idukki,9.89091,76.980355,610.0,18.934,291.507
2028,Kerala,Idukki,9.894852,76.978774,583.0,23.2,270.6
2029,Kerala,Idukki,9.895342,77.038972,770.0,21.96,316.39
2030,Kerala,Idukki,9.897343,77.098639,711.0,21.968,317.298
2031,Kerala,Idukki,9.90698,76.965454,602.0,26.17,130.462
2032,Kerala,Idukki,9.907286,76.982623,520.0,19.066,314.57
2033,Kerala,Idukki,9.908188,76.976757,454.0,12.056,334.725
2034,Kerala,Idukki,9.912635,77.113277,984.0,10.615,332.467
2035,Kerala,Idukki,9.913159,76.958298,537.0,27.037,111.693
2036,Kerala,Idukki,9.914315,77.110644,995.0,20.228,323.562
2037,Kerala,Idukki,9.914739,77.109325,989.0,23.192,329.279
2038,Kerala,Idukki,9.915213,77.051721,665.0,25.214,342.531
2039,Kerala,Idukki,9.923592778,76.98260278,490.0,12.726,336.184
2040,Kerala,Idukki,9.92413,77.06433,764.0,2.123,345.759
2041,Kerala,Idukki,9.925141,77.009453,564.0,16.214,329.882
2042,Kerala,Idukki,9.926536,77.126202,897.0,25.658,172.363
2043,Kerala,Idukki,9.926759,77.01703,658.0,10.34,91.411
2044,Kerala,Idukki,9.928599,77.121639,874.0,17.87,154.894
2045,Kerala,Idukki,9.930246,76.953367,628.0,23.791,301.991
2046,Kerala,Idukki,9.930746,77.004874,820.0,2.565,45.432
2047,Kerala,Idukki,9.931424,77.073147,755.0,5.303,136.543
2048,Kerala,Idukki,9.931993,76.994424,615.0,18.265,318.459
2049,Kerala,Idukki,9.932914,76.9438,630.0,15.902,133.924
2050,Kerala,Idukki,9.933626,77.0839,831.0,16.719,204.197
2051,Kerala,Idukki,9.934642,77.070259,798.0,22.344,114.535
2052,Kerala,Idukki,9.935633889,76.97486139,390.0,28.26,239.911
2053,Kerala,Idukki,9.93704,77.082937,791.0,7.994,187.463
2054,Kerala,Idukki,9.937797222,76.96202222,501.0,9.656,192.381
2055,Kerala,Idukki,9.93918,77.106391,798.0,13.035,309.81
2056,Kerala,Idukki,9.940399,76.93293,629.0,9.07,158.201
2057,Kerala,Idukki,9.942178,76.95499,618.0,9.02,126.455
2058,Kerala,Idukki,9.943964,77.005948,537.0,12.309,311.203
2059,Kerala,Idukki,9.945308333,76.97888611,364.0,26.49,64.939
2060,Kerala,Idukki,9.953476,76.942736,736.0,16.266,159.889
2061,Kerala,Idukki,9.954549,76.998518,658.0,11.927,225.435
2062,Kerala,Idukki,9.95547,77.148699,1033.0,20.093,144.133
2063,Kerala,Idukki,9.957552,77.078162,852.0,13.513,318.383
2064,Kerala,Idukki,9.958272,77.015226,633.0,5.366,256.167
2065,Kerala,Idukki,9.959079,77.129877,942.0,12.634,305.53
2066,Kerala,Idukki,9.967911,77.020629,528.0,15.493,247.115
2067,Kerala,Idukki,9.968324,77.062493,647.0,17.55,301.702
2068,Kerala,Idukki,9.970723,77.054675,735.0,16.849,74.517
2069,Kerala,Idukki,9.970993,77.054832,735.0,16.556,75.117
2070,Kerala,Idukki,9.971438889,76.89408056,738.0,15.69,143.081
2071,Kerala,Idukki,9.971985,77.030018,543.0,21.012,237.458
2072,Kerala,Idukki,9.972498,77.028973,501.0,15.235,227.456
2073,Kerala,Idukki,9.977168,76.998054,461.0,26.403,42.111
2074,Kerala,Idukki,9.979444,76.986111,730.0,17.953,70.568
2075,Kerala,Idukki,9.979716,77.034088,614.0,20.788,321.341
2076,Kerala,Idukki,9.980202,77.000142,476.0,23.479,67.506
2077,Kerala,Idukki,9.980333333,77.03036111,606.0,23.692,21.332
2078,Kerala,Idukki,9.98176,77.132331,1001.0,14.439,6.101
2079,Kerala,Idukki,9.982213,76.99182,577.0,14.443,321.701
2080,Kerala,Idukki,9.982850167,76.85154431,500.0,28.654,323.661
2081,Kerala,Idukki,9.983003843,76.84665713,376.0,2.565,246.36
2082,Kerala,Idukki,9.983651,76.835881,546.0,16.93,324.246
2083,Kerala,Idukki,9.983732,77.005334,501.0,5.484,134.563
2084,Kerala,Idukki,9.984947566,76.84500833,364.0,6.848,294.294
2085,Kerala,Idukki,9.985438889,76.91070833,227.0,27.982,149.573
2086,Kerala,Idukki,9.998928,76.942668,791.0,6.454,173.053
2087,Kerala,Idukki,10.00053,77.00944,575.0,22.626,18.502
2088,Kerala,Idukki,10.000774,77.007892,591.0,20.219,0.0
2089,Kerala,Idukki,10.002694,76.998237,692.0,13.264,7.784
2090,Kerala,Idukki,10.005418,76.991651,676.0,19.743,312.517
2091,Kerala,Idukki,10.01,76.96,562.0,3.827,340.066
2092,Kerala,Idukki,10.01,77.16,971.0,5.121,246.362
2093,Kerala,Idukki,10.011209,77.00884,666.0,25.076,356.647
2094,Kerala,Idukki,10.011409,76.979942,703.0,14.225,319.63
2095,Kerala,Idukki,10.011862,76.964605,597.0,5.667,223.591
2096,Kerala,Idukki,10.017266,76.984647,750.0,24.019,34.259
2097,Kerala,Idukki,10.017696,76.99438,687.0,19.883,353.483
2098,Kerala,Idukki,10.018154,77.009831,779.0,6.143,146.573
2099,Kerala,Idukki,10.02,77.08,878.0,9.375,233.238
2100,Kerala,Idukki,10.02,77.06,771.0,2.811,56.715
2101,Kerala,Idukki,10.022125,76.970194,864.0,11.743,6.299
2102,Kerala,Idukki,10.022568,76.960903,839.0,18.055,352.766
2103,Kerala,Idukki,10.024074,76.976863,932.0,20.809,353.107
2104,Kerala,Idukki,10.024114,76.914381,593.0,9.412,347.283
2105,Kerala,Idukki,10.024591,76.9962,837.0,15.34,156.481
2106,Kerala,Idukki,10.0262,77.0635,895.0,15.616,320.474
2107,Kerala,Idukki,10.028027,76.98991,851.0,17.639,147.944
2108,Kerala,Idukki,10.029819,76.90015,586.0,12.288,34.43
2109,Kerala,Idukki,10.03,77.04,985.0,16.929,312.751
2110,Kerala,Idukki,10.03,77.06,1021.0,25.393,319.199
2111,Kerala,Idukki,10.03,76.94,907.0,19.222,143.004
2112,Kerala,Idukki,10.03,76.98,1116.0,17.614,164.159
2113,Kerala,Idukki,10.0309,76.900786,603.0,16.71,333.857
2114,Kerala,Idukki,10.04,76.95,1024.0,14.895,184.919
2115,Kerala,Idukki,10.0455,76.8472,558.0,21.497,322.968
2116,Kerala,Idukki,10.04814,76.945716,978.0,9.471,345.754
2117,Kerala,Idukki,10.05,77.12,1545.0,1.517,300.574
2118,Kerala,Idukki,10.05,76.87,647.0,15.118,151.785
2119,Kerala,Idukki,10.05,77.05,1340.0,10.038,50.63
2120,Kerala,Idukki,10.0552,77.1071,1544.0,8.849,265.035
2121,Kerala,Idukki,10.06,77.01,1605.0,19.28,117.532
2122,Kerala,Idukki,10.06,76.94,977.0,17.904,343.597
2123,Kerala,Idukki,10.06,77.13,1851.0,13.005,319.325
2124,Kerala,Idukki,10.06,77.06,1326.0,10.328,20.515
2125,Kerala,Idukki,10.06,77.01,1605.0,19.28,117.532
2126,Kerala,Idukki,10.06,76.96,1082.0,17.163,343.702
2127,Kerala,Idukki,10.063173,76.931832,982.0,5.567,100.622
2128,Kerala,Idukki,10.064476,77.101915,1590.0,5.738,169.538
2129,Kerala,Idukki,10.07,77.07,1450.0,5.873,336.478
2130,Kerala,Idukki,10.07,77.07,1450.0,5.873,336.478
2131,Kerala,Idukki,10.07,77.03,1551.0,9.45,3.142
2132,Kerala,Idukki,10.07,77.01,1552.0,9.847,272.966
2133,Kerala,Idukki,10.07,77.16,1672.0,6.657,290.265
2134,Kerala,Idukki,10.07,77.01,1552.0,9.847,272.966
2135,Kerala,Idukki,10.07,77.07,1450.0,5.873,336.478
2136,Kerala,Idukki,10.07,77.05,1515.0,12.289,222.076
2137,Kerala,Idukki,10.07,77.16,1672.0,6.657,290.265
2138,Kerala,Idukki,10.07,77.02,1580.0,6.958,186.439
2139,Kerala,Idukki,10.07,77.04,1517.0,3.175,80.681
2140,Kerala,Idukki,10.08,77.04,1652.0,23.656,354.022
2141,Kerala,Idukki,10.08,77.08,1620.0,12.303,165.462
2142,Kerala,Idukki,10.08,77.08,1620.0,12.303,165.462
2143,Kerala,Idukki,10.08,77.08,1620.0,12.303,165.462
2144,Kerala,Idukki,10.08,77.04,1652.0,23.656,354.022
2145,Kerala,Idukki,10.081212,76.950995,1000.0,10.06,155.705
2146,Kerala,Idukki,10.08408333,77.07844444,1474.0,3.488,228.456
2147,Kerala,Idukki,10.0842,77.0608,1469.0,13.189,149.594
2148,Kerala,Idukki,10.09,77.05,1532.0,17.376,146.358
2149,Kerala,Idukki,10.09,77.07,1524.0,6.493,341.295
2150,Kerala,Idukki,10.09,77.07,1524.0,6.493,341.295
2151,Kerala,Idukki,10.09,77.11,1608.0,7.564,324.266
2152,Kerala,Idukki,10.09,77.07,1524.0,6.493,341.295
2153,Kerala,Idukki,10.09,77.17,1990.0,24.419,357.696
2154,Kerala,Idukki,10.09,77.09,1619.0,14.155,29.235
2155,Kerala,Idukki,10.098874,76.928149,753.0,17.058,72.097
2156,Kerala,Idukki,10.105038,76.919146,785.0,27.039,143.208
2157,Kerala,Idukki,10.11,77.15,1671.0,7.865,49.434
2158,Kerala,Idukki,10.11,77.13,1594.0,1.294,217.301
2159,Kerala,Idukki,10.11,77.13,1594.0,1.294,217.301
2160,Kerala,Idukki,10.11,77.16,1708.0,7.209,324.754
2161,Kerala,Idukki,10.11,77.06,1518.0,5.313,258.861
2162,Kerala,Idukki,10.11,76.93,702.0,7.387,108.168
2163,Kerala,Idukki,10.11,77.15,1671.0,7.865,49.434
2164,Kerala,Idukki,10.11,77.06,1518.0,5.313,258.861
2165,Kerala,Idukki,10.12,76.93,752.0,18.555,287.924
2166,Kerala,Idukki,10.12,77.17,1802.0,10.834,282.194
2167,Kerala,Idukki,10.128558,76.931656,533.0,15.817,177.231
2168,Kerala,Idukki,10.13,77.04,1609.0,14.622,168.908
2169,Kerala,Idukki,10.13,77.04,1609.0,14.622,168.908
2170,Kerala,Idukki,10.13,77.06,1593.0,5.61,236.724
2171,Kerala,Idukki,10.13,77.05,1663.0,11.819,281.138
2172,Kerala,Idukki,10.13,76.95,460.0,4.981,275.916
2173,Kerala,Idukki,10.13,77.06,1593.0,5.61,236.724
2174,Kerala,Idukki,10.14,77.19,1665.0,12.282,241.672
2175,Kerala,Idukki,10.14,76.91,417.0,14.975,142.113
2176,Kerala,Idukki,10.14,76.92,359.0,8.029,206.928
2177,Kerala,Idukki,10.14,77.18,1633.0,6.593,166.298
2178,Kerala,Idukki,10.15,76.91,410.0,13.897,275.208
2179,Kerala,Idukki,10.15,77.05,2198.0,51.735,27.664
2180,Kerala,Idukki,10.15,77.08,1829.0,13.197,310.635
2181,Kerala,Idukki,10.15,77.11,1608.0,25.724,229.261
2182,Kerala,Idukki,10.16,76.91,335.0,11.726,61.57
2183,Kerala,Idukki,10.19,77.24,2242.0,24.017,52.056
2184,Kerala,Idukki,10.21,77.19,1613.0,16.102,254.662
2185,Kerala,Kannur,11.843739,75.916814,716.0,4.843,234.332
2186,Kerala,Kannur,11.850106,75.797714,721.0,35.302,192.35
2187,Kerala,Kannur,11.8502,75.8592,841.0,25.497,202.639
2188,Kerala,Kannur,11.850508,75.907461,453.0,20.873,204.912
2189,Kerala,Kannur,11.85291389,75.85624722,625.0,19.877,203.173
2190,Kerala,Kannur,11.853167,75.785297,514.0,14.154,152.938
2191,Kerala,Kannur,11.855917,75.675744,146.0,3.984,238.941
2192,Kerala,Kannur,11.867225,75.793769,543.0,15.114,240.073
2193,Kerala,Kannur,11.887533,75.804572,148.0,6.037,72.706
2194,Kerala,Kannur,11.9106,75.861,440.0,17.722,201.93
2195,Kerala,Kannur,11.915508,75.836161,274.0,22.463,165.205
2196,Kerala,Kannur,12.004511,75.612503,166.0,19.844,58.485
2197,Kerala,Kannur,12.034658,75.701978,193.0,16.29,316.253
2198,Kerala,Kannur,12.0643,75.7608,374.0,13.414,337.345
2199,Kerala,Kannur,12.068303,75.718081,109.0,11.215,158.245
2200,Kerala,Kannur,12.091031,75.705178,247.0,20.44,52.074
2201,Kerala,Kannur,12.09855556,75.69021667,343.0,22.252,232.858
2202,Kerala,Kannur,12.120367,75.616419,399.0,22.468,347.816
2203,Kerala,Kannur,12.136206,75.585089,587.0,23.144,322.995
2204,Kerala,Kannur,12.138544,75.588086,573.0,23.897,99.923
2205,Kerala,Kannur,12.182444,75.513872,591.0,27.005,342.148
2206,Kerala,Kollam,8.832028,77.190336,1108.0,19.413,205.191
2207,Kerala,Kollam,8.965528,77.090472,197.0,9.855,95.936
2208,Kerala,Kollam,8.968028,77.13825,255.0,7.974,294.637
2209,Kerala,Kollam,9.019408,77.049903,119.0,6.673,202.874
2210,Kerala,Kollam,9.031964,77.102208,537.0,20.751,129.804
2211,Kerala,Kottayam,9.648758333,76.88862222,390.0,14.827,71.193
2212,Kerala,Kottayam,9.656433333,76.90389167,587.0,21.461,336.069
2213,Kerala,Kottayam,9.65845,76.90136944,661.0,23.458,13.355
2214,Kerala,Kottayam,9.659355556,76.89671944,796.0,25.976,338.61
2215,Kerala,Kottayam,9.691,76.8251,81.0,15.457,141.231
2216,Kerala,Kottayam,9.707702778,76.88578611,594.0,19.661,280.869
2217,Kerala,Kottayam,9.731683333,76.821975,437.0,26.537,102.466
2218,Kerala,Kottayam,9.733877778,76.82231111,435.0,26.162,58.59
2219,Kerala,Kozhikode,11.300098,76.056775,111.0,12.43,11.994
2220,Kerala,Kozhikode,11.30941,76.04953,139.0,16.228,202.192
2221,Kerala,Kozhikode,11.3114,76.0335,106.0,20.46,170.816
2222,Kerala,Kozhikode,11.326111,76.075639,83.0,6.587,314.437
2223,Kerala,Kozhikode,11.331245,76.100913,587.0,13.435,265.687
2224,Kerala,Kozhikode,11.338389,76.129556,433.0,16.412,152.187
2225,Kerala,Kozhikode,11.354191,76.058962,204.0,20.372,302.976
2226,Kerala,Kozhikode,11.383336,76.014775,49.0,9.831,281.967
2227,Kerala,Kozhikode,11.392986,76.077699,628.0,15.895,232.037
2228,Kerala,Kozhikode,11.397517,76.081975,721.0,10.087,287.637
2229,Kerala,Kozhikode,11.422892,76.060725,430.0,16.188,246.279
2230,Kerala,Kozhikode,11.424114,76.036125,117.0,22.715,99.885
2231,Kerala,Kozhikode,11.4337,75.9931,139.0,23.931,277.561
2232,Kerala,Kozhikode,11.458361,76.063011,534.0,12.19,12.248
2233,Kerala,Kozhikode,11.495,76.22874,118.0,9.932,95.889
2234,Kerala,Kozhikode,11.4978,75.8647,476.0,29.648,336.257
2235,Kerala,Kozhikode,11.501625,76.004372,130.0,12.43,12.003
2236,Kerala,Kozhikode,11.503183,76.006814,169.0,13.346,279.811
2237,Kerala,Kozhikode,11.518705,75.877626,318.0,31.803,178.306
2238,Kerala,Kozhikode,11.526944,75.890556,236.0,23.42,185.465
2239,Kerala,Kozhikode,11.529722,75.876111,69.0,2.228,143.908
2240,Kerala,Kozhikode,11.539167,75.905278,95.0,12.315,202.208
2241,Kerala,Kozhikode,11.549444,75.896111,66.0,2.034,230.77
2242,Kerala,Kozhikode,11.563889,75.899722,355.0,24.912,293.36
2243,Kerala,Kozhikode,11.6275,75.817222,57.0,0.941,303.144
2244,Kerala,Kozhikode,11.636389,75.870833,411.0,21.487,331.47
2245,Kerala,Kozhikode,11.647222,75.847778,190.0,13.655,356.753
2246,Kerala,Kozhikode,11.664722,75.843611,337.0,16.504,277.841
2247,Kerala,Kozhikode,11.666667,75.833611,234.0,14.914,267.1
2248,Kerala,Kozhikode,11.6925,75.806389,133.0,8.788,281.735
2249,Kerala,Kozhikode,11.696944,75.8075,167.0,9.542,280.78
2250,Kerala,Kozhikode,11.704444,75.788438,301.0,16.23,9.066
2251,Kerala,Kozhikode,11.705823,75.830149,639.0,13.395,48.692
2252,Kerala,Kozhikode,11.706389,75.761111,379.0,13.354,288.764
2253,Kerala,Kozhikode,11.711389,75.798611,249.0,10.966,37.989
2254,Kerala,Kozhikode,11.721944,75.8975,1074.0,32.225,190.482
2255,Kerala,Kozhikode,11.722778,75.7725,646.0,31.062,22.383
2256,Kerala,Kozhikode,11.72522222,75.81052778,529.0,28.161,29.238
2257,Kerala,Kozhikode,11.731667,75.764722,867.0,14.416,272.003
2258,Kerala,Malappuram,11.1501,75.9666,59.0,4.989,231.872
2259,Kerala,Malappuram,11.24485,76.14259,115.0,19.724,31.581
2260,Kerala,Malappuram,11.275,76.123,126.0,5.796,212.782
2261,Kerala,Malappuram,11.275861,76.087222,85.0,10.011,19.711
2262,Kerala,Malappuram,11.275861,76.088361,82.0,14.369,341.227
2263,Kerala,Malappuram,11.284139,76.076333,90.0,12.234,251.898
2264,Kerala,Malappuram,11.33282,76.13535,491.0,13.904,125.492
2265,Kerala,Malappuram,11.335364,76.138392,368.0,19.025,153.998
2266,Kerala,Malappuram,11.376082,76.213301,238.0,18.648,74.562
2267,Kerala,Malappuram,11.385613,76.208732,620.0,25.317,52.579
2268,Kerala,Malappuram,11.387579,76.35298,107.0,7.31,90.0
2269,Kerala,Malappuram,11.38772222,76.34736111,86.0,15.514,230.873
2270,Kerala,Malappuram,11.39051,76.35817,210.0,24.369,210.381
2271,Kerala,Malappuram,11.398825,76.359265,126.0,19.452,286.248
2272,Kerala,Malappuram,11.3995,76.22813889,275.0,17.893,351.019
2273,Kerala,Malappuram,11.39958333,76.22133333,332.0,13.079,29.542
2274,Kerala,Malappuram,11.40642222,76.2381,212.0,21.859,83.571
2275,Kerala,Malappuram,11.412556,76.375736,404.0,20.457,311.471
2276,Kerala,Malappuram,11.417075,76.377922,447.0,17.697,246.788
2277,Kerala,Malappuram,11.418943,76.378478,460.0,23.041,249.605
2278,Kerala,Malappuram,11.419903,76.23705,78.0,2.673,78.908
2279,Kerala,Malappuram,11.4315,76.389,590.0,24.215,234.602
2280,Kerala,Malappuram,11.4507,76.26667,108.0,14.604,1.008
2281,Kerala,Malappuram,11.46581,76.22296,132.0,2.084,149.755
2282,Kerala,Malappuram,11.527347,75.863507,127.0,13.822,170.347
2283,Kerala,Palakkad,10.451009,76.66347,1062.0,7.467,236.751
2284,Kerala,Palakkad,10.451523,76.666232,1107.0,15.477,250.084
2285,Kerala,Palakkad,10.46591,76.5648,349.0,28.786,160.072
2286,Kerala,Palakkad,10.47619444,76.57002778,424.0,23.696,225.9
2287,Kerala,Palakkad,10.50813,76.627101,794.0,27.593,227.24
2288,Kerala,Palakkad,10.514844,76.714898,1022.0,33.336,132.003
2289,Kerala,Palakkad,10.517591,76.635992,611.0,31.259,228.813
2290,Kerala,Palakkad,10.519469,76.70468,975.0,7.493,138.704
2291,Kerala,Palakkad,10.51991667,76.62911111,319.0,15.699,124.009
2292,Kerala,Palakkad,10.523768,76.6528,504.0,25.279,228.985
2293,Kerala,Palakkad,10.5249,76.6414,510.0,32.978,197.2
2294,Kerala,Palakkad,10.526381,76.720458,1221.0,26.809,50.212
2295,Kerala,Palakkad,10.52648,76.639218,403.0,30.318,176.865
2296,Kerala,Palakkad,10.52663889,76.655,519.0,30.481,236.148
2297,Kerala,Palakkad,10.526765,76.625365,261.0,25.368,136.837
2298,Kerala,Palakkad,10.527023,76.62514,260.0,25.705,139.093
2299,Kerala,Palakkad,10.528,76.6587,637.0,29.311,221.233
2300,Kerala,Palakkad,10.52886,76.659552,628.0,25.745,208.892
2301,Kerala,Palakkad,10.528954,76.744945,1227.0,19.589,47.034
2302,Kerala,Palakkad,10.529618,76.74376,1299.0,25.368,51.302
2303,Kerala,Palakkad,10.535642,76.673373,756.0,24.538,329.975
2304,Kerala,Palakkad,10.538607,76.667587,795.0,27.059,253.132
2305,Kerala,Palakkad,10.542128,76.666089,629.0,33.734,250.757
2306,Kerala,Palakkad,10.5494,76.5612,134.0,6.508,74.0
2307,Kerala,Palakkad,10.553,76.5578,158.0,19.475,264.168
2308,Kerala,Palakkad,10.621085,76.537792,212.0,23.061,348.86
2309,Kerala,Palakkad,10.625742,76.513723,78.0,4.622,0.0
2310,Kerala,Palakkad,10.625965,76.539455,106.0,21.24,143.992
2311,Kerala,Palakkad,10.625965,76.539455,106.0,21.24,143.992
2312,Kerala,Palakkad,10.6276,76.5327,181.0,36.469,159.364
2313,Kerala,Palakkad,10.629437,76.532611,92.0,12.218,158.975
2314,Kerala,Palakkad,10.6295,76.5258,127.0,20.996,202.398
2315,Kerala,Palakkad,10.825098,76.734842,135.0,0.257,180.0
2316,Kerala,Palakkad,10.836851,76.778284,478.0,29.801,24.533
2317,Kerala,Palakkad,10.851405,76.31827,87.0,9.244,125.42
2318,Kerala,Palakkad,10.863184,76.629953,330.0,28.724,343.516
2319,Kerala,Palakkad,10.867341,76.602978,530.0,38.497,264.166
2320,Kerala,Palakkad,10.888613,76.579875,743.0,28.786,22.516
2321,Kerala,Palakkad,10.890288,76.675562,730.0,36.19,282.768
2322,Kerala,Palakkad,10.909665,76.62285,1253.0,33.764,13.049
2323,Kerala,Palakkad,10.93366667,76.55814722,204.0,21.96,334.461
2324,Kerala,Palakkad,10.94708611,76.55448611,243.0,20.994,309.202
2325,Kerala,Palakkad,10.97659,76.55491,285.0,25.96,196.375
2326,Kerala,Palakkad,10.976649,76.58429,371.0,19.229,199.941
2327,Kerala,Palakkad,10.97710278,76.59575556,475.0,17.191,201.698
2328,Kerala,Palakkad,10.97715833,76.59856389,511.0,16.931,205.84
2329,Kerala,Palakkad,10.97759444,76.55097778,146.0,16.861,218.238
2330,Kerala,Palakkad,10.982903,76.595173,659.0,27.214,335.281
2331,Kerala,Palakkad,11.00204444,76.57813889,217.0,10.021,344.993
2332,Kerala,Palakkad,11.029352,76.523,214.0,24.978,195.381
2333,Kerala,Palakkad,11.032583,76.551617,478.0,15.373,4.774
2334,Kerala,Palakkad,11.033667,76.656164,814.0,9.121,132.177
2335,Kerala,Palakkad,11.038653,76.530202,336.0,23.068,23.427
2336,Kerala,Palakkad,11.046358,76.540755,435.0,18.927,10.768
2337,Kerala,Palakkad,11.04794,76.400202,99.0,6.864,299.019
2338,Kerala,Palakkad,11.04922,76.53708,540.0,4.969,270.0
2339,Kerala,Palakkad,11.062219,76.551442,583.0,11.718,5.063
2340,Kerala,Palakkad,11.066597,76.576697,773.0,23.9,216.8
2341,Kerala,Palakkad,11.067333,76.654139,586.0,18.604,72.128
2342,Kerala,Palakkad,11.069944,76.653567,589.0,22.193,86.844
2343,Kerala,Palakkad,11.070222,76.653306,606.0,26.587,78.088
2344,Kerala,Palakkad,11.071944,76.655056,575.0,18.796,47.697
2345,Kerala,Palakkad,11.076167,76.641472,651.0,8.079,268.187
2346,Kerala,Palakkad,11.077361,76.659667,591.0,27.604,37.787
2347,Kerala,Palakkad,11.078136,76.676211,751.0,18.426,235.513
2348,Kerala,Palakkad,11.131272,76.557142,1350.0,27.222,107.794
2349,Kerala,Palakkad,11.135264,76.528203,989.0,18.898,261.702
2350,Kerala,Palakkad,11.170097,76.568175,1006.0,20.393,142.883
2351,Kerala,Pathanamthitta,9.170569444,76.87509167,79.0,14.267,300.814
2352,Kerala,Pathanamthitta,9.178389,76.879028,123.0,21.311,171.955
2353,Kerala,Pathanamthitta,9.18425,76.887844,83.0,10.126,116.917
2354,Kerala,Pathanamthitta,9.2339,76.933897,202.0,22.248,301.068
2355,Kerala,Pathanamthitta,9.268941667,76.96807222,189.0,12.644,48.644
2356,Kerala,Pathanamthitta,9.269308333,76.96805,196.0,15.268,50.079
2357,Kerala,Pathanamthitta,9.310505556,76.99689167,295.0,14.282,142.561
2358,Kerala,Pathanamthitta,9.31625,76.94988056,137.0,20.766,144.818
2359,Kerala,Pathanamthitta,9.343591667,76.93378611,125.0,12.261,7.22
2360,Kerala,Pathanamthitta,9.411836111,76.973325,196.0,5.849,41.809
2361,Kerala,Thiruvananthapuram,8.722097222,76.71483056,11.0,8.744,327.873
2362,Kerala,Thiruvananthapuram,8.725230556,76.71186667,16.0,13.477,313.903
2363,Kerala,Thiruvananthapuram,8.72523056,76.71186667,16.0,13.477,313.903
2364,Kerala,Thiruvananthapuram,8.728458333,76.70914722,19.0,13.491,312.377
2365,Kerala,Thiruvananthapuram,8.743139,77.161028,1003.0,4.676,270.0
2366,Kerala,Thiruvananthapuram,8.747056,77.132944,799.0,18.244,311.887
2367,Kerala,Thiruvananthapuram,8.764472,77.078611,161.0,9.734,210.223
2368,Kerala,Thiruvananthapuram,8.809139,77.12625,169.0,2.583,142.803
2369,Kerala,Thrissur,10.29795833,76.82603611,915.0,3.657,270.0
2370,Kerala,Thrissur,10.30138333,76.78339444,881.0,17.737,216.83
2371,Kerala,Thrissur,10.30290278,76.75796944,883.0,13.499,203.538
2372,Kerala,Thrissur,10.31242778,76.73735,879.0,15.33,349.444
2373,Kerala,Thrissur,10.31509722,76.7335,925.0,11.321,170.815
2374,Kerala,Thrissur,10.439975,76.43793889,49.0,2.689,343.036
2375,Kerala,Thrissur,10.47921667,76.32351667,94.0,13.838,242.881
2376,Kerala,Thrissur,10.48766111,76.32200556,60.0,16.062,194.706
2377,Kerala,Thrissur,10.51476667,76.33656389,96.0,10.891,221.667
2378,Kerala,Thrissur,10.55973611,76.34181389,49.0,8.184,20.455
2379,Kerala,Thrissur,10.56536667,76.30219722,52.0,8.634,96.795
2380,Kerala,Thrissur,10.57234444,76.35405,51.0,11.685,182.532
2381,Kerala,Thrissur,10.57328611,76.38566389,100.0,17.002,141.126
2382,Kerala,Thrissur,10.57592778,76.37895556,121.0,10.861,287.718
2383,Kerala,Thrissur,10.62977778,76.23077778,126.0,18.079,263.681
2384,Kerala,Wayanad,11.489735,76.158496,908.0,16.79,162.313
2385,Kerala,Wayanad,11.496489,76.16076,855.0,2.399,310.028
2386,Kerala,Wayanad,11.502222,76.164722,853.0,12.656,258.462
2387,Kerala,Wayanad,11.506867,76.030142,539.0,24.036,316.48
2388,Kerala,Wayanad,11.507432,76.13507,967.0,17.405,101.572
2389,Kerala,Wayanad,11.52101944,76.13565,856.0,8.904,124.988
2390,Kerala,Wayanad,11.524853,76.169294,867.0,14.728,346.897
2391,Kerala,Wayanad,11.530277,76.14,825.0,11.722,127.31
2392,Kerala,Wayanad,11.531636,76.182614,862.0,8.404,254.121
2393,Kerala,Wayanad,11.5356,76.0215,784.0,13.784,321.93
2394,Kerala,Wayanad,11.53666667,76.03577778,758.0,9.0,51.398
2395,Kerala,Wayanad,11.53786111,76.059,926.0,16.155,274.446
2396,Kerala,Wayanad,11.538517,76.151192,829.0,7.417,305.912
2397,Kerala,Wayanad,11.53888,76.02722,771.0,7.209,307.13
2398,Kerala,Wayanad,11.540817,76.172769,894.0,13.218,118.56
2399,Kerala,Wayanad,11.54358333,76.01352778,813.0,7.3,18.789
2400,Kerala,Wayanad,11.54502778,76.01083333,842.0,21.022,341.211
2401,Kerala,Wayanad,11.54769444,76.00922222,909.0,20.385,297.343
2402,Kerala,Wayanad,11.54777778,76.00877778,892.0,16.721,299.563
2403,Kerala,Wayanad,11.54819444,76.20772222,874.0,5.089,30.98
2404,Kerala,Wayanad,11.54969444,76.05577778,857.0,9.357,231.173
2405,Kerala,Wayanad,11.55508333,76.00147222,951.0,15.229,102.385
2406,Kerala,Wayanad,11.55683333,76.12963889,857.0,12.996,263.295
2407,Kerala,Wayanad,11.55875,76.00136111,1021.0,16.765,357.383
2408,Kerala,Wayanad,11.560225,76.136717,838.0,7.95,195.226
2409,Kerala,Wayanad,11.56580556,76.11833333,806.0,13.735,102.739
2410,Kerala,Wayanad,11.567777,76.028333,754.0,7.075,94.151
2411,Kerala,Wayanad,11.569444,76.019166,794.0,10.196,157.52
2412,Kerala,Wayanad,11.57958333,76.09408333,762.0,6.803,272.158
2413,Kerala,Wayanad,11.580555,76.0625,792.0,5.931,342.007
2414,Kerala,Wayanad,11.581388,76.062777,801.0,3.352,23.041
2415,Kerala,Wayanad,11.58372222,76.195,813.0,4.889,285.223
2416,Kerala,Wayanad,11.58425,76.19588889,806.0,2.339,63.904
2417,Kerala,Wayanad,11.58455556,76.03836111,774.0,11.45,300.665
2418,Kerala,Wayanad,11.585,76.06333,821.0,2.418,257.719
2419,Kerala,Wayanad,11.58516667,76.04786111,767.0,5.494,59.093
2420,Kerala,Wayanad,11.5855,76.03833333,783.0,10.407,28.314
2421,Kerala,Wayanad,11.59002778,76.2085,883.0,9.613,197.324
2422,Kerala,Wayanad,11.59483333,76.08002778,754.0,6.986,243.905
2423,Kerala,Wayanad,11.598889,75.823889,41.0,7.934,216.316
2424,Kerala,Wayanad,11.60169444,76.06908333,760.0,11.738,204.788
2425,Kerala,Wayanad,11.605889,75.987703,1097.0,17.282,109.393
2426,Kerala,Wayanad,11.6066,76.0077,745.0,1.994,292.773
2427,Kerala,Wayanad,11.631168,76.232848,1026.0,23.314,297.97
2428,Kerala,Wayanad,11.63177778,75.98794444,810.0,13.081,165.134
2429,Kerala,Wayanad,11.63194444,75.98744444,808.0,13.393,178.896
2430,Kerala,Wayanad,11.632222,75.947778,918.0,11.036,160.78
2431,Kerala,Wayanad,11.636456,76.201071,887.0,20.918,177.249
2432,Kerala,Wayanad,11.64625,76.03088889,738.0,5.99,190.069
2433,Kerala,Wayanad,11.658103,75.978842,802.0,12.413,156.678
2434,Kerala,Wayanad,11.661104,75.944221,793.0,10.174,108.988
2435,Kerala,Wayanad,11.67075,75.93683333,831.0,16.054,103.54
2436,Kerala,Wayanad,11.671605,75.965091,798.0,8.515,201.567
2437,Kerala,Wayanad,11.677335,75.935827,911.0,14.109,118.849
2438,Kerala,Wayanad,11.683847,75.943592,809.0,16.474,77.723
2439,Kerala,Wayanad,11.7034,75.9369,848.0,18.849,22.932
2440,Kerala,Wayanad,11.722222,75.809167,421.0,17.535,17.75
2441,Kerala,Wayanad,11.801975,75.907781,768.0,10.04,228.73
2442,Kerala,Wayanad,11.811678,75.929156,778.0,6.218,335.091
2443,Kerala,Wayanad,11.83477778,75.93636111,735.0,2.33,6.477
2444,Kerala,Wayanad,11.83644444,75.93258333,732.0,5.254,296.076
2445,Kerala,Wayanad,11.83658333,75.932,726.0,5.896,321.527
2446,Kerala,Wayanad,11.83827778,75.9175,718.0,2.677,281.075
2447,Kerala,Wayanad,11.84044444,75.95202778,747.0,4.63,3.249
2448,Kerala,Wayanad,11.84061111,75.95144444,747.0,4.091,324.726
2449,Kerala,Wayanad,11.918083,76.016539,1057.0,23.875,10.155
2450,Kerala,kundu,11.13115556,76.38610833,312.0,22.188,132.203
2451,Maharashtra,Ahilyanagar,19.430999,73.784079,909.0,15.431,229.393
2452,Maharashtra,Ahmednagar,19.347917,73.86889,990.0,16.34,82.075
2453,Maharashtra,Ahmednagar,19.423649,73.806303,834.0,6.666,357.665
2454,Maharashtra,Ahmednagar,19.427522,73.802967,873.0,2.586,6.053
2455,Maharashtra,Ahmednagar,19.427778,73.802778,874.0,1.637,19.466
2456,Maharashtra,Ahmednagar,19.428889,73.801944,880.0,2.468,33.534
2457,Maharashtra,Ahmednagar,19.440278,73.835278,722.0,6.541,274.493
2458,Maharashtra,Ahmednagar,19.454444,73.793611,780.0,21.007,10.724
2459,Maharashtra,Ahmednagar,19.462222,73.720278,883.0,7.079,265.852
2460,Maharashtra,Ahmednagar,19.549444,73.763889,698.0,8.09,325.245
2461,Maharashtra,Dapoli,17.564,73.212,184.0,6.71,336.393
2462,Maharashtra,Dapoli,17.588,73.175,30.0,10.199,356.997
2463,Maharashtra,Dapoli,17.59,73.172,60.0,13.886,357.815
2464,Maharashtra,Dapoli,17.665,73.247,177.0,14.717,55.645
2465,Maharashtra,Gargoti,16.256,74.137,850.0,22.672,233.746
2466,Maharashtra,Guhagar,17.488,73.204,69.0,1.905,277.759
2467,Maharashtra,Kankavli,16.357,73.833,346.0,22.313,122.43
2468,Maharashtra,Kankavli,16.359,73.825,199.0,11.096,123.343
2469,Maharashtra,Kankavli,16.379,73.858,577.0,28.777,274.221
2470,Maharashtra,Kolhapur,15.824444,74.048056,662.0,20.592,352.862
2471,Maharashtra,Kolhapur,15.825472,74.056389,720.0,18.522,7.205
2472,Maharashtra,Kolhapur,15.825556,74.0575,723.0,15.851,355.284
2473,Maharashtra,Kolhapur,15.955556,74.156944,845.0,9.32,170.166
2474,Maharashtra,Kolhapur,16.190556,74.081667,598.0,10.532,281.144
2475,Maharashtra,Kolhapur,16.758028,73.797861,432.0,21.063,16.997
2476,Maharashtra,Kolhapur,16.974944,73.789842,616.0,8.62,126.343
2477,Maharashtra,Kolhapur,17.021994,73.868439,635.0,14.918,298.168
2478,Maharashtra,Kolhapur,17.025375,73.861919,671.0,20.434,61.955
2479,Maharashtra,Pune,18.106541,73.621345,820.0,17.304,168.627
2480,Maharashtra,Pune,18.18398889,73.58443611,373.0,6.854,329.25
2481,Maharashtra,Pune,18.25,73.54,832.0,15.859,341.56
2482,Maharashtra,Pune,18.26855,73.59893,931.0,22.421,34.175
2483,Maharashtra,Pune,18.27354,73.602259,827.0,7.067,122.92
2484,Maharashtra,Pune,18.28,73.59,855.0,15.085,181.006
2485,Maharashtra,Pune,18.33,73.67,776.0,11.708,297.073
2486,Maharashtra,Pune,18.34,73.56,626.0,8.407,96.983
2487,Maharashtra,Pune,18.34,73.62,821.0,21.434,161.736
2488,Maharashtra,Pune,18.34,73.62,821.0,21.434,161.736
2489,Maharashtra,Pune,18.34,73.62,821.0,21.434,161.736
2490,Maharashtra,Pune,18.35,73.57,625.0,1.064,194.756
2491,Maharashtra,Pune,18.36,73.65,754.0,21.226,133.023
2492,Maharashtra,Pune,18.36,73.77,1013.0,21.395,4.156
2493,Maharashtra,Pune,18.3619,73.77245,1085.0,14.051,158.944
2494,Maharashtra,Pune,18.37,73.76,996.0,18.32,151.855
2495,Maharashtra,Pune,18.38,73.57,682.0,12.415,178.768
2496,Maharashtra,Pune,18.38,73.78,786.0,26.404,150.283
2497,Maharashtra,Pune,18.386385,73.774554,850.0,14.958,136.296
2498,Maharashtra,Pune,18.39,73.51,632.0,0.374,313.499
2499,Maharashtra,Pune,18.40485,73.51162,844.0,17.536,253.484
2500,Maharashtra,Pune,18.41,73.53,1099.0,4.512,308.759
2501,Maharashtra,Pune,18.41,73.53,1099.0,4.512,308.759
2502,Maharashtra,Pune,18.41,73.69,795.0,15.091,357.988
2503,Maharashtra,Pune,18.45289444,73.49095278,728.0,8.881,54.906
2504,Maharashtra,Pune,18.46,73.63,730.0,12.982,346.942
2505,Maharashtra,Pune,18.46,73.54,730.0,15.698,7.746
2506,Maharashtra,Pune,18.47,73.64,790.0,18.723,191.28
2507,Maharashtra,Pune,18.47,73.65,831.0,22.548,193.186
2508,Maharashtra,Pune,18.47,73.64,790.0,18.723,191.28
2509,Maharashtra,Pune,18.47662,73.45907,620.0,15.849,139.415
2510,Maharashtra,Pune,18.51,73.71,612.0,1.567,170.032
2511,Maharashtra,Pune,18.57,73.36,680.0,7.418,338.659
2512,Maharashtra,Pune,18.60092,73.41089,734.0,13.879,265.83
2513,Maharashtra,Pune,19.01,73.85,749.0,6.206,187.531
2514,Maharashtra,Pune,19.027222,73.594167,869.0,6.073,212.402
2515,Maharashtra,Pune,19.074167,73.726944,789.0,25.444,10.941
2516,Maharashtra,Pune,19.075833,73.562778,1002.0,7.742,306.488
2517,Maharashtra,Pune,19.09314,73.79751,698.0,2.165,298.369
2518,Maharashtra,Pune,19.111944,73.7425,722.0,17.59,313.967
2519,Maharashtra,Pune,19.116389,73.614167,749.0,11.49,54.935
2520,Maharashtra,Pune,19.121389,73.619167,767.0,23.205,236.27
2521,Maharashtra,Pune,19.121667,73.614167,800.0,17.065,102.678
2522,Maharashtra,Pune,19.1625,73.682222,882.0,25.801,296.485
2523,Maharashtra,Pune,19.165,73.68111,887.0,25.312,279.842
2524,Maharashtra,Pune,19.175556,73.746667,1182.0,18.828,167.106
2525,Maharashtra,Pune,19.196389,73.705,925.0,23.19,210.71
2526,Maharashtra,Pune,19.21386111,73.68444444,821.0,6.609,345.74
2527,Maharashtra,Pune,19.269722,73.825278,888.0,21.78,47.588
2528,Maharashtra,Pune,19.298889,73.798611,733.0,12.107,169.777
2529,Maharashtra,Pune,19.347716,73.770507,444.0,15.02,202.974
2530,Maharashtra,Pune,19.778579,73.784894,616.0,0.946,35.316
2531,Maharashtra,Radhanagari,16.251,74.038,821.0,20.655,263.157
2532,Maharashtra,Radhanagari,16.375,74.043,608.0,13.879,178.914
2533,Maharashtra,Radhanagari,16.65,74.017,583.0,10.115,223.1
2534,Maharashtra,Raigad,17.89287,73.5264,675.0,6.997,17.918
2535,Maharashtra,Raigad,17.89681,73.52662,574.0,28.837,139.345
2536,Maharashtra,Raigad,17.94828,73.57978,684.0,32.713,180.421
2537,Maharashtra,Raigad,17.9545,73.44947,182.0,17.511,99.009
2538,Maharashtra,Raigad,18.06322,73.16547,21.0,9.792,106.636
2539,Maharashtra,Raigad,18.076734,73.024339,183.0,17.592,86.752
2540,Maharashtra,Raigad,18.09,73.28,96.0,10.574,23.891
2541,Maharashtra,Raigad,18.12938,73.10515,49.0,10.735,235.349
2542,Maharashtra,Raigad,18.15,73.62,138.0,2.325,152.248
2543,Maharashtra,Raigad,18.17,73.54,248.0,17.675,27.379
2544,Maharashtra,Raigad,18.28,73.09,28.0,12.831,85.476
2545,Maharashtra,Raigad,18.34,73.02,136.0,21.327,8.363
2546,Maharashtra,Raigad,18.38631,73.38888,260.0,19.115,274.46
2547,Maharashtra,Raigad,18.38809,73.38825,248.0,22.765,281.108
2548,Maharashtra,Raigad,18.39979,73.37968,177.0,17.11,243.108
2549,Maharashtra,Raigad,18.43,73.11,130.0,24.258,244.622
2550,Maharashtra,Raigad,18.431983,73.111489,114.0,20.56,221.024
2551,Maharashtra,Raigad,18.49,72.96,71.0,9.952,267.065
2552,Maharashtra,Raigad,18.69,73.29,115.0,11.048,150.943
2553,Maharashtra,Raigad,18.76,73.35,467.0,12.713,162.88
2554,Maharashtra,Raigad,18.97,73.32,93.0,14.92,151.231
2555,Maharashtra,Raigad/Mahad,18.16494444,73.50580556,142.0,21.976,146.594
2556,Maharashtra,Raigad/Mahad,18.16788889,73.50461111,76.0,5.669,174.535
2557,Maharashtra,Raigad/Mahad,18.27913889,73.42569444,239.0,17.675,336.373
2558,Maharashtra,Raigad/Poladpu,18.03599722,73.58481944,230.0,14.044,285.624
2559,Maharashtra,Raigad/Poladpur,17.87736111,73.55197222,622.0,6.676,196.394
2560,Maharashtra,Raigad/Poladpur,17.91005556,73.43744444,243.0,13.804,129.781
2561,Maharashtra,Raigad/Poladpur,17.92630556,73.53969444,276.0,17.301,159.6
2562,Maharashtra,Raigad/Poladpur,17.98683333,73.58605556,319.0,8.287,189.329
2563,Maharashtra,Raigad/Poladpur,17.99469444,73.59305556,314.0,9.007,195.553
2564,Maharashtra,Raigad/Poladpur,17.99716667,73.52313889,188.0,15.052,108.502
2565,Maharashtra,Raigad/Poladpur,18.04758333,73.56177778,471.0,13.895,316.572
2566,Maharashtra,Raigarh,18.043889,73.137222,20.0,10.987,93.98
2567,Maharashtra,Raigarh,18.061667,73.223056,11.0,4.944,350.57
2568,Maharashtra,Raigarh,18.125556,73.114722,105.0,9.132,150.014
2569,Maharashtra,Raigarh,18.1575,73.165833,122.0,14.575,270.99
2570,Maharashtra,Raigarh,18.161667,73.14,174.0,9.976,346.004
2571,Maharashtra,Raigarh,18.201389,73.200278,165.0,4.101,318.742
2572,Maharashtra,Raigarh,18.201667,73.201944,172.0,6.785,263.497
2573,Maharashtra,Raigarh,18.204167,73.205833,186.0,16.175,225.827
2574,Maharashtra,Raigarh,18.218056,73.226667,118.0,7.651,122.344
2575,Maharashtra,Raigarh,18.221944,73.2275,80.0,11.96,113.758
2576,Maharashtra,Raigarh,18.272778,73.034722,60.0,16.983,350.191
2577,Maharashtra,Raigarh,18.295556,73.036667,13.0,10.135,67.858
2578,Maharashtra,Raigarh,18.299444,73.063056,3.0,6.024,153.364
2579,Maharashtra,Raigarh,18.471389,73.068889,12.0,13.211,185.789
2580,Maharashtra,Raigarh,18.511111,73.126111,111.0,17.545,76.861
2581,Maharashtra,Raigarh,18.595556,72.921111,13.0,7.174,333.141
2582,Maharashtra,Raigarh,19.003056,73.305,221.0,18.554,212.535
2583,Maharashtra,Raigarh,19.005278,73.288611,604.0,35.53,82.41
2584,Maharashtra,Raigarh,19.008056,73.292222,406.0,30.571,120.627
2585,Maharashtra,Ralnasgiri/Clmiplun,17.58794167,73.668025,188.0,8.281,196.939
2586,Maharashtra,Ratnagiri,16.616,73.65,90.0,2.147,90.0
2587,Maharashtra,Ratnagiri,16.674,73.811,163.0,3.864,3.981
2588,Maharashtra,Ratnagiri,16.675,73.812,164.0,4.755,64.407
2589,Maharashtra,Ratnagiri,16.686,73.724,189.0,15.73,351.383
2590,Maharashtra,Ratnagiri,16.725,73.798,192.0,6.971,94.213
2591,Maharashtra,Ratnagiri,16.737,73.773,196.0,13.34,240.496
2592,Maharashtra,Ratnagiri,16.745,73.789,284.0,1.912,57.446
2593,Maharashtra,Ratnagiri,16.745,73.739,194.0,11.111,236.71
2594,Maharashtra,Ratnagiri,16.748,73.459,127.0,18.077,117.007
2595,Maharashtra,Ratnagiri,16.75064,73.516631,118.0,11.612,195.898
2596,Maharashtra,Ratnagiri,16.75186,73.584442,131.0,7.026,236.86
2597,Maharashtra,Ratnagiri,16.762333,73.790694,568.0,34.054,324.826
2598,Maharashtra,Ratnagiri,16.89833611,73.32015,38.0,11.673,268.754
2599,Maharashtra,Ratnagiri,16.94264444,73.44118611,51.0,12.603,99.248
2600,Maharashtra,Ratnagiri,16.95222222,73.43364352,58.0,11.004,146.261
2601,Maharashtra,Ratnagiri,16.986931,73.684917,104.0,9.802,116.228
2602,Maharashtra,Ratnagiri,16.991897,73.677049,168.0,15.601,135.054
2603,Maharashtra,Ratnagiri,16.992058,73.675903,192.0,15.46,110.934
2604,Maharashtra,Ratnagiri,17.0004,73.67408,229.0,7.753,235.887
2605,Maharashtra,Ratnagiri,17.00531,73.6754,261.0,12.368,285.443
2606,Maharashtra,Ratnagiri,17.01594,73.778689,149.0,5.378,315.694
2607,Maharashtra,Ratnagiri,17.03716,73.62069,122.0,8.335,30.865
2608,Maharashtra,Ratnagiri,17.039222,73.76601,168.0,9.246,200.261
2609,Maharashtra,Ratnagiri,17.041771,73.760624,150.0,9.108,22.393
2610,Maharashtra,Ratnagiri,17.055,73.438,154.0,15.641,67.355
2611,Maharashtra,Ratnagiri,17.058,73.447,84.0,15.119,21.418
2612,Maharashtra,Ratnagiri,17.107,73.417,126.0,12.862,19.227
2613,Maharashtra,Ratnagiri,17.1122,73.57542,124.0,9.639,142.501
2614,Maharashtra,Ratnagiri,17.13904167,73.33825,57.0,8.526,38.833
2615,Maharashtra,Ratnagiri,17.21,73.396,110.0,11.409,125.359
2616,Maharashtra,Ratnagiri,17.223,73.346,42.0,13.567,69.289
2617,Maharashtra,Ratnagiri,17.23,73.335,44.0,12.224,117.135
2618,Maharashtra,Ratnagiri,17.234,73.327,68.0,16.137,353.467
2619,Maharashtra,Ratnagiri,17.266,73.429,160.0,17.53,280.653
2620,Maharashtra,Ratnagiri,17.273,73.374,198.0,14.98,130.895
2621,Maharashtra,Ratnagiri,17.287167,73.630306,81.0,10.112,16.866
2622,Maharashtra,Ratnagiri,17.289,73.369,80.0,22.048,124.444
2623,Maharashtra,Ratnagiri,17.321,73.354,88.0,10.682,313.671
2624,Maharashtra,Ratnagiri,17.341,73.372,75.0,13.674,232.465
2625,Maharashtra,Ratnagiri,17.391556,73.669306,723.0,7.407,14.68
2626,Maharashtra,Ratnagiri,17.426047,73.665599,464.0,22.243,178.021
2627,Maharashtra,Ratnagiri,17.542,73.367,66.0,20.608,229.833
2628,Maharashtra,Ratnagiri,17.549,73.425,184.0,8.334,168.875
2629,Maharashtra,Ratnagiri,17.559,73.362,16.0,8.314,115.487
2630,Maharashtra,Ratnagiri,17.577,73.451,1.0,3.097,175.004
2631,Maharashtra,Ratnagiri,17.702,73.407,173.0,19.715,270.718
2632,Maharashtra,Ratnagiri,17.703361,73.603889,706.0,36.419,17.096
2633,Maharashtra,Ratnagiri,17.717,73.46,43.0,5.393,87.273
2634,Maharashtra,Ratnagiri,17.733167,73.652028,693.0,13.982,32.024
2635,Maharashtra,Ratnagiri,17.814,73.326,163.0,13.293,73.431
2636,Maharashtra,Ratnagiri,17.88228,73.38417,317.0,4.177,284.24
2637,Maharashtra,Ratnagiri,17.95566,73.0355,17.0,8.469,185.459
2638,Maharashtra,Ratnagiri,17.97145,73.11224,104.0,22.098,146.066
2639,Maharashtra,Ratnagiri,17.97923,73.04431,10.0,10.8,188.541
2640,Maharashtra,Ratnagiri,18.05085,73.24276,32.0,8.794,242.32
2641,Maharashtra,Ratnagiri/Chiplun,17.46531667,73.65798611,369.0,15.67,213.635
2642,Maharashtra,Ratnagiri/Chiplun,17.46844444,73.64800556,204.0,16.818,174.637
2643,Maharashtra,Ratnagiri/Chiplun,17.48968333,73.65828889,349.0,11.091,242.727
2644,Maharashtra,Ratnagiri/Chiplun,17.49155833,73.66298333,374.0,15.051,55.396
2645,Maharashtra,Ratnagiri/Chiplun,17.50544722,73.653675,404.0,16.55,165.311
2646,Maharashtra,Ratnagiri/Chiplun,17.51353889,73.644125,369.0,20.345,215.752
2647,Maharashtra,Ratnagiri/Chiplun,17.52335,73.66940833,143.0,5.345,149.775
2648,Maharashtra,Ratnagiri/Chiplun,17.57786944,73.67541667,153.0,6.037,200.879
2649,Maharashtra,Ratnagiri/Chiplun,17.57986667,73.66395556,152.0,6.048,12.846
2650,Maharashtra,Ratnagiri/Chiplun,17.57987778,73.66920556,154.0,6.92,357.775
2651,Maharashtra,Ratnagiri/Chiplun,17.60087778,73.69023333,192.0,6.988,327.438
2652,Maharashtra,Ratnagiri/Dapoli,17.5821,73.341925,173.0,7.594,315.027
2653,Maharashtra,Ratnagiri/Dapoli,17.59025556,73.1936,13.0,9.718,4.734
2654,Maharashtra,Ratnagiri/Khed,17.60086111,73.63894444,162.0,9.126,330.087
2655,Maharashtra,Ratnagiri/Khed,17.63922222,73.636,187.0,17.135,27.297
2656,Maharashtra,Ratnagiri/Khed,17.64560833,73.6094,173.0,16.327,74.89
2657,Maharashtra,Ratnagiri/Khed,17.71288889,73.50775,199.0,17.139,23.424
2658,Maharashtra,Ratnagiri/Khed,17.72015,73.54350278,314.0,20.314,159.106
2659,Maharashtra,Ratnagiri/Khed,17.72055,73.54215833,310.0,16.749,189.924
2660,Maharashtra,Ratnagiri/Khed,17.83455,73.56541944,244.0,21.139,216.723
2661,Maharashtra,Ratnagiri/Khed,17.87586111,73.42325,140.0,14.813,29.979
2662,Maharashtra,SATARA,17.54430556,73.96352778,1001.0,19.944,154.634
2663,Maharashtra,SATARA,17.62661389,73.87426111,1023.0,20.174,136.159
2664,Maharashtra,SATARA,17.63980556,73.83633333,1077.0,20.836,138.031
2665,Maharashtra,Sangameshwar,17.105,73.466,218.0,9.404,317.076
2666,Maharashtra,Sangameshwar,17.161,73.495,41.0,14.348,262.939
2667,Maharashtra,Sangameshwar,17.169,73.479,36.0,14.447,326.809
2668,Maharashtra,Sangameshwar,17.199,73.426,161.0,12.208,128.522
2669,Maharashtra,Sangli,17.0595,74.0197,701.0,18.294,187.348
2670,Maharashtra,Satara,17.181667,74.002222,734.0,9.085,268.39
2671,Maharashtra,Satara,17.204444,73.936389,752.0,13.961,251.022
2672,Maharashtra,Satara,17.368801,73.771862,805.0,9.904,22.169
2673,Maharashtra,Satara,17.39185,73.960221,810.0,16.547,159.603
2674,Maharashtra,Satara,17.394833,73.952486,922.0,20.299,143.268
2675,Maharashtra,Satara,17.398597,73.945679,1017.0,15.305,101.359
2676,Maharashtra,Satara,17.401224,73.968553,853.0,22.344,105.854
2677,Maharashtra,Satara,17.411111,73.87386,760.0,9.478,99.29
2678,Maharashtra,Satara,17.42152,73.864777,907.0,17.377,64.496
2679,Maharashtra,Satara,17.462395,73.853096,767.0,14.484,130.042
2680,Maharashtra,Satara,17.465522,73.851204,779.0,12.53,130.295
2681,Maharashtra,Satara,17.4686,73.9633,786.0,21.332,128.395
2682,Maharashtra,Satara,17.469431,73.932147,950.0,19.414,197.094
2683,Maharashtra,Satara,17.478305,73.880142,806.0,13.03,351.811
2684,Maharashtra,Satara,17.486292,73.927921,817.0,21.726,116.079
2685,Maharashtra,Satara,17.491667,73.961111,777.0,23.241,128.869
2686,Maharashtra,Satara,17.545485,73.888822,732.0,22.325,327.374
2687,Maharashtra,Satara,17.599836,73.851372,1025.0,11.01,6.955
2688,Maharashtra,Satara,17.62661389,73.87426111,1023.0,20.174,136.159
2689,Maharashtra,Satara,17.638873,73.838609,1053.0,23.072,148.664
2690,Maharashtra,Satara,17.63980556,73.83633333,1077.0,20.836,138.031
2691,Maharashtra,Satara,17.648996,73.914925,918.0,19.442,108.549
2692,Maharashtra,Satara,17.721938,73.762276,800.0,15.883,130.332
2693,Maharashtra,Satara,17.759035,73.783822,1146.0,20.511,283.894
2694,Maharashtra,Satara,17.761852,73.782104,1126.0,25.674,300.301
2695,Maharashtra,Satara,17.766086,73.798277,946.0,18.86,170.463
2696,Maharashtra,Satara,17.78631,73.878484,1080.0,27.325,13.193
2697,Maharashtra,Satara,17.86861,73.74122,924.0,20.469,152.926
2698,Maharashtra,Satara,17.86935,73.73753,955.0,23.478,156.975
2699,Maharashtra,Satara,17.86946,73.7383,940.0,21.31,151.058
2700,Maharashtra,Satara,17.89461,73.71662,1173.0,21.398,91.314
2701,Maharashtra,Satara,17.92338,73.59939,775.0,12.412,0.0
2702,Maharashtra,Satara,17.925,73.62361,1006.0,19.854,287.37
2703,Maharashtra,Satara,17.92558,73.60272,787.0,11.745,87.524
2704,Maharashtra,Satara,17.935066,73.831652,1091.0,31.188,42.728
2705,Maharashtra,Satara,17.95145,73.71837,768.0,11.43,178.662
2706,Maharashtra,Satara,18.021895,73.797905,1244.0,20.071,207.735
2707,Maharashtra,Satara/Mahabaleshwar,17.86045,73.64500556,767.0,11.376,237.603
2708,Maharashtra,Satara/Mahabaleshwar,17.86343889,73.62820278,715.0,12.388,59.253
2709,Maharashtra,Satara/Mahabaleshwar,17.87219167,73.69769722,751.0,10.621,78.953
2710,Maharashtra,Satara/Mahabaleshwar,17.88335833,73.69159722,815.0,16.226,289.849
2711,Maharashtra,Satara/Mahabaleshwar,17.92277222,73.615075,790.0,12.754,352.812
2712,Maharashtra,Satara/Mahabaleshwar,17.94766667,73.63555556,813.0,10.469,157.465
2713,Maharashtra,Satara/Patan,17.29222222,73.93933333,894.0,10.714,141.57
2714,Maharashtra,Satara/Patan,17.15505556,73.93858333,829.0,14.917,137.891
2715,Maharashtra,Satara/Patan,17.15505556,73.93841667,833.0,15.258,136.426
2716,Maharashtra,Satara/Patan,17.21026667,73.88538889,766.0,22.912,133.688
2717,Maharashtra,Satara/Patan,17.30165556,73.83625278,695.0,16.172,39.248
2718,Maharashtra,Satara/Patan,17.30368611,73.83680278,687.0,17.292,94.137
2719,Maharashtra,Satara/Patan,17.32239444,73.74988333,670.0,10.686,358.571
2720,Maharashtra,Satara/Patan,17.41294444,73.73285,929.0,16.372,74.026
2721,Maharashtra,Satara/Patan,17.42428889,73.74567778,769.0,22.794,132.326
2722,Maharashtra,Satara/Patan,17.44919444,73.92080556,989.0,17.35,258.389
2723,Maharashtra,Satara/Patan,17.45646667,73.80301667,785.0,20.483,183.613
2724,Maharashtra,Satara/Patan,17.466975,73.91580556,904.0,28.951,177.073
2725,Maharashtra,Satara/Patan,17.52803611,73.86265556,1017.0,22.438,134.992
2726,Maharashtra,Sindhudurg,15.743528,73.941,64.0,5.483,103.529
2727,Maharashtra,Sindhudurg,15.776778,73.987639,169.0,11.525,43.371
2728,Maharashtra,Sindhudurg,15.790722,73.8705,59.0,5.447,8.444
2729,Maharashtra,Sindhudurg,15.816,73.9765,196.0,16.744,350.172
2730,Maharashtra,Sindhudurg,15.8565,73.953333,352.0,11.993,342.078
2731,Maharashtra,Sindhudurg,15.870417,73.836694,115.0,7.232,342.879
2732,Maharashtra,Sindhudurg,15.933667,73.9395,162.0,13.904,292.397
2733,Maharashtra,Sindhudurg,16.034194,73.974722,209.0,9.368,348.563
2734,Maharashtra,Sindhudurg,16.045444,73.977667,374.0,17.722,65.061
2735,Maharashtra,Sindhudurg,16.058694,73.983472,280.0,12.559,207.488
2736,Maharashtra,Sindhudurg,16.062472,73.982111,243.0,9.216,292.803
2737,Maharashtra,Sindhudurg,16.064,73.955972,172.0,5.865,344.156
2738,Maharashtra,Sindhudurg,16.0655,73.784694,68.0,7.426,177.945
2739,Maharashtra,Sindhudurg,16.172806,73.884278,214.0,10.557,203.673
2740,Maharashtra,Sindhudurg,16.191389,73.895472,274.0,18.304,150.34
2741,Maharashtra,Sindhudurg,16.53,73.832,528.0,31.305,263.639
2742,Maharashtra,Sindhudurg,16.533,73.824,456.0,23.851,342.739
2743,Maharashtra,Sindhudurg,16.57,73.785,139.0,7.514,84.137
2744,Maharashtra,Sindhudurg/Devgad,16.51114722,73.52661944,111.0,14.454,101.051
2745,Maharashtra,Sindhudurg/Kankavli,16.24857778,73.87273611,414.0,26.665,34.63
2746,Maharashtra,Sindhudurg/Kudal,16.06314722,73.97947778,229.0,8.508,141.323
2747,Maharashtra,Sindhudurg/Sawantwadi,15.79019444,73.87976111,136.0,3.817,258.349
2748,Maharashtra,Sindhudurg/Sawantwadi,16.04148611,74.97451667,627.0,2.376,193.019
2749,Maharashtra,Sindhudury/Vengurla,16.00278611,73.49911111,43.0,14.912,233.819
2750,Maharashtra,Thane,19.338163,73.785007,621.0,11.877,118.025
2751,Manipur,/Noney/83H09/2020/0,24.85536111,93.62402778,383.0,16.357,74.011
2752,Manipur,Bishnupur,24.32,93.79,934.0,21.597,34.077
2753,Manipur,Bishnupur,24.517056,93.817056,779.0,5.087,123.712
2754,Manipur,Chandel,23.96,94.06,1137.0,21.819,155.329
2755,Manipur,Chandel,23.97,94.04,1175.0,12.526,120.359
2756,Manipur,Chandel,23.98,94.02,1111.0,16.966,272.531
2757,Manipur,Chandel,23.98,94.03,1471.0,13.344,60.507
2758,Manipur,Chandel,23.99,93.94,1600.0,23.423,92.972
2759,Manipur,Chandel,24.01,93.99,1242.0,22.78,36.664
2760,Manipur,Chandel,24.01,93.97,1310.0,19.676,172.891
2761,Manipur,Chandel,24.04,94.08,971.0,19.157,300.28
2762,Manipur,Chandel,24.05,94.07,1143.0,30.227,305.865
2763,Manipur,Chandel,24.08,94.03,1009.0,15.557,59.989
2764,Manipur,Chandel,24.11,94.02,1476.0,15.122,53.247
2765,Manipur,Chandel,24.12,94.13,842.0,18.868,126.257
2766,Manipur,Chandel,24.13,94.13,587.0,6.131,51.157
2767,Manipur,Chandel,24.13,94.07,1491.0,30.419,332.547
2768,Manipur,Chandel,24.13,94.07,1491.0,30.419,332.547
2769,Manipur,Chandel,24.19,94.01,1249.0,19.15,258.057
2770,Manipur,Chandel,24.22,94.24,596.0,7.263,62.73
2771,Manipur,Chandel,24.250722,94.073861,1342.0,21.923,38.628
2772,Manipur,Chandel,24.253611,94.100258,1027.0,20.621,121.682
2773,Manipur,Chandel,24.25806,94.28722,312.0,16.457,340.515
2774,Manipur,Chandel,24.272667,94.075083,1455.0,9.936,244.16
2775,Manipur,Chandel,24.285722,94.128222,1292.0,22.955,98.538
2776,Manipur,Chandel,24.314194,93.928861,1200.0,21.69,6.403
2777,Manipur,Chandel,24.317619,94.003678,1089.0,25.066,251.524
2778,Manipur,Chandel,24.346028,93.954583,1232.0,22.422,107.092
2779,Manipur,Churachandpur,23.98,93.55,807.0,6.504,189.933
2780,Manipur,Churachandpur,23.99,93.55,793.0,18.271,86.1
2781,Manipur,Churachandpur,24.03,93.57,832.0,12.002,251.523
2782,Manipur,Churachandpur,24.05,93.57,732.0,15.522,256.914
2783,Manipur,Churachandpur,24.06,93.28,667.0,21.541,112.76
2784,Manipur,Churachandpur,24.11,93.52,822.0,21.547,67.248
2785,Manipur,Churachandpur,24.12,93.29,1142.0,18.116,228.776
2786,Manipur,Churachandpur,24.14,93.57,779.0,19.409,277.324
2787,Manipur,Churachandpur,24.14,93.57,779.0,19.409,277.324
2788,Manipur,Churachandpur,24.15,93.58,1004.0,31.837,165.773
2789,Manipur,Churachandpur,24.15,93.58,1004.0,31.837,165.773
2790,Manipur,Churachandpur,24.17,93.58,960.0,17.503,234.271
2791,Manipur,Churachandpur,24.17,93.58,960.0,17.503,234.271
2792,Manipur,Churachandpur,24.32,93.28,736.0,18.667,310.652
2793,Manipur,Churachandpur,24.33,93.55,1028.0,18.63,276.119
2794,Manipur,Churachandpur,24.33,93.53,1359.0,2.472,43.249
2795,Manipur,Churachandpur,24.34,93.66,1056.0,7.679,182.095
2796,Manipur,Churachandpur,24.34,93.66,1056.0,7.679,182.095
2797,Manipur,Churachandpur,24.34,93.32,319.0,11.656,163.336
2798,Manipur,Churachandpur,24.35,93.66,1171.0,5.68,296.846
2799,Manipur,Churachandpur,24.35,93.28,596.0,25.646,233.221
2800,Manipur,Churachandpur,24.35,93.51,942.0,22.458,278.121
2801,Manipur,Churachandpur,24.538817,93.676767,895.0,33.509,175.723
2802,Manipur,Churachandpur,24.548053,93.709739,1209.0,22.009,98.306
2803,Manipur,Churachandpur,24.607528,93.713778,1191.0,23.003,353.988
2804,Manipur,Churachandpur,24.612992,93.670236,647.0,17.962,345.888
2805,Manipur,Jiribam,24.68,93.11,43.0,3.665,327.301
2806,Manipur,Jiribam,24.69,93.12,170.0,10.915,271.335
2807,Manipur,Jiribam,24.72,93.14,107.0,21.034,205.925
2808,Manipur,Jiribam,24.73,93.17,104.0,23.141,36.991
2809,Manipur,Jiribam,24.74,93.12,38.0,1.913,132.246
2810,Manipur,Jiribam,24.74,93.16,36.0,3.224,61.413
2811,Manipur,Kamjong,24.645686,94.38249,658.0,23.032,10.718
2812,Manipur,Kamjong,24.652556,94.389194,699.0,29.159,52.861
2813,Manipur,Kamjong,24.673582,94.270534,1306.0,20.113,267.188
2814,Manipur,Kamjong,24.676323,94.253976,970.0,26.381,99.381
2815,Manipur,Kamjong,24.677303,94.253445,981.0,23.62,95.895
2816,Manipur,Kamjong,24.67916,94.252632,1044.0,33.575,68.568
2817,Manipur,Kamjong,24.683238,94.267283,1422.0,26.179,5.192
2818,Manipur,Kamjong,24.745805,94.348327,1351.0,24.543,13.147
2819,Manipur,Kamjong,24.777306,94.601889,689.0,7.752,196.9
2820,Manipur,Kamjong,24.796417,94.398786,1361.0,10.617,108.15
2821,Manipur,Kamjong,24.798077,94.406137,1293.0,8.308,30.546
2822,Manipur,Kamjong,24.811301,94.355581,1595.0,22.331,257.367
2823,Manipur,Kamjong,24.819694,94.352611,1559.0,30.765,337.001
2824,Manipur,Kamjong,24.821028,94.50425,1286.0,21.503,66.483
2825,Manipur,Kamjong,24.831028,94.334833,1392.0,27.441,14.348
2826,Manipur,Kamjong,24.838167,94.357139,1541.0,29.69,242.304
2827,Manipur,Kamjong,24.8385,94.357083,1528.0,29.074,249.179
2828,Manipur,Kamjong,24.839028,94.357083,1524.0,28.675,260.546
2829,Manipur,Kamjong,24.847417,94.358028,1488.0,25.912,266.82
2830,Manipur,Kamjong,24.852222,94.369333,1447.0,8.762,35.316
2831,Manipur,Kamjong,24.867139,94.566889,998.0,21.049,303.266
2832,Manipur,Kamjong,24.901444,94.338306,1402.0,22.866,168.485
2833,Manipur,Kamjong,24.901861,94.341944,1382.0,25.388,156.64
2834,Manipur,Kamjong,24.91475,94.464944,1892.0,21.601,138.477
2835,Manipur,Kamjong,24.917611,94.576556,1116.0,22.262,310.342
2836,Manipur,Kamjong,24.938361,94.549556,1527.0,36.652,300.068
2837,Manipur,Kamjong,24.94225,94.541056,1509.0,7.376,29.834
2838,Manipur,Kamjong,24.957209,94.473616,1884.0,19.961,225.178
2839,Manipur,Kamjong,24.991833,94.603306,1493.0,15.439,352.784
2840,Manipur,Kangpokpi,24.682778,94.140056,887.0,21.863,184.947
2841,Manipur,Kangpokpi,24.708417,94.198278,1314.0,26.115,273.151
2842,Manipur,Kangpokpi,24.871694,93.776861,1259.0,30.271,82.928
2843,Manipur,Kangpokpi,24.996444,94.021444,808.0,11.659,137.741
2844,Manipur,Kangpokpi,25.146528,93.941722,1287.0,15.561,0.0
2845,Manipur,Kangpokpi,25.24868889,93.85251111,1044.0,14.812,20.904
2846,Manipur,Moirang,24.33,93.55,1028.0,18.63,276.119
2847,Manipur,Noney,24.614883,93.696186,1451.0,21.649,333.378
2848,Manipur,Noney,24.62595,93.692953,1354.0,22.638,227.271
2849,Manipur,Noney,24.631861,93.721889,1325.0,10.388,94.215
2850,Manipur,Noney,24.634278,93.719639,1357.0,12.11,63.92
2851,Manipur,Noney,24.635389,93.719194,1374.0,17.938,82.827
2852,Manipur,Noney,24.636444,93.606694,963.0,28.981,105.522
2853,Manipur,Noney,24.637806,93.69075,1295.0,28.448,276.187
2854,Manipur,Noney,24.640072,93.627392,447.0,26.705,252.328
2855,Manipur,Noney,24.641369,93.623008,523.0,20.115,45.651
2856,Manipur,Noney,24.641444,93.691639,1271.0,25.864,267.345
2857,Manipur,Noney,24.64175,93.623222,527.0,20.316,26.134
2858,Manipur,Noney,24.664694,93.532361,734.0,19.978,347.436
2859,Manipur,Noney,24.672569,93.6973,945.0,9.279,344.2
2860,Manipur,Noney,24.729944,93.485833,306.0,12.895,11.209
2861,Manipur,Noney,24.759667,93.462694,434.0,26.614,233.089
2862,Manipur,Noney,24.766667,93.458111,502.0,30.498,285.027
2863,Manipur,Noney,24.768917,93.457306,504.0,31.882,279.56
2864,Manipur,Noney,24.769333,93.653722,908.0,18.639,13.571
2865,Manipur,Noney,24.788889,93.441889,1026.0,28.385,76.051
2866,Manipur,Noney,24.794722,93.655778,418.0,3.999,140.438
2867,Manipur,Noney,24.7955,93.736056,1136.0,39.058,263.644
2868,Manipur,Noney,24.796319,93.737025,1172.0,29.019,240.935
2869,Manipur,Noney,24.79727778,93.73777778,1169.0,13.974,263.783
2870,Manipur,Noney,24.798,93.736,1143.0,24.216,321.166
2871,Manipur,Noney,24.801111,93.653111,423.0,8.306,280.637
2872,Manipur,Noney,24.801389,93.469444,548.0,11.206,272.599
2873,Manipur,Noney,24.802417,93.699175,641.0,17.787,120.266
2874,Manipur,Noney,24.808611,93.729078,1095.0,17.927,9.686
2875,Manipur,Noney,24.815833,93.740194,1250.0,29.772,222.434
2876,Manipur,Noney,24.818936,93.688939,639.0,23.894,64.797
2877,Manipur,Noney,24.822953,93.710756,631.0,29.395,27.748
2878,Manipur,Noney,24.829333,93.507056,366.0,20.633,304.101
2879,Manipur,Noney,24.836222,93.482111,410.0,23.548,59.668
2880,Manipur,Noney,24.85397,93.61937,495.0,1.721,261.4
2881,Manipur,Noney,24.8587,93.61439,378.0,20.547,249.665
2882,Manipur,Noney,24.860639,93.62675,331.0,5.729,323.693
2883,Manipur,Noney,24.862146,93.595644,417.0,31.795,359.085
2884,Manipur,Noney,24.862903,93.616397,342.0,18.301,12.096
2885,Manipur,Noney,24.86375,93.598917,405.0,19.089,66.276
2886,Manipur,Noney,24.890167,93.707572,869.0,9.446,160.89
2887,Manipur,Pherzawl,24.23,93.08,745.0,31.715,188.71
2888,Manipur,Pherzawl,24.28,93.11,748.0,28.382,198.614
2889,Manipur,Pherzawl,24.29,93.12,744.0,15.432,153.495
2890,Manipur,Pherzawl,24.32,93.14,708.0,26.078,166.607
2891,Manipur,Pherzawl,24.52,93.09,183.0,15.731,258.968
2892,Manipur,Pherzawl,24.52,93.09,183.0,15.731,258.968
2893,Manipur,Pherzawl,24.54,93.11,294.0,17.995,229.467
2894,Manipur,Senapati,25.085833,94.107222,832.0,13.667,348.232
2895,Manipur,Senapati,25.086525,94.078197,825.0,8.269,333.666
2896,Manipur,Senapati,25.2375,94.113889,1032.0,23.366,235.847
2897,Manipur,Senapati,25.255931,94.1254,1413.0,26.545,11.468
2898,Manipur,Senapati,25.257919,94.091564,1011.0,16.864,317.802
2899,Manipur,Senapati,25.268703,94.045883,1314.0,14.797,328.232
2900,Manipur,Senapati,25.268942,94.044694,1303.0,16.03,302.108
2901,Manipur,Senapati,25.279389,94.032194,1056.0,22.376,244.817
2902,Manipur,Senapati,25.302639,94.014617,1406.0,7.032,319.877
2903,Manipur,Senapati,25.321019,94.067142,1070.0,22.489,274.979
2904,Manipur,Senapati,25.322717,94.067492,1091.0,31.381,276.342
2905,Manipur,Senapati,25.324731,94.086558,1220.0,20.211,92.797
2906,Manipur,Senapati,25.332489,94.080258,1078.0,31.096,222.502
2907,Manipur,Senapati,25.340433,94.166631,1645.0,25.275,348.464
2908,Manipur,Senapati,25.340833,94.160528,1523.0,21.665,218.722
2909,Manipur,Senapati,25.363278,94.228389,1676.0,16.89,246.459
2910,Manipur,Senapati,25.416389,94.067894,1268.0,5.172,278.561
2911,Manipur,Senapati,25.416419,94.077794,1516.0,27.194,336.62
2912,Manipur,Senapati,25.421656,94.071,1494.0,26.84,309.067
2913,Manipur,Senapati,25.429097,94.108439,1343.0,20.205,90.0
2914,Manipur,Senapati,25.444322,94.046858,1407.0,24.823,261.625
2915,Manipur,Senapati,25.446611,94.049511,1405.0,28.171,213.868
2916,Manipur,Senapati,25.453942,94.048881,1330.0,19.124,28.256
2917,Manipur,Senapati,25.508,94.135,1731.0,23.157,56.903
2918,Manipur,Senapati,25.517,93.957,1802.0,37.794,52.127
2919,Manipur,Senapati,25.52103,94.13783,1663.0,15.67,45.211
2920,Manipur,Senapati,25.523,93.898,2138.0,38.669,2.495
2921,Manipur,Senapati,25.523,94.135,1751.0,16.154,59.222
2922,Manipur,Senapati,25.523,93.955,1763.0,32.665,263.564
2923,Manipur,Senapati,25.529,93.87,1603.0,36.069,321.548
2924,Manipur,TAMENGLONG,24.79083333,93.72333333,1057.0,21.085,148.257
2925,Manipur,Tamenglong,24.728917,93.256389,919.0,21.097,271.334
2926,Manipur,Tamenglong,24.734233,93.293194,317.0,19.929,252.703
2927,Manipur,Tamenglong,24.734861,93.296,380.0,23.633,240.482
2928,Manipur,Tamenglong,24.761056,93.255167,634.0,31.517,248.065
2929,Manipur,Tamenglong,24.768556,93.314358,267.0,32.341,89.594
2930,Manipur,Tamenglong,24.797951,93.214998,297.0,27.244,194.468
2931,Manipur,Tamenglong,24.798278,93.394306,343.0,13.145,207.782
2932,Manipur,Tamenglong,24.79847,93.21583,274.0,21.646,169.948
2933,Manipur,Tamenglong,24.806806,93.404806,306.0,16.843,220.828
2934,Manipur,Tamenglong,24.8145,93.246,133.0,20.556,232.349
2935,Manipur,Tamenglong,24.82375,93.523861,424.0,29.118,293.778
2936,Manipur,Tamenglong,24.85325,93.2449,359.0,17.166,245.976
2937,Manipur,Tamenglong,24.8545,93.449036,981.0,26.031,192.884
2938,Manipur,Tamenglong,24.90139,93.45389,971.0,19.892,232.538
2939,Manipur,Tamenglong,24.942778,93.495333,1253.0,21.868,300.238
2940,Manipur,Tamenglong,24.97775,93.502639,1320.0,14.935,251.34
2941,Manipur,Tamenglong,24.983806,93.497528,1160.0,12.34,265.289
2942,Manipur,Tamenglong,24.985167,93.508306,1240.0,14.49,159.809
2943,Manipur,Tamenglong,24.986472,93.49425,1087.0,12.785,286.088
2944,Manipur,Tamenglong,24.987583,93.506167,1251.0,20.408,80.27
2945,Manipur,Tamenglong,25.006694,93.523444,1041.0,14.024,283.519
2946,Manipur,Tamenglong,25.013472,93.530472,1067.0,18.238,221.438
2947,Manipur,Tamenglong,25.025639,93.537222,1160.0,17.099,267.49
2948,Manipur,Tamenglong,25.049861,93.602389,940.0,15.535,48.511
2949,Manipur,Tamenglong,25.057194,93.603028,978.0,12.2,80.433
2950,Manipur,Tamenglong,25.058833,93.604028,976.0,13.344,47.023
2951,Manipur,Tamenglong,25.072528,93.6075,1011.0,16.562,32.247
2952,Manipur,Tamenglong,25.096333,93.61925,1153.0,21.455,62.058
2953,Manipur,Tamenglong,25.101083,93.620333,1099.0,26.427,93.627
2954,Manipur,Tamenglong,25.116,93.643278,1197.0,17.791,142.923
2955,Manipur,Tamenglong,25.116111,93.640417,1244.0,26.689,193.118
2956,Manipur,Tamenglong,25.130361,93.6625,1199.0,22.505,226.923
2957,Manipur,Tamenglong,25.152389,93.712833,807.0,22.68,329.298
2958,Manipur,Tamenglong,25.154917,93.711278,844.0,31.911,317.982
2959,Manipur,Tamenglong,25.156306,93.678917,1028.0,28.73,1.556
2960,Manipur,Tamenglong,25.159778,93.7065,868.0,28.671,314.941
2961,Manipur,Tamenglong,25.160306,93.689306,1007.0,32.518,11.676
2962,Manipur,Tamenglong,25.160389,93.688167,1016.0,36.723,1.906
2963,Manipur,Tamenglong,25.161361,93.732333,723.0,25.681,13.731
2964,Manipur,Tamenglong,25.162583,93.703972,884.0,7.403,40.489
2965,Manipur,Tamenglong,25.163333,93.691194,1016.0,35.033,72.86
2966,Manipur,Tamenglong,25.16485,93.697303,958.0,23.476,21.447
2967,Manipur,Tamenglong,25.165833,93.699611,966.0,21.173,322.049
2968,Manipur,Tamenglong,25.168928,93.739886,775.0,30.32,7.803
2969,Manipur,Tengnoupal,24.284222,94.2805,525.0,10.409,262.978
2970,Manipur,Tengnoupal,24.289333,94.277139,613.0,10.004,340.413
2971,Manipur,Tengnoupal,24.291139,94.276139,594.0,14.322,280.133
2972,Manipur,Tengnoupal,24.304417,94.243889,698.0,17.122,344.218
2973,Manipur,Tengnoupal,24.321889,94.147306,1271.0,27.098,195.075
2974,Manipur,Tengnoupal,24.379417,94.154139,1342.0,6.678,130.703
2975,Manipur,Tengnoupal,24.387658,94.151683,1311.0,28.489,38.164
2976,Manipur,Tengnoupal,24.387708,94.155764,1207.0,20.235,43.023
2977,Manipur,Tengnoupal,24.407989,94.240544,784.0,23.07,60.288
2978,Manipur,Tengnoupal,24.433972,94.249278,1320.0,24.809,153.369
2979,Manipur,Tengnoupal,24.441683,94.179211,1451.0,17.195,16.677
2980,Manipur,Tengnoupal,24.462958,94.233667,1328.0,23.756,74.614
2981,Manipur,Tengnoupal,24.492333,94.143361,1292.0,28.161,356.829
2982,Manipur,Tengnoupal,24.496792,94.141878,1488.0,28.532,358.439
2983,Manipur,Tengnoupal,24.497622,94.180403,1402.0,25.602,125.533
2984,Manipur,Tengnoupal,24.499972,94.195769,1072.0,33.783,346.778
2985,Manipur,Tengnoupal,24.813306,93.243417,126.0,14.462,53.692
2986,Manipur,Ukhrul,24.833889,94.220167,1224.0,12.489,100.516
2987,Manipur,Ukhrul,24.913611,94.242028,1407.0,27.293,70.154
2988,Manipur,Ukhrul,24.925194,94.337056,1494.0,27.632,12.014
2989,Manipur,Ukhrul,24.930278,94.149361,988.0,16.201,227.141
2990,Manipur,Ukhrul,24.931333,94.228917,1342.0,27.899,353.014
2991,Manipur,Ukhrul,24.947972,94.187972,930.0,20.11,155.202
2992,Manipur,Ukhrul,24.982917,94.162639,1239.0,9.294,205.081
2993,Manipur,Ukhrul,24.992889,94.230583,981.0,22.702,259.483
2994,Manipur,Ukhrul,25.002611,94.330278,1622.0,19.145,299.448
2995,Manipur,Ukhrul,25.012111,94.464833,1794.0,32.349,45.407
2996,Manipur,Ukhrul,25.027528,94.316806,1215.0,17.193,106.01
2997,Manipur,Ukhrul,25.051944,94.551111,1812.0,28.715,279.438
2998,Manipur,Ukhrul,25.052833,94.551083,1815.0,29.703,268.195
2999,Manipur,Ukhrul,25.055278,94.567861,1690.0,25.464,1.193
3000,Manipur,Ukhrul,25.058833,94.55125,1781.0,28.127,283.113
3001,Manipur,Ukhrul,25.059861,94.584889,1535.0,27.742,317.984
3002,Manipur,Ukhrul,25.062833,94.577722,1534.0,34.083,344.268
3003,Manipur,Ukhrul,25.063861,94.614972,1016.0,15.92,343.851
3004,Manipur,Ukhrul,25.065056,94.544583,1683.0,34.847,353.457
3005,Manipur,Ukhrul,25.079361,94.549667,1534.0,27.842,209.843
3006,Manipur,Ukhrul,25.081611,94.506333,1647.0,28.619,311.818
3007,Manipur,Ukhrul,25.091742,94.550444,1566.0,30.865,281.707
3008,Manipur,Ukhrul,25.091858,94.550786,1590.0,31.917,281.649
3009,Manipur,Ukhrul,25.096611,94.551028,1661.0,23.62,29.189
3010,Manipur,Ukhrul,25.10125,94.510806,1523.0,22.472,38.574
3011,Manipur,Ukhrul,25.101972,94.5125,1528.0,14.793,293.028
3012,Manipur,Ukhrul,25.127556,94.338583,1665.0,15.196,68.667
3013,Manipur,Ukhrul,25.127722,94.449417,1882.0,10.983,227.843
3014,Manipur,Ukhrul,25.158361,94.461472,1910.0,21.997,264.257
3015,Manipur,Ukhrul,25.168528,94.288333,1640.0,18.105,30.06
3016,Manipur,Ukhrul,25.178417,94.52725,1297.0,8.78,95.005
3017,Manipur,Ukhrul,25.181194,94.524861,1317.0,20.775,96.117
3018,Manipur,Ukhrul,25.181528,94.523694,1343.0,15.383,113.067
3019,Manipur,Ukhrul,25.184194,94.522694,1410.0,27.359,93.982
3020,Manipur,Ukhrul,25.188611,94.520917,1481.0,23.116,90.0
3021,Manipur,Ukhrul,25.259222,94.547417,1205.0,14.28,126.869
3022,Manipur,Ukhrul,25.263722,94.544833,1260.0,24.539,327.788
3023,Manipur,Ukhrul,25.286944,94.531361,1191.0,30.417,311.144
3024,Manipur,Ukhrul,25.288417,94.539528,1417.0,27.209,122.796
3025,Manipur,Ukhrul,25.289806,94.525639,1130.0,22.634,330.759
3026,Manipur,Ukhrul,25.316639,94.504278,1369.0,20.689,110.905
3027,Manipur,Ukhrul,25.325194,94.511861,1270.0,23.064,329.88
3028,Manipur,Ukhrul,25.325889,94.511306,1282.0,21.82,314.972
3029,Manipur,Ukhrul,25.326722,94.510083,1281.0,16.875,338.876
3030,Manipur,Ukhrul,25.3375,94.527806,1131.0,23.088,59.619
3031,Manipur,Ukhrul,25.388056,94.550083,946.0,14.289,306.84
3032,Manipur,Ukhrul,25.400639,94.620639,2039.0,30.686,319.19
3033,Manipur,Ukhrul,25.407667,94.587222,1695.0,22.812,96.746
3034,Manipur,Ukhrul,25.407972,94.596917,1662.0,23.138,29.258
3035,Manipur,Ukhrul,25.409306,94.596417,1683.0,11.953,209.555
3036,Manipur,Ukhrul,25.410278,94.600389,1674.0,10.937,102.075
3037,Manipur,Ukhrul,25.410667,94.598361,1677.0,16.429,206.007
3038,Manipur,Ukhrul,25.414028,94.58,1525.0,14.008,188.021
3039,Manipur,Ukhrul,25.416,94.579028,1506.0,11.261,87.414
3040,Manipur,Ukhrul,25.417167,94.578556,1521.0,8.822,96.647
3041,Manipur,Ukhrul,25.418361,94.578528,1510.0,12.809,113.272
3042,Manipur,Ukhrul,25.442278,94.563833,1505.0,14.33,283.213
3043,Manipur,Ukhrul,25.45475,94.552583,1455.0,22.034,240.77
3044,Manipur,Ukhrul,25.466528,94.552028,1259.0,27.085,145.65
3045,Manipur,Ukhrul,25.467169,94.54755,1204.0,37.441,258.838
3046,Manipur,Ukhrul,25.467772,94.549483,1221.0,32.778,159.182
3047,Manipur,Ukhrul,25.476722,94.534806,927.0,27.597,88.03
3048,Manipur,Ukhrul,25.492333,94.555444,1002.0,28.457,241.811
3049,Manipur,West,24.82,93.89,778.0,1.149,312.228
3050,Manipur,West,24.83,93.88,784.0,0.623,65.592
3051,Meghalaya,East,25.033628,92.439331,351.0,21.712,51.656
3052,Meghalaya,East,25.038186,92.440725,315.0,22.78,56.944
3053,Meghalaya,East,25.038361,92.43675,327.0,21.541,262.81
3054,Meghalaya,East,25.039097,92.436869,330.0,19.835,234.18
3055,Meghalaya,East,25.044136,92.430244,262.0,30.328,288.348
3056,Meghalaya,East,25.044733,92.423675,203.0,20.169,267.196
3057,Meghalaya,East,25.044947,92.420261,188.0,20.774,31.517
3058,Meghalaya,East,25.048054,92.409245,81.0,5.663,270.0
3059,Meghalaya,East,25.074439,92.371186,122.0,17.051,39.091
3060,Meghalaya,East,25.075167,92.370953,146.0,17.4,57.0
3061,Meghalaya,East,25.079722,92.359361,244.0,24.574,65.636
3062,Meghalaya,East,25.083361,92.361083,230.0,12.538,345.801
3063,Meghalaya,East,25.095131,92.350111,160.0,32.711,76.657
3064,Meghalaya,East,25.122381,92.243069,142.0,23.486,210.914
3065,Meghalaya,East,25.136047,92.222064,164.0,15.359,263.427
3066,Meghalaya,East,25.158643,91.525222,61.0,7.996,196.416
3067,Meghalaya,East,25.159469,91.528337,44.0,9.922,198.183
3068,Meghalaya,East,25.16400556,92.38702778,401.0,22.292,44.592
3069,Meghalaya,East,25.165028,92.388056,420.0,27.842,31.746
3070,Meghalaya,East,25.181759,91.573658,83.0,12.357,287.911
3071,Meghalaya,East,25.18688889,91.39855556,74.0,11.971,5.373
3072,Meghalaya,East,25.188327,91.761486,134.0,17.284,57.718
3073,Meghalaya,East,25.191111,92.003389,177.0,10.743,31.548
3074,Meghalaya,East,25.199311,91.858857,561.0,4.039,34.22
3075,Meghalaya,East,25.200934,91.63449,211.0,26.249,298.864
3076,Meghalaya,East,25.204882,91.742535,535.0,27.166,28.926
3077,Meghalaya,East,25.205307,91.755686,440.0,26.263,325.009
3078,Meghalaya,East,25.20655,91.744914,560.0,20.808,34.174
3079,Meghalaya,East,25.206885,91.740497,675.0,27.528,7.663
3080,Meghalaya,East,25.207314,91.592357,553.0,12.195,356.048
3081,Meghalaya,East,25.208313,91.606889,655.0,16.215,72.935
3082,Meghalaya,East,25.212554,91.747962,615.0,31.453,55.058
3083,Meghalaya,East,25.216078,91.738387,906.0,17.107,347.895
3084,Meghalaya,East,25.216805,91.709405,541.0,29.707,45.522
3085,Meghalaya,East,25.218821,91.581584,792.0,14.371,357.779
3086,Meghalaya,East,25.220023,91.631989,432.0,32.038,259.663
3087,Meghalaya,East,25.221164,91.719886,524.0,28.678,256.223
3088,Meghalaya,East,25.222528,91.765256,603.0,34.986,167.296
3089,Meghalaya,East,25.223307,91.762345,531.0,35.7,186.347
3090,Meghalaya,East,25.227249,91.748917,482.0,22.707,176.599
3091,Meghalaya,East,25.228272,91.687776,581.0,20.426,90.691
3092,Meghalaya,East,25.229706,91.745297,667.0,28.988,75.444
3093,Meghalaya,East,25.234097,91.866071,857.0,8.292,98.864
3094,Meghalaya,East,25.234966,91.690051,631.0,14.573,51.542
3095,Meghalaya,East,25.240338,91.677786,712.0,7.127,339.059
3096,Meghalaya,East,25.256259,91.868197,969.0,15.458,316.964
3097,Meghalaya,East,25.265048,91.591553,1156.0,17.069,157.157
3098,Meghalaya,East,25.273217,91.609962,389.0,28.613,346.306
3099,Meghalaya,East,25.27342,91.578074,1279.0,27.127,129.141
3100,Meghalaya,East,25.282485,91.57685,1039.0,32.494,48.479
3101,Meghalaya,East,25.295624,91.56964,1266.0,35.78,271.786
3102,Meghalaya,East,25.297628,92.387525,917.0,15.3,314.909
3103,Meghalaya,East,25.301444,91.9245,1206.0,13.622,164.542
3104,Meghalaya,East,25.324806,91.942194,833.0,4.582,38.317
3105,Meghalaya,East,25.325889,91.935222,952.0,20.108,97.756
3106,Meghalaya,East,25.32765,91.893414,1453.0,10.767,263.218
3107,Meghalaya,East,25.339339,92.584781,1109.0,15.214,306.482
3108,Meghalaya,East,25.34508889,91.60050278,1691.0,27.813,56.981
3109,Meghalaya,East,25.34815,91.892506,1518.0,25.709,253.747
3110,Meghalaya,East,25.351304,91.89353,1554.0,7.066,298.102
3111,Meghalaya,East,25.354239,92.572861,993.0,10.813,8.983
3112,Meghalaya,East,25.358977,91.973477,1176.0,24.727,209.768
3113,Meghalaya,East,25.359611,91.889417,1546.0,15.242,237.046
3114,Meghalaya,East,25.360132,91.882043,1512.0,28.299,334.285
3115,Meghalaya,East,25.364889,91.881,1446.0,36.78,94.135
3116,Meghalaya,East,25.36565,92.5314,1027.0,11.307,42.16
3117,Meghalaya,East,25.372139,91.879889,1444.0,33.741,85.758
3118,Meghalaya,East,25.375719,92.610181,1038.0,11.653,98.769
3119,Meghalaya,East,25.3763,91.874028,1509.0,21.135,2.211
3120,Meghalaya,East,25.382428,91.874568,1514.0,19.888,254.148
3121,Meghalaya,East,25.391723,91.871851,1573.0,19.858,282.205
3122,Meghalaya,East,25.397287,91.872324,1562.0,9.396,128.629
3123,Meghalaya,East,25.398345,91.769704,1799.0,11.859,71.286
3124,Meghalaya,East,25.41384722,91.67856111,1657.0,2.587,6.318
3125,Meghalaya,East,25.415438,91.867487,1752.0,31.948,70.213
3126,Meghalaya,East,25.423674,91.721317,1689.0,11.21,175.683
3127,Meghalaya,East,25.446933,91.742919,1753.0,24.145,204.241
3128,Meghalaya,East,25.452164,91.819054,1775.0,6.555,159.738
3129,Meghalaya,East,25.456896,91.826145,1757.0,17.048,112.384
3130,Meghalaya,East,25.489833,92.069033,1246.0,17.515,211.354
3131,Meghalaya,East,25.49151667,91.77329444,1797.0,6.087,207.814
3132,Meghalaya,East,25.50368056,91.72342222,1749.0,3.651,290.61
3133,Meghalaya,East,25.504083,91.723028,1746.0,6.253,272.349
3134,Meghalaya,East,25.50781,90.68,349.0,9.607,88.479
3135,Meghalaya,East,25.529056,91.923722,1745.0,4.739,122.804
3136,Meghalaya,East,25.536972,91.973639,1648.0,2.131,147.654
3137,Meghalaya,East,25.539611,92.001556,1541.0,12.866,210.085
3138,Meghalaya,East,25.54264,92.10214,1328.0,11.534,72.053
3139,Meghalaya,East,25.542694,92.096472,1310.0,17.888,188.872
3140,Meghalaya,East,25.542744,91.662067,1761.0,10.839,311.061
3141,Meghalaya,East,25.54930833,91.91161389,1649.0,15.266,200.277
3142,Meghalaya,East,25.558058,90.809919,406.0,18.007,285.22
3143,Meghalaya,East,25.563472,92.329689,1038.0,19.429,17.244
3144,Meghalaya,East,25.568837,91.833286,1476.0,13.595,153.065
3145,Meghalaya,East,25.571256,91.825464,1260.0,29.463,231.672
3146,Meghalaya,East,25.571555,91.826228,1285.0,30.487,214.518
3147,Meghalaya,East,25.57188889,91.90127778,1519.0,9.085,85.166
3148,Meghalaya,East,25.57255,91.828833,1320.0,35.9,212.449
3149,Meghalaya,East,25.57395,92.058583,1185.0,14.693,186.542
3150,Meghalaya,East,25.57428,91.831851,1347.0,29.053,207.203
3151,Meghalaya,East,25.576203,92.057722,1163.0,6.006,169.087
3152,Meghalaya,East,25.576806,92.242444,1197.0,10.634,227.949
3153,Meghalaya,East,25.576847,91.753423,1712.0,10.609,217.693
3154,Meghalaya,East,25.577212,91.75219,1679.0,18.724,209.001
3155,Meghalaya,East,25.57822,91.86545,1464.0,6.335,260.686
3156,Meghalaya,East,25.59875,91.86427778,1365.0,8.257,326.691
3157,Meghalaya,East,25.599096,91.859289,1271.0,22.157,343.662
3158,Meghalaya,East,25.612528,91.870861,1327.0,20.98,247.261
3159,Meghalaya,East,25.614112,91.869632,1287.0,15.311,219.551
3160,Meghalaya,East,25.614657,91.870692,1284.0,19.716,205.524
3161,Meghalaya,East,25.615134,91.872232,1295.0,21.232,233.872
3162,Meghalaya,East,25.616596,91.876562,1339.0,12.09,90.0
3163,Meghalaya,East,25.62,91.88272222,1270.0,5.994,85.092
3164,Meghalaya,East,25.630403,91.8899195,1252.0,7.233,55.513
3165,Meghalaya,East,25.633896,91.891833,1235.0,11.447,79.779
3166,Meghalaya,East,25.637274,91.844234,1249.0,20.019,198.331
3167,Meghalaya,East,25.637779,91.932565,1294.0,23.422,189.934
3168,Meghalaya,East,25.640264,91.848588,1199.0,30.097,202.756
3169,Meghalaya,East,25.64906111,91.89733611,1092.0,22.245,2.094
3170,Meghalaya,East,25.64911111,91.899,1084.0,21.867,24.968
3171,Meghalaya,East,25.649222,91.899,1089.0,20.973,27.061
3172,Meghalaya,East,25.65057222,91.89351389,1127.0,25.501,231.576
3173,Meghalaya,East,25.653181,92.041194,943.0,12.687,163.277
3174,Meghalaya,East,25.65341111,91.89819444,1024.0,18.818,141.044
3175,Meghalaya,East,25.674,92.157667,809.0,5.061,329.57
3176,Meghalaya,East,25.696556,92.109694,842.0,2.376,57.233
3177,Meghalaya,East,25.708426,91.896406,894.0,10.783,293.636
3178,Meghalaya,East,25.747597,92.114167,897.0,19.741,27.295
3179,Meghalaya,Eastern-West,25.49551944,91.49585278,1583.0,10.265,65.062
3180,Meghalaya,Eastern-West,25.55256111,91.61870278,1656.0,10.624,64.469
3181,Meghalaya,Eastern-West,25.68690556,91.64915278,1133.0,26.474,149.974
3182,Meghalaya,Eastern-West,25.69150833,91.64160833,1339.0,2.634,192.513
3183,Meghalaya,Eastern-West,25.733262,91.675754,741.0,2.955,343.156
3184,Meghalaya,Eastern-West,25.791616,91.658242,743.0,5.211,146.843
3185,Meghalaya,Jaintia,25.04222222,92.44127778,290.0,16.747,22.267
3186,Meghalaya,Jaintia,25.12383333,92.38519444,111.0,29.291,72.767
3187,Meghalaya,Jaintia,25.13486111,92.382,176.0,30.307,159.634
3188,Meghalaya,Jaintia,25.13561111,92.3805,185.0,24.429,124.996
3189,Meghalaya,Jaintia,25.13561111,92.3805,185.0,24.429,124.996
3190,Meghalaya,Jaintia,25.14341667,92.37805556,204.0,20.666,124.033
3191,Meghalaya,Jaintia,25.14702778,92.37883333,187.0,9.462,30.408
3192,Meghalaya,Jaintia,25.54261,92.09842,1315.0,8.24,164.038
3193,Meghalaya,Ri-Bhoi,25.66315,91.90180278,1022.0,3.255,322.167
3194,Meghalaya,Ri-Bhoi,25.663444,91.915944,946.0,7.894,32.622
3195,Meghalaya,Ri-Bhoi,25.67032222,91.90487222,1005.0,8.558,243.402
3196,Meghalaya,Ri-Bhoi,25.796657,92.143462,820.0,19.826,42.69
3197,Meghalaya,Ri-Bhoi,25.84,91.47,360.0,15.508,140.987
3198,Meghalaya,Ri-Bhoi,25.853111,91.881583,598.0,4.818,288.648
3199,Meghalaya,Ri-Bhoi,25.865894,91.880278,553.0,5.615,23.967
3200,Meghalaya,Ri-Bhoi,25.934889,91.714389,290.0,12.565,243.683
3201,Meghalaya,Ri-Bhoi,25.935833,91.56525,479.0,18.434,10.359
3202,Meghalaya,Ri-Bhoi,25.945619,91.548883,235.0,20.752,354.705
3203,Meghalaya,Ri-Bhoi,25.95847,91.85406,343.0,11.381,143.444
3204,Meghalaya,Ri-Bhoi,25.970062,92.054889,607.0,23.331,1.327
3205,Meghalaya,Ri-Bhoi,25.971897,91.562372,288.0,22.671,180.0
3206,Meghalaya,Ri-Bhoi,25.978481,91.569575,390.0,13.486,270.0
3207,Meghalaya,Ri-Bhoi,25.982436,92.057405,411.0,6.946,70.62
3208,Meghalaya,Ri-Bhoi,25.994619,91.577214,367.0,6.164,33.724
3209,Meghalaya,Ri-Bhoi,25.998847,91.863883,299.0,12.291,260.507
3210,Meghalaya,Ri-Bhoi,26.00294,91.86692,405.0,18.858,245.114
3211,Meghalaya,Ri-Bhoi,26.007083,91.909806,199.0,8.175,138.624
3212,Meghalaya,Ri-Bhoi,26.01061,91.86886,333.0,27.278,225.826
3213,Meghalaya,Ri-Bhoi,26.086975,91.7831,87.0,17.675,54.696
3214,Meghalaya,South,25.191366,91.040468,43.0,13.718,287.121
3215,Meghalaya,South,25.221572,91.185833,474.0,16.619,353.313
3216,Meghalaya,South,25.239068,91.174728,542.0,24.238,135.099
3217,Meghalaya,South,25.266939,91.383208,742.0,4.213,227.876
3218,Meghalaya,South,25.36103333,91.64700833,1460.0,17.22,42.345
3219,Meghalaya,South,25.39466,90.69083,633.0,9.998,186.477
3220,Meghalaya,South,25.39799,90.69972,558.0,12.278,117.003
3221,Meghalaya,South,25.403061,90.724166,360.0,14.964,187.483
3222,Meghalaya,South,25.565569,90.808153,410.0,1.177,208.998
3223,Meghalaya,South,25.619397,91.61704,1507.0,12.983,283.52
3224,Meghalaya,West,25.143375,92.141861,38.0,8.104,192.069
3225,Meghalaya,West,25.147942,92.181586,170.0,24.195,171.746
3226,Meghalaya,West,25.148158,92.177172,177.0,27.464,170.106
3227,Meghalaya,West,25.148747,92.175119,153.0,23.985,181.917
3228,Meghalaya,West,25.156542,92.198469,71.0,16.651,172.373
3229,Meghalaya,West,25.20283,91.20908,54.0,10.669,347.83
3230,Meghalaya,West,25.211722,92.065389,620.0,14.929,16.218
3231,Meghalaya,West,25.214153,92.045428,591.0,8.754,312.136
3232,Meghalaya,West,25.215583,92.077639,685.0,9.69,358.334
3233,Meghalaya,West,25.215611,92.077361,686.0,9.436,0.0
3234,Meghalaya,West,25.229167,92.2235,463.0,24.717,148.093
3235,Meghalaya,West,25.231383,92.2215,412.0,18.712,85.436
3236,Meghalaya,West,25.237361,92.096992,816.0,7.523,31.761
3237,Meghalaya,West,25.262931,92.203628,668.0,23.079,300.396
3238,Meghalaya,West,25.266222,92.202528,678.0,16.905,196.13
3239,Meghalaya,West,25.346972,92.008278,989.0,35.526,320.695
3240,Meghalaya,West,25.356461,92.006278,932.0,35.202,329.984
3241,Meghalaya,West,25.36497222,91.02411111,394.0,11.569,311.168
3242,Meghalaya,West,25.38163333,90.06033889,82.0,3.733,97.913
3243,Meghalaya,West,25.4013,91.45855,1566.0,20.622,60.701
3244,Meghalaya,West,25.425,91.405,1562.0,13.776,96.311
3245,Meghalaya,West,25.435167,92.185006,1256.0,12.928,55.426
3246,Meghalaya,West,25.43630556,92.19525,1364.0,3.238,118.451
3247,Meghalaya,West,25.436306,91.050361,624.0,7.12,334.023
3248,Meghalaya,West,25.44177778,92.19558333,1341.0,3.525,208.973
3249,Meghalaya,West,25.44741667,92.20138889,1368.0,9.766,15.076
3250,Meghalaya,West,25.455639,91.082944,729.0,19.729,92.872
3251,Meghalaya,West,25.496081,91.117675,985.0,11.113,123.283
3252,Meghalaya,West,25.496861,91.198556,1299.0,19.628,211.083
3253,Meghalaya,West,25.507378,91.223883,1359.0,11.457,355.775
3254,Meghalaya,West,25.51028,90.21678,324.0,8.179,0.0
3255,Meghalaya,West,25.527781,91.263214,1342.0,5.126,92.87
3256,Meghalaya,West,25.529408,92.455339,1175.0,7.679,194.976
3257,Meghalaya,West,25.53086111,91.29780556,1474.0,11.984,235.158
3258,Meghalaya,West,25.531698,91.295995,1462.0,14.526,8.841
3259,Meghalaya,West,25.531739,91.296177,1464.0,14.726,7.618
3260,Meghalaya,West,25.536889,91.206556,1341.0,14.364,206.556
3261,Meghalaya,West,25.537344,91.207542,1333.0,13.79,194.086
3262,Meghalaya,West,25.537972,91.602361,1613.0,13.932,47.94
3263,Meghalaya,West,25.540056,91.314142,1514.0,9.041,32.13
3264,Meghalaya,West,25.544906,91.268575,1379.0,12.303,194.542
3265,Meghalaya,West,25.544917,91.270722,1396.0,11.131,207.092
3266,Meghalaya,West,25.545061,91.269778,1385.0,10.564,206.987
3267,Meghalaya,West,25.546553,91.235222,1328.0,8.896,149.412
3268,Meghalaya,West,25.549139,91.244417,1347.0,6.756,9.677
3269,Meghalaya,West,25.549333,91.246583,1337.0,17.725,21.952
3270,Meghalaya,West,25.56,90.37,678.0,22.896,327.16
3271,Meghalaya,West,25.560931,91.227694,1310.0,15.868,322.191
3272,Meghalaya,West,25.561281,92.330142,1067.0,24.784,197.574
3273,Meghalaya,West,25.565489,91.220686,1334.0,6.158,146.371
3274,Meghalaya,West,25.57,89.98,51.0,6.248,234.946
3275,Meghalaya,West,25.571,92.55128,829.0,8.725,220.456
3276,Meghalaya,West,25.57425,91.214472,1250.0,3.988,58.979
3277,Meghalaya,West,25.58,89.99,41.0,5.891,254.859
3278,Meghalaya,West,25.582836,91.183972,1232.0,12.066,38.974
3279,Meghalaya,West,25.602683,91.180708,1063.0,12.533,214.064
3280,Meghalaya,West,25.606969,91.176158,1129.0,18.71,5.909
3281,Meghalaya,West,25.61,90.29,565.0,4.01,320.249
3282,Meghalaya,West,25.61276111,91.17375278,1160.0,7.994,286.73
3283,Meghalaya,West,25.62,90.33,681.0,2.994,301.011
3284,Meghalaya,West,25.620361,91.617083,1502.0,8.394,227.96
3285,Meghalaya,West,25.63,90.33,652.0,2.572,0.0
3286,Meghalaya,West,25.644833,91.134778,1219.0,14.334,263.946
3287,Meghalaya,West,25.644944,91.158153,1205.0,13.914,289.047
3288,Meghalaya,West,25.660825,91.143689,1164.0,6.952,212.09
3289,Meghalaya,West,25.66156667,91.13485278,1140.0,10.612,322.288
3290,Meghalaya,West,25.664111,91.089556,919.0,19.021,252.562
3291,Meghalaya,West,25.666028,91.091167,951.0,19.754,256.253
3292,Meghalaya,West,25.667072,91.091972,964.0,20.354,244.159
3293,Meghalaya,West,25.667744,91.597819,1283.0,8.98,28.229
3294,Meghalaya,West,25.671944,91.096139,995.0,17.928,203.609
3295,Meghalaya,West,25.678306,91.07975,990.0,2.995,239.001
3296,Meghalaya,West,25.690833,91.056556,925.0,7.999,73.281
3297,Meghalaya,West,25.6999,91.642192,1260.0,14.059,224.159
3298,Meghalaya,West,25.700053,91.644486,1245.0,28.902,133.753
3299,Meghalaya,West,25.795444,91.662111,762.0,4.069,280.92
3300,Meghalaya,West,25.85,91.17,78.0,2.136,164.475
3301,Mizoram,Aizawl,23.10172778,93.20231944,1174.0,20.672,45.383
3302,Mizoram,Aizawl,23.20960722,93.13104722,912.0,16.233,82.019
3303,Mizoram,Aizawl,23.21068583,93.1212325,1119.0,14.108,137.113
3304,Mizoram,Aizawl,23.24500833,93.17587222,568.0,9.631,63.258
3305,Mizoram,Aizawl,23.25951944,93.15917222,1253.0,19.861,155.192
3306,Mizoram,Aizawl,23.26126111,93.15070556,1098.0,18.34,253.468
3307,Mizoram,Aizawl,23.33194444,92.78916667,659.0,21.508,314.965
3308,Mizoram,Aizawl,23.35416667,92.77027778,933.0,24.286,344.917
3309,Mizoram,Aizawl,23.36138889,92.77083333,1033.0,35.439,285.747
3310,Mizoram,Aizawl,23.37083333,92.75861111,1205.0,31.781,308.569
3311,Mizoram,Aizawl,23.3725,92.75861111,1274.0,5.841,208.577
3312,Mizoram,Aizawl,23.39194444,92.75611111,1301.0,29.489,36.662
3313,Mizoram,Aizawl,23.40222222,92.75,1218.0,19.662,89.28
3314,Mizoram,Aizawl,23.409674,92.750935,1185.0,21.415,93.283
3315,Mizoram,Aizawl,23.41,92.74944444,1221.0,22.244,182.057
3316,Mizoram,Aizawl,23.411146,92.752193,1155.0,15.099,93.818
3317,Mizoram,Aizawl,23.412046,92.750099,1148.0,26.425,212.8
3318,Mizoram,Aizawl,23.41805556,92.77111111,1236.0,16.196,325.043
3319,Mizoram,Aizawl,23.42722222,92.71277778,922.0,27.49,225.639
3320,Mizoram,Aizawl,23.43194444,92.76083333,1463.0,11.359,308.759
3321,Mizoram,Aizawl,23.43936111,92.76144444,1512.0,39.149,279.527
3322,Mizoram,Aizawl,23.440648,92.703726,605.0,27.903,238.272
3323,Mizoram,Aizawl,23.442296,92.695903,483.0,12.618,145.348
3324,Mizoram,Aizawl,23.44333333,92.68527778,835.0,20.29,337.417
3325,Mizoram,Aizawl,23.44805556,92.68333333,869.0,9.279,60.341
3326,Mizoram,Aizawl,23.45083333,92.6825,903.0,7.352,19.968
3327,Mizoram,Aizawl,23.45083333,92.67944444,854.0,22.034,2.774
3328,Mizoram,Aizawl,23.45138889,92.68083333,889.0,13.295,328.802
3329,Mizoram,Aizawl,23.45138889,92.68,888.0,14.154,340.729
3330,Mizoram,Aizawl,23.464206,92.737583,1269.0,34.581,232.704
3331,Mizoram,Aizawl,23.46722222,92.74083333,1303.0,42.376,260.936
3332,Mizoram,Aizawl,23.467262,92.740634,1285.0,44.302,261.264
3333,Mizoram,Aizawl,23.4675,92.74083333,1303.0,43.202,264.786
3334,Mizoram,Aizawl,23.470109,92.740615,1293.0,35.737,260.66
3335,Mizoram,Aizawl,23.47388889,92.70972222,1018.0,24.327,231.25
3336,Mizoram,Aizawl,23.476702,92.705854,998.0,1.523,47.472
3337,Mizoram,Aizawl,23.498881,92.703251,935.0,23.569,278.884
3338,Mizoram,Aizawl,23.49933333,92.70225,913.0,18.108,278.69
3339,Mizoram,Aizawl,23.502336,92.697334,720.0,25.639,340.94
3340,Mizoram,Aizawl,23.51361111,92.69861111,791.0,23.818,321.581
3341,Mizoram,Aizawl,23.52583333,92.63861111,224.0,9.375,306.763
3342,Mizoram,Aizawl,23.52694444,92.65444444,408.0,29.715,55.485
3343,Mizoram,Aizawl,23.5275,92.65472222,413.0,30.633,64.384
3344,Mizoram,Aizawl,23.52861111,92.6975,830.0,27.703,327.873
3345,Mizoram,Aizawl,23.52944444,92.72944444,997.0,26.435,243.725
3346,Mizoram,Aizawl,23.5325,92.65555556,460.0,24.213,63.291
3347,Mizoram,Aizawl,23.53388889,92.6975,832.0,33.177,274.729
3348,Mizoram,Aizawl,23.53805556,92.69944444,862.0,32.19,231.104
3349,Mizoram,Aizawl,23.53861111,92.65916667,551.0,18.552,297.067
3350,Mizoram,Aizawl,23.53888889,92.65888889,549.0,17.094,298.814
3351,Mizoram,Aizawl,23.54055556,92.71666667,902.0,14.338,158.643
3352,Mizoram,Aizawl,23.54305556,92.66638889,586.0,24.943,58.568
3353,Mizoram,Aizawl,23.54555556,92.72111111,805.0,19.221,7.266
3354,Mizoram,Aizawl,23.54972222,92.70361111,814.0,25.141,243.88
3355,Mizoram,Aizawl,23.55027778,92.70444444,840.0,23.506,255.65
3356,Mizoram,Aizawl,23.55444444,92.70527778,829.0,1.981,82.539
3357,Mizoram,Aizawl,23.5625,92.70777778,806.0,17.239,275.815
3358,Mizoram,Aizawl,23.565,92.70777778,840.0,24.321,282.629
3359,Mizoram,Aizawl,23.566631,92.876781,551.0,18.798,105.302
3360,Mizoram,Aizawl,23.57027778,92.70722222,837.0,24.627,276.187
3361,Mizoram,Aizawl,23.57138889,92.70972222,857.0,28.416,205.194
3362,Mizoram,Aizawl,23.57888889,92.7125,879.0,20.905,218.014
3363,Mizoram,Aizawl,23.58277778,92.71333333,870.0,30.486,267.376
3364,Mizoram,Aizawl,23.58388889,92.71722222,973.0,6.918,68.274
3365,Mizoram,Aizawl,23.58591667,92.71777778,956.0,9.491,94.623
3366,Mizoram,Aizawl,23.58611111,92.72944444,616.0,28.564,15.134
3367,Mizoram,Aizawl,23.58638889,92.71388889,803.0,30.618,282.269
3368,Mizoram,Aizawl,23.58694444,92.8175,626.0,6.427,139.257
3369,Mizoram,Aizawl,23.59027778,92.71583333,787.0,23.529,207.484
3370,Mizoram,Aizawl,23.60083333,92.83027778,744.0,26.355,286.323
3371,Mizoram,Aizawl,23.60138889,92.71888889,810.0,12.733,62.794
3372,Mizoram,Aizawl,23.60638889,92.7775,379.0,10.189,1.563
3373,Mizoram,Aizawl,23.607347,92.879114,586.0,21.667,91.944
3374,Mizoram,Aizawl,23.60972222,92.79972222,402.0,26.295,310.194
3375,Mizoram,Aizawl,23.60972222,92.80027778,420.0,21.802,329.839
3376,Mizoram,Aizawl,23.613722,92.851889,1067.0,13.034,95.567
3377,Mizoram,Aizawl,23.61611111,92.79777778,405.0,26.014,25.589
3378,Mizoram,Aizawl,23.61916667,92.7225,825.0,18.799,347.525
3379,Mizoram,Aizawl,23.61972222,92.72527778,813.0,14.225,111.843
3380,Mizoram,Aizawl,23.61972222,92.78916667,274.0,22.939,246.216
3381,Mizoram,Aizawl,23.62027778,92.72555556,794.0,14.954,115.927
3382,Mizoram,Aizawl,23.62055556,92.85083333,1077.0,21.904,88.72
3383,Mizoram,Aizawl,23.62111111,92.72444444,804.0,11.563,106.582
3384,Mizoram,Aizawl,23.62194444,92.78972222,261.0,19.121,261.807
3385,Mizoram,Aizawl,23.63472222,92.855,1036.0,10.123,261.319
3386,Mizoram,Aizawl,23.635,92.72361111,831.0,29.234,72.726
3387,Mizoram,Aizawl,23.63611111,92.72333333,862.0,17.957,86.822
3388,Mizoram,Aizawl,23.64444444,92.72527778,818.0,18.447,298.118
3389,Mizoram,Aizawl,23.64638889,92.72638889,795.0,21.826,124.887
3390,Mizoram,Aizawl,23.64702778,92.72583333,806.0,12.448,124.73
3391,Mizoram,Aizawl,23.65416667,92.71777778,876.0,32.86,50.744
3392,Mizoram,Aizawl,23.65538889,92.71161111,845.0,39.502,14.115
3393,Mizoram,Aizawl,23.65583333,92.86111111,972.0,19.191,135.216
3394,Mizoram,Aizawl,23.658861,92.963722,1146.0,28.122,277.728
3395,Mizoram,Aizawl,23.667361,92.978,1085.0,24.486,156.521
3396,Mizoram,Aizawl,23.670556,92.728528,720.0,21.234,126.123
3397,Mizoram,Aizawl,23.67138889,92.72361111,948.0,38.713,94.178
3398,Mizoram,Aizawl,23.67388889,92.71472222,1000.0,20.206,256.593
3399,Mizoram,Aizawl,23.67611111,92.71972222,998.0,43.726,63.806
3400,Mizoram,Aizawl,23.67694444,92.71722222,1093.0,25.082,260.053
3401,Mizoram,Aizawl,23.67805556,92.72,1011.0,37.748,95.994
3402,Mizoram,Aizawl,23.68054,93.020091,608.0,21.2,87.345
3403,Mizoram,Aizawl,23.68143611,92.72144167,1020.0,25.217,91.093
3404,Mizoram,Aizawl,23.685795,93.019874,639.0,25.154,97.143
3405,Mizoram,Aizawl,23.68916667,92.72055556,1051.0,15.644,186.033
3406,Mizoram,Aizawl,23.69138889,92.72138889,934.0,30.929,109.714
3407,Mizoram,Aizawl,23.69333333,92.76694444,1010.0,23.611,329.671
3408,Mizoram,Aizawl,23.69916667,92.87416667,488.0,25.204,101.561
3409,Mizoram,Aizawl,23.6995,92.71617,987.0,23.435,346.919
3410,Mizoram,Aizawl,23.700556,92.715972,1014.0,22.148,296.9
3411,Mizoram,Aizawl,23.70277778,92.8775,553.0,16.588,122.876
3412,Mizoram,Aizawl,23.70416667,92.71222222,1038.0,27.546,2.695
3413,Mizoram,Aizawl,23.704861,92.98575,965.0,21.458,123.264
3414,Mizoram,Aizawl,23.71125,92.660167,280.0,23.142,176.71
3415,Mizoram,Aizawl,23.71194444,92.86888889,684.0,31.37,41.285
3416,Mizoram,Aizawl,23.712694,92.66025,211.0,26.087,179.426
3417,Mizoram,Aizawl,23.71305556,92.70895833,979.0,6.879,296.538
3418,Mizoram,Aizawl,23.716025,92.854306,847.0,14.056,267.944
3419,Mizoram,Aizawl,23.71638889,92.72111111,1004.0,20.987,85.971
3420,Mizoram,Aizawl,23.716556,92.699056,769.0,18.777,32.271
3421,Mizoram,Aizawl,23.71740833,92.70644167,891.0,14.979,302.493
3422,Mizoram,Aizawl,23.7195,92.675528,494.0,20.364,340.706
3423,Mizoram,Aizawl,23.722222,92.682278,706.0,16.503,333.441
3424,Mizoram,Aizawl,23.72222222,92.80138889,201.0,20.093,262.947
3425,Mizoram,Aizawl,23.72327778,92.70222222,927.0,25.082,183.606
3426,Mizoram,Aizawl,23.72694444,92.79527778,266.0,9.197,90.0
3427,Mizoram,Aizawl,23.727472,92.85265,770.0,16.699,311.208
3428,Mizoram,Aizawl,23.7275,92.77,731.0,22.232,124.084
3429,Mizoram,Aizawl,23.727639,92.703083,883.0,20.499,198.358
3430,Mizoram,Aizawl,23.72786111,92.73955556,751.0,24.625,321.623
3431,Mizoram,Aizawl,23.72972222,92.85305556,774.0,24.394,291.497
3432,Mizoram,Aizawl,23.730243,92.75603,914.0,13.057,137.39
3433,Mizoram,Aizawl,23.73027778,92.76861111,719.0,20.804,26.044
3434,Mizoram,Aizawl,23.73041667,92.75552778,915.0,14.407,148.956
3435,Mizoram,Aizawl,23.73055556,92.75916667,916.0,32.792,210.174
3436,Mizoram,Aizawl,23.730867,92.755639,895.0,22.216,155.893
3437,Mizoram,Aizawl,23.73111111,92.84944444,784.0,28.642,350.694
3438,Mizoram,Aizawl,23.73194444,92.75,934.0,29.585,276.359
3439,Mizoram,Aizawl,23.73277778,92.79722222,256.0,7.139,329.387
3440,Mizoram,Aizawl,23.732867,92.825842,526.0,21.259,308.566
3441,Mizoram,Aizawl,23.73386111,92.69491667,901.0,10.64,24.7
3442,Mizoram,Aizawl,23.73388889,92.79388889,313.0,14.502,58.605
3443,Mizoram,Aizawl,23.73436,92.75194,914.0,29.523,117.902
3444,Mizoram,Aizawl,23.73555556,92.78833333,528.0,25.253,77.907
3445,Mizoram,Aizawl,23.73722222,92.7425,876.0,18.924,323.051
3446,Mizoram,Aizawl,23.74066667,92.69336111,920.0,15.856,255.343
3447,Mizoram,Aizawl,23.74150833,92.70785833,876.0,36.461,138.389
3448,Mizoram,Aizawl,23.741806,92.72525,968.0,19.014,107.444
3449,Mizoram,Aizawl,23.74190833,92.74161389,903.0,22.784,101.098
3450,Mizoram,Aizawl,23.74194444,92.71305556,898.0,20.445,253.912
3451,Mizoram,Aizawl,23.74256944,92.73774444,918.0,25.724,303.37
3452,Mizoram,Aizawl,23.743694,92.679028,930.0,16.146,90.0
3453,Mizoram,Aizawl,23.74372,92.72417,988.0,16.028,56.822
3454,Mizoram,Aizawl,23.74388889,92.71222222,826.0,25.724,236.631
3455,Mizoram,Aizawl,23.74416667,92.85555556,836.0,11.883,333.701
3456,Mizoram,Aizawl,23.745083,92.6955,934.0,32.343,146.087
3457,Mizoram,Aizawl,23.75138889,92.69583333,764.0,24.986,78.322
3458,Mizoram,Aizawl,23.754493,92.690145,687.0,24.193,181.252
3459,Mizoram,Aizawl,23.76055556,92.73194444,1133.0,35.498,249.35
3460,Mizoram,Aizawl,23.76083333,92.8475,785.0,23.599,268.822
3461,Mizoram,Aizawl,23.76166667,92.85083333,808.0,18.389,213.106
3462,Mizoram,Aizawl,23.771587,92.732129,1282.0,29.176,4.033
3463,Mizoram,Aizawl,23.77305556,92.74361111,1006.0,22.029,139.992
3464,Mizoram,Aizawl,23.77361111,92.84944444,736.0,20.232,218.746
3465,Mizoram,Aizawl,23.77361111,92.76111111,1112.0,2.382,193.649
3466,Mizoram,Aizawl,23.777805,93.00489,591.0,14.895,56.135
3467,Mizoram,Aizawl,23.77833333,92.84666667,663.0,31.383,304.028
3468,Mizoram,Aizawl,23.779444,93.023918,438.0,12.81,263.193
3469,Mizoram,Aizawl,23.78138889,92.67638889,448.0,36.72,135.772
3470,Mizoram,Aizawl,23.787414,92.725278,1236.0,20.385,306.317
3471,Mizoram,Aizawl,23.7885,93.024666,505.0,17.523,293.473
3472,Mizoram,Aizawl,23.788722,92.837833,611.0,24.27,130.354
3473,Mizoram,Aizawl,23.792555,93.029892,562.0,27.786,154.626
3474,Mizoram,Aizawl,23.80750556,92.83417222,557.0,28.457,129.652
3475,Mizoram,Aizawl,23.815,92.8275,548.0,20.746,159.515
3476,Mizoram,Aizawl,23.816611,92.662306,141.0,10.075,204.487
3477,Mizoram,Aizawl,23.82527778,92.8325,409.0,24.897,220.988
3478,Mizoram,Aizawl,23.82638889,92.8325,395.0,27.005,280.666
3479,Mizoram,Aizawl,23.83277778,92.8325,355.0,25.024,272.206
3480,Mizoram,Aizawl,23.844139,92.933,1643.0,36.429,103.73
3481,Mizoram,Aizawl,23.84777778,92.83694444,371.0,27.076,292.744
3482,Mizoram,Aizawl,23.85075,93.115608,413.0,17.968,169.53
3483,Mizoram,Aizawl,23.86472222,92.88194444,951.0,30.913,102.564
3484,Mizoram,Aizawl,23.868917,92.735472,1234.0,31.157,249.108
3485,Mizoram,Aizawl,23.87075,93.078529,708.0,30.804,261.334
3486,Mizoram,Aizawl,23.87694444,92.84,358.0,20.883,297.332
3487,Mizoram,Aizawl,23.88194444,92.88166667,872.0,28.571,35.26
3488,Mizoram,Aizawl,23.882583,92.877639,886.0,19.107,170.203
3489,Mizoram,Aizawl,23.887251,93.095612,633.0,31.171,150.308
3490,Mizoram,Aizawl,23.89027778,92.91944444,1005.0,22.442,267.507
3491,Mizoram,Aizawl,23.89083333,92.92055556,1045.0,18.234,280.209
3492,Mizoram,Aizawl,23.891722,92.84925,574.0,19.462,23.775
3493,Mizoram,Aizawl,23.90222222,92.91888889,1066.0,14.545,254.95
3494,Mizoram,Aizawl,23.927389,93.02803,1067.0,26.086,296.714
3495,Mizoram,Aizawl,23.93395,92.65928,192.0,20.535,76.124
3496,Mizoram,Aizawl,23.934222,92.730611,795.0,14.985,145.31
3497,Mizoram,Aizawl,23.9395,92.927889,1224.0,18.887,45.908
3498,Mizoram,Aizawl,23.958944,93.022781,909.0,26.748,316.95
3499,Mizoram,Aizawl,23.961,93.028969,956.0,25.073,60.686
3500,Mizoram,Aizawl,23.962278,93.035309,1016.0,26.291,51.812
3501,Mizoram,Aizawl,23.966249,93.041115,1116.0,19.817,75.565
3502,Mizoram,Aizawl,24.004313,92.904068,891.0,27.389,301.342
3503,Mizoram,Aizawl,24.013044,92.920237,1073.0,22.38,200.262
3504,Mizoram,Aizawl,24.024826,92.888859,1188.0,6.828,38.027
3505,Mizoram,Aizawl,24.02555556,92.91944444,1026.0,28.349,182.612
3506,Mizoram,Aizawl,24.026556,92.911915,1047.0,20.545,136.975
3507,Mizoram,Aizawl,24.02833333,92.89138889,1177.0,19.62,78.37
3508,Mizoram,Aizawl,24.037336,92.922455,914.0,15.57,136.5
3509,Mizoram,Aizawl,24.046499,93.04422,1228.0,1.907,227.597
3510,Mizoram,Aizawl,24.053275,92.77647,981.0,27.579,273.451
3511,Mizoram,Aizawl,24.067478,92.893471,1003.0,2.816,90.0
3512,Mizoram,Aizawl,24.070285,92.787738,969.0,17.059,216.383
3513,Mizoram,Aizawl,24.090025,93.54191667,701.0,14.452,186.577
3514,Mizoram,Aizawl,24.09109,92.795724,917.0,9.203,199.514
3515,Mizoram,Aizawl,24.09123,92.795928,914.0,10.74,185.956
3516,Mizoram,Aizawl,24.091664,92.796134,901.0,13.524,171.768
3517,Mizoram,Aizawl,24.094248,92.917745,777.0,22.666,111.449
3518,Mizoram,Aizawl,24.125294,92.805847,702.0,10.62,85.879
3519,Mizoram,Aizawl,24.125631,92.805948,695.0,13.879,95.215
3520,Mizoram,Aizawl,24.125996,92.805874,696.0,14.044,100.344
3521,Mizoram,Aizawl,24.182669,92.950748,459.0,14.669,202.097
3522,Mizoram,Aizawl,24.184022,92.951257,449.0,18.142,254.089
3523,Mizoram,Aizawl,24.193061,92.992877,247.0,25.16,150.481
3524,Mizoram,Aizawl,24.193682,92.946417,529.0,26.105,15.743
3525,Mizoram,Aizawl,24.19533333,92.99544444,165.0,20.016,49.196
3526,Mizoram,Aizawl,24.199185,92.992094,265.0,34.108,174.158
3527,Mizoram,Aizawl,24.2005,92.94105556,701.0,3.284,20.075
3528,Mizoram,Aizawl,24.200746,92.98517,257.0,28.498,227.281
3529,Mizoram,Aizawl,24.22972222,92.99333333,752.0,8.515,226.368
3530,Mizoram,Aizawl,24.246076,92.948994,693.0,3.199,15.333
3531,Mizoram,Aizawl,24.26311111,92.96041667,777.0,12.865,248.059
3532,Mizoram,Aizawl,24.33300556,93.65357222,1158.0,2.925,105.288
3533,Mizoram,Aizawl,24.33915833,93.66233611,1036.0,8.609,152.879
3534,Mizoram,Aizawl,24.37,92.89,48.0,6.294,243.389
3535,Mizoram,Aizawl,24.37,92.89,48.0,6.294,243.389
3536,Mizoram,Aizawl,24.37,92.89,48.0,6.294,243.389
3537,Mizoram,Aizawl,24.48458889,93.58781944,823.0,17.008,249.365
3538,Mizoram,Aizawl,24.49112222,93.62215556,1222.0,24.275,28.786
3539,Mizoram,Aizawl,24.492825,93.58643611,638.0,10.013,226.619
3540,Mizoram,CHAMPHAI,23.88591667,93.20961111,1205.0,15.279,278.51
3541,Mizoram,Champhai,23.051673,93.306394,1203.0,47.103,46.149
3542,Mizoram,Champhai,23.075575,93.315376,1101.0,35.347,112.724
3543,Mizoram,Champhai,23.127266,93.296204,1538.0,17.665,346.7
3544,Mizoram,Champhai,23.135434,93.368506,689.0,22.471,75.537
3545,Mizoram,Champhai,23.140294,93.344976,1111.0,26.62,102.947
3546,Mizoram,Champhai,23.140461,93.343504,1178.0,24.067,116.262
3547,Mizoram,Champhai,23.146464,93.306249,1613.0,27.142,138.893
3548,Mizoram,Champhai,23.150818,93.286358,1444.0,24.49,337.955
3549,Mizoram,Champhai,23.161889,93.2775,1463.0,21.567,282.469
3550,Mizoram,Champhai,23.164508,93.270428,1518.0,9.579,10.003
3551,Mizoram,Champhai,23.244541,93.099533,1077.0,20.402,234.574
3552,Mizoram,Champhai,23.254263,93.238127,1139.0,29.815,251.255
3553,Mizoram,Champhai,23.296419,93.095813,1329.0,15.946,155.747
3554,Mizoram,Champhai,23.299073,93.057068,1271.0,20.143,165.326
3555,Mizoram,Champhai,23.306444,93.303889,1484.0,30.68,239.015
3556,Mizoram,Champhai,23.322995,93.092151,1143.0,22.393,231.583
3557,Mizoram,Champhai,23.3305,93.096806,1223.0,16.1,89.108
3558,Mizoram,Champhai,23.336389,93.074722,1141.0,29.444,47.442
3559,Mizoram,Champhai,23.379469,93.385565,917.0,25.47,1.766
3560,Mizoram,Champhai,23.38075,93.13075,1302.0,18.03,159.772
3561,Mizoram,Champhai,23.381167,93.112917,1187.0,14.611,195.236
3562,Mizoram,Champhai,23.382417,93.384944,990.0,14.687,133.271
3563,Mizoram,Champhai,23.397861,93.3845,1046.0,20.548,174.005
3564,Mizoram,Champhai,23.411417,93.343361,1292.0,21.145,177.098
3565,Mizoram,Champhai,23.422583,93.166,1052.0,5.579,233.294
3566,Mizoram,Champhai,23.425583,93.168278,986.0,14.895,151.413
3567,Mizoram,Champhai,23.427713,93.33564,1310.0,24.236,49.568
3568,Mizoram,Champhai,23.429181,93.171166,933.0,8.442,120.961
3569,Mizoram,Champhai,23.430917,93.171889,921.0,10.26,308.343
3570,Mizoram,Champhai,23.447639,93.223611,1492.0,23.956,293.852
3571,Mizoram,Champhai,23.449083,93.206222,1351.0,23.108,257.229
3572,Mizoram,Champhai,23.451972,93.259686,778.0,24.428,82.614
3573,Mizoram,Champhai,23.466139,93.312778,1361.0,11.716,112.946
3574,Mizoram,Champhai,23.46718,93.311778,1368.0,16.41,118.215
3575,Mizoram,Champhai,23.469833,93.314889,1410.0,8.972,354.661
3576,Mizoram,Champhai,23.470329,93.26728,949.0,22.909,161.069
3577,Mizoram,Champhai,23.473258,93.241869,928.0,29.234,157.358
3578,Mizoram,Champhai,23.473611,93.243069,900.0,30.374,171.35
3579,Mizoram,Champhai,23.481881,93.214835,1040.0,21.18,73.847
3580,Mizoram,Champhai,23.498889,93.311889,1537.0,15.677,343.787
3581,Mizoram,Champhai,23.512147,93.359164,1302.0,35.315,137.345
3582,Mizoram,Champhai,23.537082,93.161682,1080.0,11.456,175.841
3583,Mizoram,Champhai,23.538538,93.158251,1056.0,18.505,139.903
3584,Mizoram,Champhai,23.54294,93.384772,1477.0,30.929,114.821
3585,Mizoram,Champhai,23.543891,93.232644,1366.0,21.363,304.24
3586,Mizoram,Champhai,23.548173,93.131588,828.0,30.438,144.876
3587,Mizoram,Champhai,23.555561,93.072462,977.0,28.617,233.061
3588,Mizoram,Champhai,23.56952,93.100523,640.0,20.378,98.343
3589,Mizoram,Champhai,23.570595,93.07382,1012.0,29.016,309.77
3590,Mizoram,Champhai,23.57348,93.102938,668.0,26.071,51.374
3591,Mizoram,Champhai,23.573731,93.075313,972.0,29.177,210.601
3592,Mizoram,Champhai,23.602028,93.083824,1172.0,16.432,40.405
3593,Mizoram,Champhai,23.607124,93.088782,1119.0,25.501,41.123
3594,Mizoram,Champhai,23.608133,93.201022,964.0,13.717,192.762
3595,Mizoram,Champhai,23.612312,93.198942,885.0,16.364,123.414
3596,Mizoram,Champhai,23.619791,93.33801,1576.0,22.498,340.645
3597,Mizoram,Champhai,23.626738,93.033627,597.0,9.439,246.092
3598,Mizoram,Champhai,23.633591,93.048668,837.0,25.279,357.025
3599,Mizoram,Champhai,23.644469,93.068299,864.0,16.421,54.61
3600,Mizoram,Champhai,23.646848,93.068776,877.0,23.412,94.76
3601,Mizoram,Champhai,23.647593,93.068219,890.0,25.688,81.408
3602,Mizoram,Champhai,23.657186,93.087169,1118.0,20.923,282.898
3603,Mizoram,Champhai,23.657642,93.349683,1173.0,17.802,288.767
3604,Mizoram,Champhai,23.659891,93.349052,1174.0,15.771,261.771
3605,Mizoram,Champhai,23.673104,93.349412,1290.0,23.863,285.307
3606,Mizoram,Champhai,23.69159,93.190067,1135.0,25.921,98.503
3607,Mizoram,Champhai,23.696979,93.041829,811.0,23.634,279.452
3608,Mizoram,Champhai,23.708507,93.05583,1031.0,32.15,34.733
3609,Mizoram,Champhai,23.78775,93.386887,1319.0,17.99,155.912
3610,Mizoram,Champhai,23.79125,93.384583,1268.0,17.551,173.763
3611,Mizoram,Champhai,23.798611,93.16378,614.0,27.321,70.179
3612,Mizoram,Champhai,23.801001,93.166359,593.0,34.204,40.542
3613,Mizoram,Champhai,23.803055,93.160164,468.0,25.998,274.755
3614,Mizoram,Champhai,23.832916,93.301888,1227.0,26.098,209.417
3615,Mizoram,Champhai,23.833166,93.305275,1261.0,19.598,184.746
3616,Mizoram,Champhai,23.84461,93.190277,780.0,28.89,127.624
3617,Mizoram,Champhai,23.851723,93.186775,961.0,31.396,93.798
3618,Mizoram,Champhai,23.868279,93.222557,1160.0,23.732,231.449
3619,Mizoram,Champhai,23.870445,93.353859,995.0,25.327,159.973
3620,Mizoram,Champhai,23.881056,93.245804,1472.0,25.59,292.614
3621,Mizoram,Champhai,23.881971,93.250969,1541.0,32.865,191.402
3622,Mizoram,Champhai,23.885195,93.202332,916.0,27.826,291.463
3623,Mizoram,Champhai,23.885279,93.207726,1098.0,27.134,291.599
3624,Mizoram,Champhai,23.908806,93.177391,1007.0,20.586,345.609
3625,Mizoram,Champhai,23.914278,93.178864,984.0,15.215,220.567
3626,Mizoram,Champhai,23.950277,93.217056,960.0,3.208,61.262
3627,Mizoram,Hnahthial,22.902089,92.879909,434.0,18.17,2.554
3628,Mizoram,Hnahthial,22.91452778,92.89333333,585.0,17.99,246.352
3629,Mizoram,Kolasib,23.03016667,92.67336111,311.0,30.913,139.917
3630,Mizoram,Kolasib,23.03833333,92.67055556,387.0,17.157,47.992
3631,Mizoram,Kolasib,23.05209722,93.12644167,573.0,23.415,41.687
3632,Mizoram,Kolasib,23.05222222,92.67027778,441.0,11.753,353.263
3633,Mizoram,Kolasib,23.32522222,92.70047222,370.0,23.686,292.262
3634,Mizoram,Kolasib,23.49216111,93.23695,1302.0,23.142,356.715
3635,Mizoram,Kolasib,23.504575,93.23805,1424.0,19.91,291.078
3636,Mizoram,Kolasib,23.55426111,93.110175,807.0,9.744,267.001
3637,Mizoram,Kolasib,23.56404167,93.10752222,755.0,7.058,278.343
3638,Mizoram,Kolasib,23.56413333,93.11378889,736.0,14.972,145.386
3639,Mizoram,Kolasib,23.6385278,93.13694722,952.0,19.517,223.757
3640,Mizoram,Kolasib,23.91916667,92.7375,884.0,29.243,277.375
3641,Mizoram,Kolasib,23.93027778,92.6525,190.0,10.332,85.761
3642,Mizoram,Kolasib,23.93388889,92.67555556,218.0,25.499,16.151
3643,Mizoram,Kolasib,23.935,92.67777778,241.0,30.426,40.112
3644,Mizoram,Kolasib,23.93916667,92.68,265.0,33.289,57.753
3645,Mizoram,Kolasib,24.05823611,93.28901944,587.0,24.422,279.681
3646,Mizoram,Kolasib,24.06111111,92.59972222,86.0,4.251,263.059
3647,Mizoram,Kolasib,24.06194444,92.59444444,54.0,5.753,308.624
3648,Mizoram,Kolasib,24.06333333,92.59277778,53.0,5.885,321.657
3649,Mizoram,Kolasib,24.0775,92.79055556,938.0,20.254,90.697
3650,Mizoram,Kolasib,24.10710778,93.11535444,998.0,30.641,307.892
3651,Mizoram,Kolasib,24.11104722,93.10374167,592.0,28.935,258.281
3652,Mizoram,Kolasib,24.16647222,92.69555556,729.0,12.805,49.297
3653,Mizoram,Kolasib,24.17638889,92.57333333,69.0,8.598,51.401
3654,Mizoram,Kolasib,24.18055556,92.69555556,701.0,22.091,67.212
3655,Mizoram,Kolasib,24.239118,92.639369,125.0,16.106,76.507
3656,Mizoram,Kolasib,24.24496,92.683014,465.0,18.22,103.413
3657,Mizoram,Kolasib,24.24722222,92.69333333,398.0,14.376,272.008
3658,Mizoram,Kolasib,24.25,92.68,466.0,40.066,134.393
3659,Mizoram,Kolasib,24.26,92.67,190.0,13.581,87.869
3660,Mizoram,Kolasib,24.26,92.65,54.0,6.004,190.8
3661,Mizoram,Kolasib,24.26944444,92.69222222,524.0,15.408,254.885
3662,Mizoram,Kolasib,24.28,92.81,577.0,29.582,249.626
3663,Mizoram,Kolasib,24.29,92.82,581.0,37.116,81.81
3664,Mizoram,Kolasib,24.297775,93.34159722,565.0,28.946,241.899
3665,Mizoram,Kolasib,24.31379722,93.33684722,362.0,16.675,283.882
3666,Mizoram,Kolasib,24.33,92.72,378.0,5.047,30.157
3667,Mizoram,Kolasib,24.33805556,92.73386111,180.0,19.166,124.652
3668,Mizoram,Kolasib,24.34,92.84,459.0,16.925,247.432
3669,Mizoram,Kolasib,24.34,92.84,459.0,16.925,247.432
3670,Mizoram,Kolasib,24.34,92.84,459.0,16.925,247.432
3671,Mizoram,Kolasib,24.34421944,93.03191111,44.0,12.928,183.694
3672,Mizoram,Kolasib,24.34966667,92.75888889,66.0,14.219,277.128
3673,Mizoram,Kolasib,24.35,92.67,84.0,2.707,341.774
3674,Mizoram,Kolasib,24.36,92.89,122.0,19.793,56.691
3675,Mizoram,Kolasib,24.37,92.81,219.0,12.576,244.988
3676,Mizoram,Kolasib,24.37,92.86,295.0,3.587,120.099
3677,Mizoram,Kolasib,24.42383889,93.14429167,104.0,29.238,80.765
3678,Mizoram,Kolasib,24.526075,93.05379167,107.0,14.006,7.964
3679,Mizoram,Kolasib,24.55987778,93.12541667,333.0,19.483,323.114
3680,Mizoram,Kolasib,24.56016389,93.24426944,397.0,10.974,263.349
3681,Mizoram,Kolasib,24.57151389,93.141725,391.0,18.702,340.394
3682,Mizoram,Kolasib,24.57296389,93.17700556,291.0,16.627,61.229
3683,Mizoram,Kolasib,24.58496667,93.31397222,445.0,44.691,113.266
3684,Mizoram,Kolasib,24.599425,93.30004722,518.0,17.797,342.075
3685,Mizoram,Kolasib,24.6273,93.20404444,176.0,16.712,103.848
3686,Mizoram,Kolasib,24.66895556,93.33700556,843.0,24.012,303.68
3687,Mizoram,Kolasib,24.73838889,93.30909722,266.0,24.899,335.448
3688,Mizoram,Lawngtlai,22.18,92.61,222.0,13.516,81.403
3689,Mizoram,Lawngtlai,22.18,92.61,222.0,13.516,81.403
3690,Mizoram,Lawngtlai,22.21,92.61,240.0,11.872,67.383
3691,Mizoram,Lawngtlai,22.25,92.62,226.0,13.378,91.082
3692,Mizoram,Lawngtlai,22.31,92.63,122.0,2.45,245.176
3693,Mizoram,Lawngtlai,22.33,92.74,210.0,16.576,321.691
3694,Mizoram,Lawngtlai,22.33,92.73,144.0,17.542,118.888
3695,Mizoram,Lawngtlai,22.33,92.72,313.0,17.648,188.779
3696,Mizoram,Lawngtlai,22.34,92.71,445.0,8.335,253.984
3697,Mizoram,Lawngtlai,22.341,92.768997,339.0,23.197,99.654
3698,Mizoram,Lawngtlai,22.35,92.65,122.0,4.912,160.18
3699,Mizoram,Lawngtlai,22.35,92.74,283.0,4.227,31.71
3700,Mizoram,Lawngtlai,22.379,92.858002,395.0,19.961,320.062
3701,Mizoram,Lawngtlai,22.39,92.61,243.0,14.992,101.611
3702,Mizoram,Lawngtlai,22.39,92.59,214.0,10.866,290.548
3703,Mizoram,Lawngtlai,22.405001,92.861,646.0,22.447,282.559
3704,Mizoram,Lawngtlai,22.43,92.69,560.0,29.777,324.726
3705,Mizoram,Lawngtlai,22.458916,92.886108,935.0,16.957,307.155
3706,Mizoram,Lawngtlai,22.469469,92.878334,671.0,24.324,229.769
3707,Mizoram,Lawngtlai,22.482,92.877998,634.0,24.703,283.552
3708,Mizoram,Lawngtlai,22.48765,92.886806,1007.0,31.892,240.129
3709,Mizoram,Lawngtlai,22.513,92.793999,496.0,17.273,190.815
3710,Mizoram,Lawngtlai,22.52,92.72,512.0,14.773,346.131
3711,Mizoram,Lawngtlai,22.530001,92.890999,701.0,24.519,304.829
3712,Mizoram,Lawngtlai,22.532,92.862999,846.0,21.739,90.0
3713,Mizoram,Lawngtlai,22.552301,92.883888,1007.0,12.763,309.383
3714,Mizoram,Lawngtlai,22.579611,92.870552,999.0,32.517,280.145
3715,Mizoram,Lawngtlai,22.61,92.64,78.0,1.963,301.609
3716,Mizoram,Lawngtlai,22.61,92.66,163.0,7.553,277.788
3717,Mizoram,Lawngtlai,22.704,92.985001,1074.0,22.653,277.42
3718,Mizoram,Lunglei,22.65,92.71,243.0,18.944,126.077
3719,Mizoram,Lunglei,22.66,92.71,250.0,11.028,319.51
3720,Mizoram,Lunglei,22.66,92.67,476.0,11.93,316.284
3721,Mizoram,Lunglei,22.66,92.67,476.0,11.93,316.284
3722,Mizoram,Lunglei,22.66,92.855003,981.0,25.221,55.762
3723,Mizoram,Lunglei,22.673,92.844002,902.0,27.62,302.156
3724,Mizoram,Lunglei,22.68,92.66,606.0,3.923,238.404
3725,Mizoram,Lunglei,22.789967,92.820396,721.0,29.969,274.467
3726,Mizoram,Lunglei,22.791958,92.833511,674.0,5.123,323.287
3727,Mizoram,Lunglei,22.802805,93.004639,1237.0,18.81,134.338
3728,Mizoram,Lunglei,22.812588,92.807343,931.0,23.311,332.378
3729,Mizoram,Lunglei,22.815697,92.802696,955.0,22.099,275.077
3730,Mizoram,Lunglei,22.83528,92.80519,1233.0,30.794,313.299
3731,Mizoram,Lunglei,22.837809,92.798653,1157.0,35.998,22.898
3732,Mizoram,Lunglei,22.841097,92.792755,1175.0,20.591,260.365
3733,Mizoram,Lunglei,22.851028,92.694972,578.0,18.961,233.964
3734,Mizoram,Lunglei,22.85258,92.70186,436.0,19.805,77.027
3735,Mizoram,Lunglei,22.869707,92.753304,1079.0,39.442,298.716
3736,Mizoram,Lunglei,22.870546,92.752853,1086.0,36.362,304.143
3737,Mizoram,Lunglei,22.87056,92.822105,944.0,14.708,323.538
3738,Mizoram,Lunglei,22.873812,92.902039,690.0,19.567,256.852
3739,Mizoram,Lunglei,22.874456,92.901688,666.0,18.493,239.314
3740,Mizoram,Lunglei,22.87506,92.75136,1135.0,10.085,159.126
3741,Mizoram,Lunglei,22.88,92.46,42.0,1.066,164.818
3742,Mizoram,Lunglei,22.882607,92.837952,608.0,23.966,302.381
3743,Mizoram,Lunglei,22.89,92.49,315.0,2.57,334.246
3744,Mizoram,Lunglei,22.892199,92.822884,791.0,33.319,99.438
3745,Mizoram,Lunglei,22.895235,92.747812,1016.0,18.362,247.734
3746,Mizoram,Lunglei,22.901035,92.87265,379.0,13.538,14.064
3747,Mizoram,Lunglei,22.9015,92.83319,788.0,20.701,234.38
3748,Mizoram,Lunglei,22.902401,92.941025,440.0,40.775,201.213
3749,Mizoram,Lunglei,22.902414,92.829948,734.0,12.66,358.756
3750,Mizoram,Lunglei,22.908737,92.930191,305.0,6.437,37.233
3751,Mizoram,Lunglei,22.91,92.46,62.0,3.793,132.649
3752,Mizoram,Lunglei,22.91165,92.929871,380.0,16.815,345.038
3753,Mizoram,Lunglei,22.914276,92.753403,1155.0,27.215,308.965
3754,Mizoram,Lunglei,22.93,92.49,41.0,3.807,215.899
3755,Mizoram,Lunglei,22.940655,92.833038,762.0,14.555,244.376
3756,Mizoram,Lunglei,22.954966,92.705765,758.0,13.834,18.477
3757,Mizoram,Lunglei,22.957518,92.707161,758.0,21.921,79.062
3758,Mizoram,Lunglei,22.9634,92.737465,750.0,23.279,309.556
3759,Mizoram,Lunglei,22.993277,92.72374,445.0,30.38,262.073
3760,Mizoram,Lunglei,23.001865,92.923225,758.0,23.118,235.38
3761,Mizoram,Lunglei,23.005556,92.810555,955.0,24.954,94.984
3762,Mizoram,Lunglei,23.011667,92.720558,454.0,17.27,241.525
3763,Mizoram,Lunglei,23.014982,92.720505,471.0,21.386,288.732
3764,Mizoram,Lunglei,23.015444,92.704414,665.0,10.285,264.318
3765,Mizoram,Lunglei,23.017494,92.920425,771.0,23.243,49.579
3766,Mizoram,Lunglei,23.018333,92.920555,789.0,24.364,71.495
3767,Mizoram,Lunglei,23.021692,92.752975,734.0,10.232,251.127
3768,Mizoram,Lunglei,23.025131,92.91922,769.0,11.117,276.563
3769,Mizoram,Lunglei,23.031231,92.773987,1141.0,18.835,350.945
3770,Mizoram,Lunglei,23.0425,92.772781,1068.0,31.249,103.266
3771,Mizoram,Lunglei,23.04345,92.772408,1077.0,28.726,107.651
3772,Mizoram,Lunglei,23.047222,92.906944,800.0,23.792,107.796
3773,Mizoram,Lunglei,23.054573,92.772578,989.0,27.507,83.562
3774,Mizoram,Lunglei,23.057276,92.90416,789.0,21.148,136.047
3775,Mizoram,Lunglei,23.067473,92.767201,844.0,17.835,146.89
3776,Mizoram,Lunglei,23.078611,92.760002,781.0,13.559,158.629
3777,Mizoram,Lunglei,23.088615,92.849403,808.0,15.537,14.233
3778,Mizoram,Lunglei,23.092278,92.789948,422.0,3.445,14.083
3779,Mizoram,Lunglei,23.094528,92.695808,908.0,6.065,21.57
3780,Mizoram,Lunglei,23.097,92.696358,932.0,9.629,348.378
3781,Mizoram,Lunglei,23.118272,92.742799,838.0,6.989,107.044
3782,Mizoram,Lunglei,23.123927,92.739604,806.0,6.495,64.279
3783,Mizoram,Lunglei,23.125807,92.817886,886.0,21.345,180.716
3784,Mizoram,Lunglei,23.127505,92.740257,828.0,16.349,87.367
3785,Mizoram,Lunglei,23.129629,92.809196,918.0,12.408,144.747
3786,Mizoram,Lunglei,23.131999,92.744413,796.0,18.125,223.344
3787,Mizoram,Lunglei,23.132082,92.746268,840.0,12.406,267.66
3788,Mizoram,Lunglei,23.133902,92.623497,532.0,24.268,4.972
3789,Mizoram,Lunglei,23.135416,92.616661,698.0,28.978,27.868
3790,Mizoram,Lunglei,23.135979,92.747589,854.0,25.157,282.146
3791,Mizoram,Lunglei,23.136964,92.74724,855.0,24.409,286.68
3792,Mizoram,Lunglei,23.139887,92.751646,852.0,14.383,3.276
3793,Mizoram,Lunglei,23.143888,92.909447,651.0,21.365,87.368
3794,Mizoram,Lunglei,23.149163,92.750431,902.0,10.134,134.718
3795,Mizoram,Lunglei,23.149588,92.749562,898.0,13.922,160.427
3796,Mizoram,Lunglei,23.152289,92.746243,877.0,7.933,227.403
3797,Mizoram,Lunglei,23.164169,92.74339,829.0,13.715,167.279
3798,Mizoram,Lunglei,23.164812,92.743396,799.0,19.3,167.102
3799,Mizoram,Lunglei,23.168362,92.74061,777.0,14.797,92.924
3800,Mizoram,Lunglei,23.170205,92.73929,758.0,13.052,225.772
3801,Mizoram,Lunglei,23.173258,92.611929,798.0,13.569,213.131
3802,Mizoram,Lunglei,23.17411,92.608917,755.0,12.327,202.339
3803,Mizoram,Lunglei,23.18,92.49,753.0,10.348,121.101
3804,Mizoram,Lunglei,23.183856,92.735346,829.0,7.503,8.533
3805,Mizoram,Lunglei,23.184711,92.679962,857.0,24.584,243.782
3806,Mizoram,Lunglei,23.188799,92.55249,591.0,9.161,336.802
3807,Mizoram,Lunglei,23.189242,92.734475,790.0,7.354,114.684
3808,Mizoram,Lunglei,23.189638,92.549889,565.0,26.74,307.317
3809,Mizoram,Lunglei,23.190022,92.554302,629.0,10.419,338.159
3810,Mizoram,Lunglei,23.197283,92.632661,585.0,14.432,111.501
3811,Mizoram,Lunglei,23.201447,92.736703,741.0,15.011,314.707
3812,Mizoram,Lunglei,23.2034,92.7379,780.0,15.045,254.492
3813,Mizoram,Lunglei,23.204706,92.533825,766.0,12.561,285.192
3814,Mizoram,Lunglei,23.205193,92.574684,790.0,29.419,122.794
3815,Mizoram,Lunglei,23.206413,92.632701,531.0,6.813,227.414
3816,Mizoram,Lunglei,23.208918,92.518692,794.0,21.329,40.605
3817,Mizoram,Lunglei,23.208921,92.541174,657.0,17.244,102.536
3818,Mizoram,Lunglei,23.209857,92.500587,619.0,17.326,348.249
3819,Mizoram,Lunglei,23.212919,92.558022,862.0,13.761,59.102
3820,Mizoram,Lunglei,23.214239,92.740856,834.0,11.789,253.754
3821,Mizoram,Lunglei,23.214589,92.572672,820.0,5.523,106.184
3822,Mizoram,Lunglei,23.230114,92.740067,779.0,8.675,96.762
3823,Mizoram,Lunglei,23.242306,92.640587,768.0,7.638,213.144
3824,Mizoram,Lunglei,23.268811,92.665508,888.0,23.358,300.638
3825,Mizoram,Lunglei,23.297521,92.689449,312.0,18.302,333.669
3826,Mizoram,Lunglei,23.301901,92.649401,725.0,17.852,307.852
3827,Mizoram,Lunglei,23.30374,92.672816,542.0,8.944,152.217
3828,Mizoram,Lunglei,23.32044,92.643229,727.0,6.226,80.521
3829,Mizoram,MAMIT,23.92322222,92.49222222,855.0,16.132,80.165
3830,Mizoram,Mamit,23.460968,92.597217,939.0,9.721,283.649
3831,Mizoram,Mamit,23.500083,92.585889,867.0,12.586,105.16
3832,Mizoram,Mamit,23.57,92.47,511.0,17.172,113.107
3833,Mizoram,Mamit,23.609111,92.596306,1047.0,8.529,143.962
3834,Mizoram,Mamit,23.621722,92.623583,1099.0,11.003,28.622
3835,Mizoram,Mamit,23.67425,92.587278,1041.0,19.104,124.791
3836,Mizoram,Mamit,23.681778,92.602611,1088.0,33.57,284.502
3837,Mizoram,Mamit,23.682611,92.602028,1097.0,37.081,311.73
3838,Mizoram,Mamit,23.6935,92.570306,969.0,10.934,261.981
3839,Mizoram,Mamit,23.697889,92.568444,910.0,16.242,122.659
3840,Mizoram,Mamit,23.712528,92.64775,375.0,31.506,162.294
3841,Mizoram,Mamit,23.735833,92.558056,690.0,25.13,72.156
3842,Mizoram,Mamit,23.767139,92.533889,471.0,22.622,248.502
3843,Mizoram,Mamit,23.780864,92.577909,488.0,17.584,63.937
3844,Mizoram,Mamit,23.796268,92.54654,475.0,10.368,290.102
3845,Mizoram,Mamit,23.846786,92.655892,95.0,24.427,316.213
3846,Mizoram,Mamit,23.91,92.45,220.0,19.732,270.717
3847,Mizoram,Mamit,23.93,92.37,728.0,14.412,328.917
3848,Mizoram,Mamit,23.94,92.37,689.0,21.368,148.16
3849,Mizoram,Mamit,24.08,92.39,550.0,9.087,209.481
3850,Mizoram,Mamit,24.09,92.37,154.0,5.974,53.064
3851,Mizoram,Mamit,24.13,92.52,304.0,14.14,51.391
3852,Mizoram,Mamit,24.17,92.52,66.0,7.008,28.725
3853,Mizoram,Saiha,22.15,93.01,1134.0,2.567,25.634
3854,Mizoram,Saiha,22.18,93.01,1108.0,6.297,200.587
3855,Mizoram,Saiha,22.22,93.11,1379.0,26.28,161.08
3856,Mizoram,Saiha,22.26,93.03,1372.0,26.981,58.039
3857,Mizoram,Saiha,22.34,93.04,1162.0,26.654,298.312
3858,Mizoram,Saiha,22.381001,92.978996,716.0,23.234,190.43
3859,Mizoram,Saiha,22.41,93.02,1260.0,13.7,110.492
3860,Mizoram,Saiha,22.427999,92.947998,280.0,16.662,243.243
3861,Mizoram,Saiha,22.434999,92.945999,335.0,23.577,253.251
3862,Mizoram,Saiha,22.455999,92.948997,595.0,35.974,188.083
3863,Mizoram,Saiha,22.483999,92.954002,517.0,28.536,277.117
3864,Mizoram,Saiha,22.485666,92.985825,1147.0,12.358,340.561
3865,Mizoram,Saiha,22.49,93.01,1166.0,29.401,32.336
3866,Mizoram,Serchhip,23.182667,93.026138,763.0,6.159,182.595
3867,Mizoram,Serchhip,23.187762,92.898034,864.0,22.689,171.261
3868,Mizoram,Serchhip,23.1915,93.011024,878.0,26.037,331.959
3869,Mizoram,Serchhip,23.21795,92.998007,1099.0,28.737,289.126
3870,Mizoram,Serchhip,23.221762,92.975006,981.0,17.608,347.55
3871,Mizoram,Serchhip,23.222925,92.940842,406.0,17.691,9.704
3872,Mizoram,Serchhip,23.223055,92.931114,399.0,18.912,165.965
3873,Mizoram,Serchhip,23.239637,92.748175,752.0,5.76,32.214
3874,Mizoram,Serchhip,23.249727,92.796631,867.0,15.856,309.239
3875,Mizoram,Serchhip,23.255288,92.888813,837.0,18.688,345.777
3876,Mizoram,Serchhip,23.272548,92.874296,1027.0,33.681,331.995
3877,Mizoram,Serchhip,23.274148,92.871011,1077.0,29.823,291.609
3878,Mizoram,Serchhip,23.275305,92.850377,733.0,30.578,59.383
3879,Mizoram,Serchhip,23.28388,92.857468,825.0,26.218,96.81
3880,Mizoram,Serchhip,23.283951,92.852551,813.0,18.352,38.25
3881,Mizoram,Serchhip,23.28611,92.85748,826.0,26.786,63.015
3882,Mizoram,Serchhip,23.291063,92.860374,890.0,12.953,92.238
3883,Mizoram,Serchhip,23.299628,92.855609,954.0,26.63,114.899
3884,Mizoram,Serchhip,23.300291,92.69577,360.0,21.358,2.15
3885,Mizoram,Serchhip,23.300837,92.855693,928.0,23.86,128.276
3886,Mizoram,Serchhip,23.301381,92.853078,990.0,23.866,119.163
3887,Mizoram,Serchhip,23.307524,92.857678,964.0,20.178,44.856
3888,Mizoram,Serchhip,23.311529,92.85443,955.0,22.411,274.999
3889,Mizoram,Serchhip,23.315355,92.786906,653.0,22.593,246.461
3890,Mizoram,Serchhip,23.346456,92.851511,908.0,15.258,279.477
3891,Mizoram,Serchhip,23.387328,92.933397,989.0,14.689,298.67
3892,Mizoram,Serchhip,23.40002,92.842404,904.0,23.879,62.179
3893,Mizoram,Serchhip,23.447093,92.863082,796.0,17.149,271.668
3894,Mizoram,Serchhip,23.46025,93.01125,1446.0,30.27,218.99
3895,Mizoram,Serchhip,23.465558,92.855991,1073.0,17.778,58.781
3896,Mizoram,Serchhip,23.470139,93.025944,1455.0,20.048,10.046
3897,Mizoram,Serchhip,23.47694444,92.857846,1045.0,6.651,216.011
3898,Mizoram,Serchhip,23.477108,92.857281,1029.0,20.659,237.585
3899,Mizoram,Serchhip,23.47803,92.861256,1017.0,26.732,357.213
3900,Mizoram,Serchhip,23.478601,92.858505,1027.0,16.845,260.608
3901,Nagaland,/Kohima/83K-,25.66772222,94.08908333,1333.0,16.282,242.526
3902,Nagaland,/Kohima/83K02/2019/,25.72516111,94.03246944,981.0,13.086,161.232
3903,Nagaland,/Wokha/83J03/2019/0,26.27647222,94.13175,487.0,19.358,294.148
3904,Nagaland,/Wokha/83J03/2019/0,26.27647222,94.13175,487.0,19.358,294.148
3905,Nagaland,/Wokha/Chukitong/83,26.09660278,94.368725,637.0,17.732,154.026
3906,Nagaland,Chumoukedima,25.734508,93.685507,241.0,15.25,214.538
3907,Nagaland,Chumoukedima,25.7746019,93.9148756,667.0,21.347,34.162
3908,Nagaland,Chumoukedima,25.7802266,93.936165,918.0,16.748,282.061
3909,Nagaland,Dimapur,25.71,93.74,382.0,18.24,229.141
3910,Nagaland,Dimapur,25.743,93.798,359.0,21.759,91.935
3911,Nagaland,Dimapur,25.77,93.81,271.0,15.712,351.846
3912,Nagaland,Dimapur,25.77,93.93,728.0,13.896,235.749
3913,Nagaland,Dimapur,25.77,93.91,556.0,10.959,341.996
3914,Nagaland,Dimapur,25.77,93.81,271.0,15.712,351.846
3915,Nagaland,Dimapur,25.78,93.82,436.0,11.353,96.422
3916,Nagaland,Dimapur,25.78180556,93.80180556,269.0,28.81,238.488
3917,Nagaland,Dimapur,25.78417,93.80028,254.0,13.63,237.507
3918,Nagaland,Dimapur,25.84,93.98,510.0,21.162,255.211
3919,Nagaland,Dimapur,25.84,93.98,510.0,21.162,255.211
3920,Nagaland,Kiphire,25.7578,94.7058,660.0,15.718,160.325
3921,Nagaland,Kiphire,25.783939,94.856411,738.0,23.819,141.576
3922,Nagaland,Kiphire,25.789856,94.95825,1870.0,18.413,253.541
3923,Nagaland,Kiphire,25.789933,94.849811,708.0,27.667,319.683
3924,Nagaland,Kiphire,25.793333,94.958014,1760.0,21.119,199.621
3925,Nagaland,Kiphire,25.828703,94.726789,1380.0,22.892,26.684
3926,Nagaland,Kiphire,25.836419,94.526964,859.0,19.503,248.423
3927,Nagaland,Kiphire,25.838592,94.788669,572.0,21.994,105.479
3928,Nagaland,Kiphire,25.849947,94.916697,1535.0,35.383,251.566
3929,Nagaland,Kiphire,25.878525,94.947372,1844.0,37.416,136.234
3930,Nagaland,Kiphire,25.880908,94.653542,1910.0,34.912,41.153
3931,Nagaland,Kiphire,25.884003,94.792711,978.0,25.642,93.218
3932,Nagaland,Kiphire,25.886089,94.542711,1496.0,32.429,86.352
3933,Nagaland,Kiphire,25.889897,94.811111,690.0,21.355,76.04
3934,Nagaland,Kiphire,25.919689,94.839167,625.0,31.985,277.438
3935,Nagaland,Kiphire,25.920367,94.641739,1884.0,24.365,67.86
3936,Nagaland,Kiphire,25.938447,94.7843,914.0,30.778,128.749
3937,Nagaland,Kiphire,25.940317,94.650583,2004.0,27.243,34.914
3938,Nagaland,Kiphire,25.944008,94.789414,1218.0,20.683,316.529
3939,Nagaland,Kiphire,25.964631,94.574406,1941.0,8.199,176.023
3940,Nagaland,Kiphire,25.968006,94.574256,1881.0,27.035,93.027
3941,Nagaland,Kiphire,25.970531,94.574903,1854.0,26.727,82.826
3942,Nagaland,Kiphire,25.971456,94.818392,1153.0,24.607,44.281
3943,Nagaland,Kiphire,25.976625,94.579939,1816.0,36.793,84.486
3944,Nagaland,Kiphire,25.990339,94.507711,1750.0,23.077,243.043
3945,Nagaland,Kiphire,25.998217,94.504756,1779.0,2.886,168.564
3946,Nagaland,Kohima,25.472137,94.151037,1555.0,10.182,85.698
3947,Nagaland,Kohima,25.481594,94.141694,1698.0,14.239,17.104
3948,Nagaland,Kohima,25.52246944,94.19153333,1198.0,12.38,327.03
3949,Nagaland,Kohima,25.538422,94.136039,1695.0,17.867,112.099
3950,Nagaland,Kohima,25.554,94.148,1533.0,14.471,16.82
3951,Nagaland,Kohima,25.55697,94.15322,1472.0,15.573,61.086
3952,Nagaland,Kohima,25.563,94.14,1712.0,30.687,129.477
3953,Nagaland,Kohima,25.566,94.162,1297.0,13.497,32.639
3954,Nagaland,Kohima,25.567,94.164,1309.0,17.182,31.016
3955,Nagaland,Kohima,25.572,94.25,1799.0,22.573,276.203
3956,Nagaland,Kohima,25.57244,94.17178,1188.0,5.962,205.413
3957,Nagaland,Kohima,25.594,94.166,1085.0,19.985,88.585
3958,Nagaland,Kohima,25.60054167,93.92484444,1847.0,16.521,181.925
3959,Nagaland,Kohima,25.61,94.139,1532.0,13.193,347.733
3960,Nagaland,Kohima,25.611096,94.216757,1011.0,25.362,284.823
3961,Nagaland,Kohima,25.617,94.113,1720.0,26.088,75.117
3962,Nagaland,Kohima,25.621,94.11806,1493.0,17.932,129.677
3963,Nagaland,Kohima,25.631,93.999,2060.0,34.304,109.618
3964,Nagaland,Kohima,25.645,94.034,1600.0,16.426,281.423
3965,Nagaland,Kohima,25.65,94.122,1237.0,17.498,78.494
3966,Nagaland,Kohima,25.65275,94.032,1681.0,24.166,289.288
3967,Nagaland,Kohima,25.65653,94.09061,1584.0,22.662,161.203
3968,Nagaland,Kohima,25.65747,94.08611,1580.0,18.541,187.684
3969,Nagaland,Kohima,25.65852222,94.12213056,1272.0,18.329,164.291
3970,Nagaland,Kohima,25.659,94.089,1520.0,13.427,149.937
3971,Nagaland,Kohima,25.662,94.096,1432.0,11.834,170.417
3972,Nagaland,Kohima,25.663,94.10439,1433.0,13.595,158.228
3973,Nagaland,Kohima,25.665,94.104,1400.0,12.066,72.893
3974,Nagaland,Kohima,25.665,94.104,1400.0,12.066,72.893
3975,Nagaland,Kohima,25.666,94.098,1447.0,16.71,264.85
3976,Nagaland,Kohima,25.667,94.089,1336.0,14.077,238.706
3977,Nagaland,Kohima,25.667,94.089,1336.0,14.077,238.706
3978,Nagaland,Kohima,25.667,94.035,1539.0,32.46,133.231
3979,Nagaland,Kohima,25.668,94.051,1421.0,43.899,88.128
3980,Nagaland,Kohima,25.66806,94.05525,1300.0,12.651,216.83
3981,Nagaland,Kohima,25.66874167,94.22856389,894.0,12.7,153.752
3982,Nagaland,Kohima,25.66883889,94.21054444,784.0,17.876,59.911
3983,Nagaland,Kohima,25.669,94.091,1323.0,16.826,174.326
3984,Nagaland,Kohima,25.672,94.111,1384.0,12.436,64.678
3985,Nagaland,Kohima,25.672,94.106,1407.0,17.144,249.547
3986,Nagaland,Kohima,25.673,94.101,1291.0,14.241,197.129
3987,Nagaland,Kohima,25.67776,94.1390317,1298.0,20.209,292.983
3988,Nagaland,Kohima,25.679,94.07,1268.0,22.301,197.685
3989,Nagaland,Kohima,25.68,94.117,1508.0,5.151,206.25
3990,Nagaland,Kohima,25.682,94.131,1325.0,12.066,14.861
3991,Nagaland,Kohima,25.682,94.096,1280.0,15.656,282.025
3992,Nagaland,Kohima,25.68375,94.12436,1357.0,17.612,141.096
3993,Nagaland,Kohima,25.68436111,94.20497222,914.0,22.439,16.837
3994,Nagaland,Kohima,25.685,94.059,1215.0,18.329,164.288
3995,Nagaland,Kohima,25.685,94.12,1395.0,21.127,101.397
3996,Nagaland,Kohima,25.69583,94.10833,1367.0,19.359,101.802
3997,Nagaland,Kohima,25.696,94.08,1190.0,12.66,358.729
3998,Nagaland,Kohima,25.71611,94.08883,1445.0,15.583,183.074
3999,Nagaland,Kohima,25.717,94.086,1383.0,20.443,241.97
4000,Nagaland,Kohima,25.72628,94.10003,1223.0,15.388,52.854
4001,Nagaland,Kohima,25.72739,94.10103,1231.0,17.124,64.99
4002,Nagaland,Kohima,25.729,94.083,1355.0,20.447,232.092
4003,Nagaland,Kohima,25.735,94.02,970.0,17.923,179.117
4004,Nagaland,Kohima,25.744,94.242,823.0,15.016,71.45
4005,Nagaland,Kohima,25.748,94.077,1184.0,16.683,343.569
4006,Nagaland,Kohima,25.7491204,94.0804548,1261.0,13.485,299.143
4007,Nagaland,Kohima,25.750583,94.180833,737.0,22.393,240.623
4008,Nagaland,Kohima,25.750617,94.237358,937.0,23.236,66.576
4009,Nagaland,Kohima,25.755206,94.179975,754.0,27.721,55.657
4010,Nagaland,Kohima,25.759556,94.026056,718.0,12.693,144.85
4011,Nagaland,Kohima,25.7641457,94.0781772,1237.0,15.975,102.688
4012,Nagaland,Kohima,25.767,94.229778,1098.0,23.107,259.077
4013,Nagaland,Kohima,25.771977,93.905846,615.0,12.911,301.941
4014,Nagaland,Kohima,25.77457,94.075897,1357.0,20.894,297.315
4015,Nagaland,Kohima,25.795875,93.99373611,509.0,18.205,10.487
4016,Nagaland,Kohima,25.79595,93.99585278,513.0,24.533,19.141
4017,Nagaland,Kohima,25.79835556,94.00099444,503.0,16.224,22.159
4018,Nagaland,Kohima,25.808722,94.138278,1425.0,17.035,236.147
4019,Nagaland,Kohima,25.828558,94.239531,731.0,23.635,106.701
4020,Nagaland,Kohima,25.833028,94.050056,842.0,18.629,77.691
4021,Nagaland,Kohima,25.840139,94.006528,1268.0,16.038,0.0
4022,Nagaland,Kohima,25.865472,94.049944,938.0,22.453,359.308
4023,Nagaland,Kohima,25.882916,94.036198,1101.0,25.004,208.795
4024,Nagaland,Kohima,25.889361,94.200583,1410.0,20.472,3.066
4025,Nagaland,Kohima,25.89125,94.202306,1379.0,20.299,92.784
4026,Nagaland,Kohima,25.892028,94.274528,1318.0,26.295,346.562
4027,Nagaland,Kohima,25.905953,94.427414,1135.0,29.669,53.747
4028,Nagaland,Kohima,25.90665,94.428758,1108.0,30.689,49.963
4029,Nagaland,Kohima,25.907417,94.429519,1092.0,30.322,61.567
4030,Nagaland,Kohima,25.910583,94.206417,1319.0,22.241,194.859
4031,Nagaland,Kohima,25.931167,94.048889,731.0,29.117,275.553
4032,Nagaland,Kohima,25.943944,94.026556,519.0,20.152,284.894
4033,Nagaland,Kohima,25.948222,94.014361,386.0,13.859,291.353
4034,Nagaland,Kohima,25.950944,94.019611,479.0,24.274,65.272
4035,Nagaland,Kohima,25.951583,94.023667,495.0,21.426,287.313
4036,Nagaland,Kohima,25.957472,94.036278,664.0,18.009,305.47
4037,Nagaland,Longleng,26.468611,94.806389,1147.0,16.501,350.248
4038,Nagaland,Longleng,26.494722,94.824722,1212.0,18.692,205.479
4039,Nagaland,Longleng,26.506389,94.787222,1041.0,16.075,327.32
4040,Nagaland,Longleng,26.556111,94.783333,1168.0,27.877,6.541
4041,Nagaland,Mokokchung,26.222111,94.419028,1060.0,23.666,288.524
4042,Nagaland,Mokokchung,26.282667,94.475667,1258.0,5.328,164.42
4043,Nagaland,Mokokchung,26.320639,94.398806,908.0,31.322,258.505
4044,Nagaland,Mokokchung,26.387181,94.444132,933.0,9.444,128.395
4045,Nagaland,Mokokchung,26.389556,94.616667,1358.0,11.639,34.046
4046,Nagaland,Mokokchung,26.395139,94.451194,764.0,24.485,185.053
4047,Nagaland,Mokokchung,26.395389,94.454528,831.0,22.106,201.738
4048,Nagaland,Mokokchung,26.431,94.669944,1411.0,18.386,37.13
4049,Nagaland,Mokokchung,26.4527822,94.375268,254.0,5.04,104.752
4050,Nagaland,Mokokchung,26.479167,94.543806,533.0,17.578,235.451
4051,Nagaland,Mokokchung,26.49,94.36,204.0,8.966,239.177
4052,Nagaland,Mokokchung,26.54,94.44,497.0,16.689,67.076
4053,Nagaland,Mokokchung,26.55,94.44,533.0,22.732,121.69
4054,Nagaland,Mokokchung,26.55,94.44,533.0,22.732,121.69
4055,Nagaland,Mokokchung,26.635667,94.703611,699.0,9.106,57.829
4056,Nagaland,Mokokchung,26.688831,94.546019,452.0,6.413,2.563
4057,Nagaland,Mokokchung,26.695194,94.636194,158.0,15.136,310.359
4058,Nagaland,Mokokchung,26.697833,94.635056,154.0,13.481,260.292
4059,Nagaland,Mokokchung,26.703194,94.633917,144.0,7.38,301.346
4060,Nagaland,Mon,26.378222,95.009,1392.0,21.719,136.191
4061,Nagaland,Mon,26.39936,94.94553,641.0,26.053,224.225
4062,Nagaland,Mon,26.439528,95.032278,1625.0,23.017,60.9
4063,Nagaland,Mon,26.441056,95.046111,1608.0,27.772,15.469
4064,Nagaland,Mon,26.541389,94.946389,1169.0,34.249,321.725
4065,Nagaland,Mon,26.550472,95.101889,1448.0,24.824,282.334
4066,Nagaland,Mon,26.5715,95.097639,1413.0,24.059,208.926
4067,Nagaland,Mon,26.572889,95.098944,1443.0,24.242,295.398
4068,Nagaland,Mon,26.588806,95.017667,551.0,10.662,110.969
4069,Nagaland,Mon,26.6575,95.012028,875.0,21.388,156.559
4070,Nagaland,Mon,26.666917,95.203583,1080.0,22.522,201.324
4071,Nagaland,Mon,26.7015,95.079361,744.0,28.729,289.133
4072,Nagaland,Mon,26.724278,95.042833,524.0,12.256,298.396
4073,Nagaland,Mon,26.726667,95.027278,682.0,9.014,235.509
4074,Nagaland,Mon,26.728556,95.031944,691.0,15.326,150.3
4075,Nagaland,Mon,26.732306,95.055722,954.0,22.887,319.063
4076,Nagaland,Mon,26.758306,94.955806,1015.0,21.084,155.323
4077,Nagaland,Mon,26.773611,95.077611,1003.0,20.27,295.965
4078,Nagaland,Mon,26.775667,95.072917,1018.0,17.295,329.941
4079,Nagaland,Mon,26.775944,95.072583,1017.0,17.188,323.001
4080,Nagaland,Mon,26.777056,95.069361,998.0,26.74,273.066
4081,Nagaland,Mon,26.778444,95.069083,977.0,33.675,265.36
4082,Nagaland,Mon,26.825,95.076778,385.0,14.631,129.538
4083,Nagaland,Mon,26.835417,95.080444,283.0,7.64,140.364
4084,Nagaland,Mon,26.841222,95.079556,276.0,12.489,270.0
4085,Nagaland,Mon,26.845472,95.077639,252.0,12.148,259.176
4086,Nagaland,Noklak,26.041611,95.075806,1491.0,25.712,176.429
4087,Nagaland,Noklak,26.045083,95.054833,1204.0,24.187,180.0
4088,Nagaland,Noklak,26.066583,95.033361,1698.0,31.791,305.432
4089,Nagaland,Noklak,26.068111,95.025972,1824.0,31.609,0.931
4090,Nagaland,Noklak,26.165972,95.021667,1092.0,27.035,234.485
4091,Nagaland,Noklak,26.167861,95.026694,1137.0,23.389,202.447
4092,Nagaland,Noklak,26.174028,95.029722,904.0,20.937,183.75
4093,Nagaland,Noklak,26.175889,95.030472,836.0,19.213,225.895
4094,Nagaland,Noklak,26.176278,95.009889,1056.0,20.154,307.728
4095,Nagaland,Noklak,26.196333,95.019417,1356.0,21.15,29.452
4096,Nagaland,Peren,25.199528,93.625278,421.0,21.355,347.536
4097,Nagaland,Peren,25.292417,93.498972,1454.0,16.018,141.468
4098,Nagaland,Peren,25.51,93.72,1205.0,19.424,61.051
4099,Nagaland,Peren,25.514327,93.666041,1143.0,21.871,115.163
4100,Nagaland,Peren,25.53,93.73,1279.0,16.245,323.28
4101,Nagaland,Peren,25.569,93.872,1399.0,17.628,37.669
4102,Nagaland,Peren,25.571,93.871,1486.0,32.184,71.698
4103,Nagaland,Peren,25.575,93.777,1451.0,19.45,28.647
4104,Nagaland,Peren,25.579,93.87,1622.0,35.606,10.012
4105,Nagaland,Peren,25.598,93.848,1727.0,32.73,325.551
4106,Nagaland,Peren,25.60512,93.706701,539.0,11.346,156.6
4107,Nagaland,Phek,25.546,94.274,1761.0,38.177,181.451
4108,Nagaland,Phek,25.549,94.286,1868.0,24.15,250.696
4109,Nagaland,Phek,25.552,94.362,1611.0,28.944,7.76
4110,Nagaland,Phek,25.553833,94.762389,1162.0,10.52,128.968
4111,Nagaland,Phek,25.555969,94.764325,1123.0,6.89,81.449
4112,Nagaland,Phek,25.559,94.251,1562.0,25.074,345.833
4113,Nagaland,Phek,25.561,94.294,1998.0,30.21,237.84
4114,Nagaland,Phek,25.561306,94.780778,1055.0,19.772,178.413
4115,Nagaland,Phek,25.568611,94.783078,965.0,4.215,156.086
4116,Nagaland,Phek,25.569,94.234,1628.0,25.989,315.19
4117,Nagaland,Phek,25.570159,94.253552,1849.0,21.648,317.356
4118,Nagaland,Phek,25.581333,94.627306,1631.0,23.193,88.198
4119,Nagaland,Phek,25.584147,94.8582,1206.0,32.38,71.841
4120,Nagaland,Phek,25.585472,94.846833,1190.0,23.282,138.725
4121,Nagaland,Phek,25.586,94.288,1955.0,22.868,23.669
4122,Nagaland,Phek,25.593472,94.596944,1083.0,18.733,273.037
4123,Nagaland,Phek,25.593778,94.822389,1379.0,24.113,255.471
4124,Nagaland,Phek,25.598,94.31,2004.0,32.169,147.422
4125,Nagaland,Phek,25.602,94.427,844.0,9.886,297.638
4126,Nagaland,Phek,25.605061,94.772156,1632.0,20.519,66.67
4127,Nagaland,Phek,25.607,94.321,1855.0,28.551,39.851
4128,Nagaland,Phek,25.607778,94.837944,1340.0,33.73,88.458
4129,Nagaland,Phek,25.611028,94.747167,1961.0,16.749,155.559
4130,Nagaland,Phek,25.612,94.209,976.0,31.588,144.893
4131,Nagaland,Phek,25.614,94.496,766.0,31.351,348.684
4132,Nagaland,Phek,25.618,94.468,972.0,30.924,4.292
4133,Nagaland,Phek,25.62,94.485,1110.0,29.023,336.171
4134,Nagaland,Phek,25.62067,94.21483,1039.0,26.718,239.427
4135,Nagaland,Phek,25.621,94.212,947.0,20.85,218.889
4136,Nagaland,Phek,25.623,94.354,1829.0,22.326,280.716
4137,Nagaland,Phek,25.623364,94.819272,638.0,21.421,354.901
4138,Nagaland,Phek,25.625,94.335,1929.0,19.575,16.271
4139,Nagaland,Phek,25.63,94.25,1024.0,23.557,47.962
4140,Nagaland,Phek,25.635,94.253,1055.0,22.094,54.096
4141,Nagaland,Phek,25.640056,94.765278,2115.0,32.426,344.068
4142,Nagaland,Phek,25.650556,94.5095,1241.0,29.85,333.16
4143,Nagaland,Phek,25.655,94.438,1571.0,24.206,85.99
4144,Nagaland,Phek,25.657,94.439,1529.0,14.119,0.0
4145,Nagaland,Phek,25.660194,94.7535,1676.0,17.619,188.118
4146,Nagaland,Phek,25.665,94.215,811.0,18.719,148.033
4147,Nagaland,Phek,25.666,94.258,1584.0,12.361,157.26
4148,Nagaland,Phek,25.668,94.464,1373.0,27.365,331.222
4149,Nagaland,Phek,25.671,94.217,791.0,20.605,287.378
4150,Nagaland,Phek,25.674944,94.762694,1645.0,23.45,271.78
4151,Nagaland,Phek,25.679,94.458,1558.0,24.465,109.611
4152,Nagaland,Phek,25.680167,94.837944,932.0,16.557,135.243
4153,Nagaland,Phek,25.695,94.349,1872.0,27.242,192.297
4154,Nagaland,Phek,25.696,94.32,1573.0,22.302,207.502
4155,Nagaland,Phek,25.700692,94.775594,1409.0,31.091,277.275
4156,Nagaland,Phek,25.703,94.338,1807.0,24.669,132.437
4157,Nagaland,Phek,25.72075,94.50163889,1156.0,26.116,200.851
4158,Nagaland,Phek,25.726,94.435,1139.0,28.052,206.687
4159,Nagaland,Phek,25.7345,94.777417,1588.0,30.34,149.26
4160,Nagaland,Phek,25.736,94.329,1672.0,13.511,221.608
4161,Nagaland,Phek,25.736,94.012,988.0,12.294,143.496
4162,Nagaland,Phek,25.756417,94.476083,789.0,21.885,201.866
4163,Nagaland,Phek,25.809925,94.398172,1805.0,24.865,210.396
4164,Nagaland,Tseminyu,25.8817748,94.1887571,1418.0,25.04,7.986
4165,Nagaland,Tuensang,26.18096,94.81309,2016.0,27.497,277.936
4166,Nagaland,Tuensang,26.185491,94.814241,2047.0,8.55,29.959
4167,Nagaland,Tuensang,26.200056,94.81905,1869.0,28.782,188.383
4168,Nagaland,Tuensang,26.205135,94.811625,1797.0,21.901,110.948
4169,Nagaland,Tuensang,26.221083,95.030139,1380.0,27.784,55.763
4170,Nagaland,Tuensang,26.223528,95.03275,1351.0,12.711,333.645
4171,Nagaland,Tuensang,26.231694,94.941056,1536.0,18.875,346.448
4172,Nagaland,Tuensang,26.235736,94.805011,1371.0,22.649,73.748
4173,Nagaland,Tuensang,26.24075,95.056722,1250.0,28.16,351.934
4174,Nagaland,Tuensang,26.24325,95.073167,1125.0,26.322,51.21
4175,Nagaland,Tuensang,26.264444,94.815556,1276.0,14.188,160.319
4176,Nagaland,Tuensang,26.272028,94.585056,952.0,15.603,332.203
4177,Nagaland,Tuensang,26.326944,94.896667,1042.0,7.735,121.943
4178,Nagaland,Tuensang,26.36083,94.84,2004.0,30.222,224.188
4179,Nagaland,Tuensang,26.38778,94.82583,1648.0,28.544,345.043
4180,Nagaland,Tuensang,26.4175,94.960278,789.0,22.082,38.179
4181,Nagaland,Tuensang,26.418333,94.968056,713.0,29.419,25.836
4182,Nagaland,Wokha,25.817194,94.280058,844.0,28.167,322.047
4183,Nagaland,Wokha,25.979897,94.152281,451.0,25.54,319.586
4184,Nagaland,Wokha,25.985317,94.021903,764.0,29.214,233.532
4185,Nagaland,Wokha,25.99875,94.026203,448.0,30.305,330.271
4186,Nagaland,Wokha,26.0034,93.9855,504.0,14.956,340.321
4187,Nagaland,Wokha,26.0044,93.9789,442.0,13.103,289.149
4188,Nagaland,Wokha,26.006028,94.003194,727.0,11.754,30.291
4189,Nagaland,Wokha,26.008333,94.032333,436.0,37.721,234.501
4190,Nagaland,Wokha,26.022278,94.257556,1305.0,23.383,103.823
4191,Nagaland,Wokha,26.033528,94.257306,1434.0,31.463,242.929
4192,Nagaland,Wokha,26.037381,94.037386,263.0,31.346,321.411
4193,Nagaland,Wokha,26.055011,94.044322,426.0,3.523,234.295
4194,Nagaland,Wokha,26.059222,94.2445,1449.0,17.038,355.321
4195,Nagaland,Wokha,26.069722,94.223444,1042.0,18.479,158.033
4196,Nagaland,Wokha,26.091528,94.100806,709.0,32.619,212.629
4197,Nagaland,Wokha,26.094778,94.259278,1396.0,12.961,287.022
4198,Nagaland,Wokha,26.098056,94.105472,684.0,31.491,225.261
4199,Nagaland,Wokha,26.113333,94.338611,992.0,22.764,118.098
4200,Nagaland,Wokha,26.114159,94.338471,988.0,25.655,88.928
4201,Nagaland,Wokha,26.114222,94.254417,1295.0,20.01,214.275
4202,Nagaland,Wokha,26.117194,94.336972,1031.0,27.544,166.692
4203,Nagaland,Wokha,26.123806,94.294889,1230.0,19.857,136.165
4204,Nagaland,Wokha,26.127222,94.306444,1150.0,21.135,182.225
4205,Nagaland,Wokha,26.155083,94.250361,1007.0,28.593,204.98
4206,Nagaland,Wokha,26.179,94.182611,637.0,13.181,160.006
4207,Nagaland,Wokha,26.182583,94.263361,1034.0,10.121,287.574
4208,Nagaland,Wokha,26.182611,94.264861,1062.0,12.146,270.0
4209,Nagaland,Wokha,26.193,94.292972,892.0,5.385,205.138
4210,Nagaland,Wokha,26.205889,94.221583,569.0,30.092,61.783
4211,Nagaland,Wokha,26.206111,94.223333,516.0,25.74,18.15
4212,Nagaland,Wokha,26.206528,94.223333,545.0,28.233,19.046
4213,Nagaland,Wokha,26.212861,94.235889,340.0,18.933,48.103
4214,Nagaland,Wokha,26.216583,94.240556,291.0,18.659,41.851
4215,Nagaland,Wokha,26.222306,94.214056,574.0,16.721,270.0
4216,Nagaland,Wokha,26.239167,94.200611,322.0,9.495,316.477
4217,Nagaland,Wokha,26.26,94.15,470.0,16.686,311.246
4218,Nagaland,Wokha,26.29,94.11,320.0,9.189,1.775
4219,Nagaland,Wokha,26.331333,94.280389,859.0,16.015,213.967
4220,Nagaland,Zunheboto,25.770917,94.357322,1433.0,25.751,96.953
4221,Nagaland,Zunheboto,25.840229,94.435067,1767.0,21.672,205.277
4222,Nagaland,Zunheboto,25.840342,94.435119,1765.0,22.397,210.571
4223,Nagaland,Zunheboto,25.866722,94.372639,739.0,21.314,171.91
4224,Nagaland,Zunheboto,25.869194,94.324889,590.0,13.024,297.776
4225,Nagaland,Zunheboto,25.876778,94.462028,1800.0,18.36,105.704
4226,Nagaland,Zunheboto,25.87975,94.358722,571.0,2.414,71.356
4227,Nagaland,Zunheboto,25.893042,94.45835,1632.0,27.126,341.24
4228,Nagaland,Zunheboto,25.901611,94.393694,730.0,21.052,73.736
4229,Nagaland,Zunheboto,25.909153,94.477497,1911.0,43.139,73.573
4230,Nagaland,Zunheboto,25.914367,94.458981,1643.0,34.433,20.465
4231,Nagaland,Zunheboto,25.917361,94.452556,1627.0,36.904,250.793
4232,Nagaland,Zunheboto,25.926408,94.469758,1753.0,39.72,279.648
4233,Nagaland,Zunheboto,26.003224,94.611549,2078.0,28.212,164.327
4234,Nagaland,Zunheboto,26.015488,94.535665,1634.0,30.853,0.0
4235,Nagaland,Zunheboto,26.018177,94.577412,1576.0,20.203,224.933
4236,Nagaland,Zunheboto,26.020603,94.50632,1428.0,30.032,195.547
4237,Nagaland,Zunheboto,26.030632,94.593978,1435.0,21.975,172.168
4238,Nagaland,Zunheboto,26.035793,94.593109,1347.0,28.294,315.855
4239,Nagaland,Zunheboto,26.037847,94.635525,2019.0,24.854,235.103
4240,Nagaland,Zunheboto,26.0415,94.522444,1777.0,32.808,184.893
4241,Nagaland,Zunheboto,26.041525,94.523238,1780.0,29.393,191.259
4242,Nagaland,Zunheboto,26.073778,94.482194,1252.0,36.349,260.16
4243,Nagaland,Zunheboto,26.076583,94.433611,957.0,11.584,26.048
4244,Nagaland,Zunheboto,26.07675,94.558611,1831.0,20.537,65.188
4245,Nagaland,Zunheboto,26.080917,94.481697,1183.0,34.817,249.193
4246,Nagaland,Zunheboto,26.112639,94.405194,564.0,22.874,348.372
4247,Nagaland,Zunheboto,26.182056,94.409639,929.0,9.055,327.729
4248,Nagaland,Zunheboto,26.194204,94.554867,1548.0,24.908,175.053
4249,Nagaland,Zunheboto,26.232694,94.473083,975.0,7.927,69.218
4250,Nagaland,Zunheboto,26.247056,94.479694,1015.0,11.671,343.087
4251,Sikkim,/East,27.55704444,88.57932222,1931.0,25.189,13.074
4252,Sikkim,/Namchi/78,27.28847,88.30139,1128.0,34.715,168.214
4253,Sikkim,/North,27.54975833,88.57530833,1892.0,31.799,60.009
4254,Sikkim,East,27.158111,88.512472,805.0,23.943,13.813
4255,Sikkim,East,27.179639,88.519778,336.0,32.769,310.461
4256,Sikkim,East,27.180528,88.518611,337.0,29.532,323.969
4257,Sikkim,East,27.182111,88.508,407.0,38.797,291.638
4258,Sikkim,East,27.195703,88.625444,553.0,29.573,219.846
4259,Sikkim,East,27.201875,88.667278,998.0,33.675,198.105
4260,Sikkim,East,27.20258333,88.65547222,721.0,36.048,192.829
4261,Sikkim,East,27.203869,88.658333,725.0,29.284,186.723
4262,Sikkim,East,27.206653,88.679953,751.0,25.539,184.851
4263,Sikkim,East,27.2115,88.58775,1416.0,33.441,256.229
4264,Sikkim,East,27.212222,88.587889,1418.0,33.863,263.466
4265,Sikkim,East,27.214806,88.588083,1450.0,27.486,286.037
4266,Sikkim,East,27.22075,88.699833,1144.0,41.381,233.382
4267,Sikkim,East,27.220861,88.657111,1168.0,22.691,199.036
4268,Sikkim,East,27.23444444,88.49083333,366.0,26.655,298.893
4269,Sikkim,East,27.23575,88.602389,1226.0,23.944,310.342
4270,Sikkim,East,27.235917,88.645167,1450.0,37.953,22.868
4271,Sikkim,East,27.236583,88.509611,426.0,24.813,17.814
4272,Sikkim,East,27.240861,88.486278,423.0,32.827,315.817
4273,Sikkim,East,27.25061389,88.46280278,527.0,35.746,356.781
4274,Sikkim,East,27.25333333,88.53194444,552.0,19.115,314.413
4275,Sikkim,East,27.257083,88.696583,1411.0,21.613,40.573
4276,Sikkim,East,27.257139,88.697556,1390.0,20.874,29.356
4277,Sikkim,East,27.2615,88.788778,3377.0,25.924,324.402
4278,Sikkim,East,27.26525,88.789556,3568.0,30.861,318.085
4279,Sikkim,East,27.265389,88.788278,3528.0,28.324,323.13
4280,Sikkim,East,27.279972,88.804278,3685.0,32.172,18.259
4281,Sikkim,East,27.292583,88.820417,3788.0,9.218,48.373
4282,Sikkim,East,27.315083,88.506056,1485.0,11.831,116.761
4283,Sikkim,East,27.316,88.559889,1249.0,24.245,44.104
4284,Sikkim,East,27.31663889,88.45861111,524.0,13.682,131.621
4285,Sikkim,East,27.316944,88.560056,1273.0,19.7,19.807
4286,Sikkim,East,27.32320833,88.60986944,1561.0,33.186,265.668
4287,Sikkim,East,27.32663889,88.61016667,1580.0,22.961,262.078
4288,Sikkim,East,27.337194,88.621833,1782.0,15.167,59.093
4289,Sikkim,East,27.33972222,88.62055556,1863.0,22.791,6.217
4290,Sikkim,East,27.35333333,88.61666667,1726.0,23.757,268.246
4291,Sikkim,East,27.35694444,88.61833333,1716.0,24.557,223.33
4292,Sikkim,East,27.358583,88.840194,3837.0,25.359,297.669
4293,Sikkim,East,27.35861111,88.62027778,1679.0,26.324,211.42
4294,Sikkim,East,27.364722,88.834917,3866.0,27.966,34.857
4295,Sikkim,East,27.368917,88.794611,3902.0,33.772,53.29
4296,Sikkim,East,27.3699335,88.4859279,811.0,35.326,256.064
4297,Sikkim,East,27.370472,88.686417,2750.0,39.311,313.722
4298,Sikkim,East,27.37055556,88.61611111,1889.0,14.245,275.075
4299,Sikkim,East,27.37075,88.679444,2629.0,31.771,309.12
4300,Sikkim,East,27.371472,88.709722,3155.0,37.055,306.503
4301,Sikkim,East,27.37211111,88.61671944,1874.0,24.404,223.723
4302,Sikkim,East,27.372278,88.688944,2986.0,29.684,331.948
4303,Sikkim,East,27.378306,88.770083,3824.0,19.79,20.575
4304,Sikkim,East,27.378417,88.697222,3068.0,36.246,334.237
4305,Sikkim,East,27.380861,88.812361,3977.0,37.248,321.781
4306,Sikkim,East,27.381278,88.632611,1793.0,37.215,244.046
4307,Sikkim,East,27.38155556,88.63883333,1699.0,24.607,163.971
4308,Sikkim,East,27.381917,88.640333,1691.0,19.418,261.943
4309,Sikkim,East,27.38375,88.808694,3953.0,26.448,108.969
4310,Sikkim,East,27.384444,88.639611,1651.0,24.683,251.185
4311,Sikkim,Gangtok,27.36552778,88.61596667,1675.0,27.103,352.619
4312,Sikkim,Mangan,27.40251944,88.51868056,587.0,30.244,81.583
4313,Sikkim,Namchi,27.27872778,88.12502778,1858.0,29.75,18.027
4314,Sikkim,North,27.374583,88.542444,1824.0,38.358,65.167
4315,Sikkim,North,27.374583,88.542333,1832.0,37.966,65.154
4316,Sikkim,North,27.375139,88.542833,1813.0,38.298,71.427
4317,Sikkim,North,27.395556,88.517528,737.0,34.069,244.845
4318,Sikkim,North,27.40825,88.571167,1658.0,18.566,64.664
4319,Sikkim,North,27.409667,88.543722,1520.0,38.075,332.707
4320,Sikkim,North,27.417389,88.621222,1394.0,37.877,2.61
4321,Sikkim,North,27.420028,88.515944,669.0,41.043,268.522
4322,Sikkim,North,27.426361,88.583028,1665.0,8.681,49.668
4323,Sikkim,North,27.433083,88.514528,738.0,39.136,275.702
4324,Sikkim,North,27.436556,88.526639,1281.0,23.049,272.42
4325,Sikkim,North,27.438778,88.527444,1298.0,20.994,297.917
4326,Sikkim,North,27.4795,88.528472,889.0,25.527,311.176
4327,Sikkim,North,27.482583,88.52875,927.0,27.886,260.226
4328,Sikkim,North,27.482583,88.529528,966.0,25.444,251.278
4329,Sikkim,North,27.48603,88.53269,1053.0,19.678,296.882
4330,Sikkim,North,27.5152,88.56456,1395.0,25.038,168.746
4331,Sikkim,North,27.527722,88.607972,1542.0,43.605,259.677
4332,Sikkim,North,27.527917,88.60225,1484.0,42.946,148.139
4333,Sikkim,North,27.52838889,88.59972222,1551.0,36.808,165.096
4334,Sikkim,North,27.553556,88.581222,1847.0,29.556,299.934
4335,Sikkim,North,27.56941667,88.65272222,1480.0,18.792,100.649
4336,Sikkim,North,27.57502778,88.65402778,1476.0,27.147,246.785
4337,Sikkim,North,27.59027778,88.65394444,1652.0,34.612,87.016
4338,Sikkim,North,27.609056,88.652028,1654.0,33.683,38.581
4339,Sikkim,North,27.613444,88.656528,1768.0,35.991,35.891
4340,Sikkim,North,27.61775,88.623639,1749.0,10.29,42.078
4341,Sikkim,North,27.629361,88.695194,2082.0,30.898,3.4
4342,Sikkim,North,27.637167,88.712028,2244.0,27.875,45.183
4343,Sikkim,North,27.68445278,88.7379,2644.0,38.194,65.37
4344,Sikkim,North,27.700444,88.566083,2398.0,33.89,133.53
4345,Sikkim,North,27.701333,88.565083,2396.0,34.229,129.822
4346,Sikkim,Pakyong,27.17748333,88.52165833,317.0,23.23,344.303
4347,Sikkim,Pakyong,27.21391667,88.60833333,813.0,21.813,94.506
4348,Sikkim,Soreng,27.190191,88.325507,503.0,38.934,96.384
4349,Sikkim,South,27.093278,88.457444,302.0,22.139,66.582
4350,Sikkim,South,27.097833,88.3785,295.0,26.205,5.884
4351,Sikkim,South,27.098417,88.400167,682.0,20.99,335.942
4352,Sikkim,South,27.101111,88.403333,807.0,25.254,1.226
4353,Sikkim,South,27.106694,88.449389,782.0,24.509,5.717
4354,Sikkim,South,27.129,88.441361,648.0,11.939,72.699
4355,Sikkim,South,27.133583,88.404583,1827.0,38.893,291.218
4356,Sikkim,South,27.137667,88.342694,1219.0,34.629,64.992
4357,Sikkim,South,27.149722,88.348333,1415.0,36.013,90.354
4358,Sikkim,South,27.153083,88.412056,1577.0,33.903,75.683
4359,Sikkim,South,27.154722,88.443056,1375.0,30.604,15.341
4360,Sikkim,South,27.158111,88.491722,1114.0,39.793,296.242
4361,Sikkim,South,27.158583,88.466306,1200.0,26.275,71.981
4362,Sikkim,South,27.160722,88.505889,1040.0,25.875,20.724
4363,Sikkim,South,27.161306,88.512944,902.0,21.011,87.319
4364,Sikkim,South,27.162194,88.510611,999.0,23.974,62.314
4365,Sikkim,South,27.16275,88.383306,1538.0,31.757,238.015
4366,Sikkim,South,27.162781,88.484864,1163.0,26.458,20.176
4367,Sikkim,South,27.16375,88.406417,1576.0,20.75,272.038
4368,Sikkim,South,27.166528,88.401333,1523.0,18.275,297.544
4369,Sikkim,South,27.166611,88.417528,1801.0,23.73,92.342
4370,Sikkim,South,27.169028,88.486333,1249.0,34.358,177.037
4371,Sikkim,South,27.173917,88.38525,1733.0,38.708,301.04
4372,Sikkim,South,27.175778,88.402417,1933.0,30.57,296.17
4373,Sikkim,South,27.176,88.429556,1632.0,30.462,264.742
4374,Sikkim,South,27.189222,88.391056,1884.0,31.293,252.808
4375,Sikkim,South,27.194333,88.388889,1754.0,31.644,284.779
4376,Sikkim,South,27.215056,88.393306,1564.0,23.491,257.466
4377,Sikkim,South,27.21525,88.402278,2044.0,27.59,275.425
4378,Sikkim,South,27.220972,88.397639,2028.0,33.373,294.15
4379,Sikkim,South,27.2215,88.370667,1798.0,27.031,42.313
4380,Sikkim,South,27.221778,88.390861,1599.0,21.315,314.603
4381,Sikkim,South,27.223833,88.491833,360.0,29.782,249.318
4382,Sikkim,South,27.224778,88.372083,2032.0,39.037,25.457
4383,Sikkim,South,27.228556,88.493889,373.0,28.346,239.478
4384,Sikkim,South,27.229417,88.378444,2035.0,37.05,49.121
4385,Sikkim,South,27.235861,88.433167,1206.0,22.597,95.574
4386,Sikkim,South,27.25102,88.460004,421.0,41.782,308.191
4387,Sikkim,South,27.255167,88.396944,1587.0,21.386,75.385
4388,Sikkim,South,27.257417,88.418889,854.0,32.229,49.585
4389,Sikkim,South,27.259306,88.423028,818.0,34.109,24.694
4390,Sikkim,South,27.262056,88.4305,641.0,28.045,75.348
4391,Sikkim,South,27.282,88.415028,1381.0,39.018,7.165
4392,Sikkim,South,27.287194,88.369444,1955.0,26.943,96.087
4393,Sikkim,South,27.3250091,88.4704442,499.0,33.052,31.893
4394,Sikkim,South,27.351194,88.272417,1529.0,30.436,18.569
4395,Sikkim,South,27.366944,88.449806,1687.0,26.236,56.225
4396,Sikkim,West,27.110583,88.340472,331.0,30.081,352.995
4397,Sikkim,West,27.1215,88.142222,1254.0,38.865,27.605
4398,Sikkim,West,27.123833,88.225333,467.0,35.686,319.726
4399,Sikkim,West,27.12825,88.292194,368.0,33.617,345.043
4400,Sikkim,West,27.141,88.211194,674.0,26.332,313.608
4401,Sikkim,West,27.153306,88.3135,1221.0,30.119,236.652
4402,Sikkim,West,27.1545,88.275667,768.0,24.699,333.958
4403,Sikkim,West,27.157694,88.092833,2259.0,13.546,208.811
4404,Sikkim,West,27.157806,88.230306,1493.0,6.029,31.722
4405,Sikkim,West,27.158056,88.141528,2023.0,27.747,78.176
4406,Sikkim,West,27.158222,88.34325,1352.0,36.092,168.415
4407,Sikkim,West,27.158222,88.100361,2429.0,25.357,211.463
4408,Sikkim,West,27.161,88.094306,2149.0,23.06,231.503
4409,Sikkim,West,27.163861,88.141361,2156.0,28.833,62.813
4410,Sikkim,West,27.171639,88.159333,1402.0,20.037,66.019
4411,Sikkim,West,27.172444,88.089528,2342.0,25.638,7.252
4412,Sikkim,West,27.186361,88.320417,458.0,32.036,7.885
4413,Sikkim,West,27.186611,88.206278,1671.0,30.196,98.433
4414,Sikkim,West,27.2195,88.210222,1792.0,24.948,77.736
4415,Sikkim,West,27.220472,88.281028,1436.0,30.999,42.262
4416,Sikkim,West,27.226556,88.308861,659.0,41.033,290.861
4417,Sikkim,West,27.227528,88.219639,1793.0,29.92,34.177
4418,Sikkim,West,27.233194,88.246361,1531.0,25.56,194.685
4419,Sikkim,West,27.237917,88.30475,831.0,34.303,268.491
4420,Sikkim,West,27.245028,88.226861,1741.0,21.576,188.819
4421,Sikkim,West,27.246944,88.184833,1644.0,28.755,209.813
4422,Sikkim,West,27.247111,88.225222,1669.0,22.931,137.102
4423,Sikkim,West,27.248583,88.117444,2007.0,20.174,110.764
4424,Sikkim,West,27.248833,88.117194,2013.0,20.661,116.149
4425,Sikkim,West,27.252139,88.176944,1296.0,21.87,104.252
4426,Sikkim,West,27.252167,88.272778,1474.0,15.819,216.049
4427,Sikkim,West,27.255861,88.156139,1533.0,31.692,175.306
4428,Sikkim,West,27.258389,88.246611,1139.0,18.395,189.621
4429,Sikkim,West,27.260167,88.171889,1328.0,33.354,150.069
4430,Sikkim,West,27.260194,88.302417,575.0,34.661,299.585
4431,Sikkim,West,27.260861,88.233278,1171.0,28.163,176.754
4432,Sikkim,West,27.261778,88.197194,1346.0,38.244,195.62
4433,Sikkim,West,27.27,88.179944,1327.0,37.693,1.124
4434,Sikkim,West,27.270056,88.174444,1342.0,28.23,354.599
4435,Sikkim,West,27.27575,88.084972,2066.0,40.592,44.1
4436,Sikkim,West,27.279972,88.186917,1730.0,34.592,48.37
4437,Sikkim,West,27.280889,88.084333,2383.0,23.462,62.245
4438,Sikkim,West,27.281028,88.227667,1286.0,20.875,8.382
4439,Sikkim,West,27.283194,88.106667,1606.0,21.12,320.126
4440,Sikkim,West,27.28475,88.106194,1625.0,15.995,302.191
4441,Sikkim,West,27.293417,88.294917,735.0,35.652,190.556
4442,Sikkim,West,27.294889,88.079944,2072.0,26.187,170.535
4443,Sikkim,West,27.29525,88.102694,1958.0,29.969,87.768
4444,Sikkim,West,27.304028,88.178806,1608.0,27.305,122.644
4445,Sikkim,West,27.31892,88.16222,1436.0,9.686,0.0
4446,Sikkim,West,27.320111,88.177833,1694.0,25.012,77.208
4447,Sikkim,West,27.33075,88.216333,1463.0,33.885,137.932
4448,Sikkim,West,27.33325,88.213583,1401.0,30.465,152.344
4449,Sikkim,West,27.389222,88.310972,1432.0,41.778,318.078
4450,Sikkim,West,27.399806,88.329139,1938.0,24.826,254.226
4451,Tripura,/Dhalai/78P16/2017/001,24.17072222,91.76697222,81.0,1.989,334.838
4452,Tripura,/Dhalai/78P16/2017/002,24.16966667,91.76686111,82.0,4.223,90.0
4453,Tripura,Dhalai,23.653556,92.035139,284.0,1.741,53.766
4454,Tripura,Dhalai,23.663361,92.015111,312.0,15.334,100.381
4455,Tripura,Dhalai,23.678056,92.038028,194.0,15.606,47.516
4456,Tripura,Dhalai,23.679,92.039278,183.0,15.326,57.258
4457,Tripura,Dhalai,23.687417,92.054528,190.0,17.528,254.324
4458,Tripura,Dhalai,23.691167,92.055444,234.0,13.396,278.678
4459,Tripura,Dhalai,23.692222,92.015833,237.0,5.747,257.106
4460,Tripura,Dhalai,23.693,92.054472,244.0,11.063,328.209
4461,Tripura,Dhalai,23.693,92.014361,236.0,10.357,329.339
4462,Tripura,Dhalai,23.694139,92.013278,210.0,16.448,258.593
4463,Tripura,Dhalai,23.69925,92.044694,110.0,13.729,289.325
4464,Tripura,Dhalai,23.793444,92.125833,184.0,10.189,178.435
4465,Tripura,Dhalai,23.797306,92.120417,165.0,5.32,195.282
4466,Tripura,Dhalai,23.805528,92.120417,146.0,5.214,53.798
4467,Tripura,Dhalai,23.821,92.094417,111.0,6.881,21.481
4468,Tripura,Dhalai,23.828278,92.023389,114.0,2.221,242.403
4469,Tripura,Dhalai,23.88888889,91.78888889,139.0,7.583,227.562
4470,Tripura,Dhalai,23.89569444,91.76525,247.0,12.832,251.61
4471,Tripura,Dhalai,23.912,91.83852778,82.0,0.619,114.564
4472,Tripura,Dhalai,23.91951111,91.87873333,105.0,2.133,15.296
4473,Tripura,Dhalai,23.993632,91.858355,81.0,9.01,211.81
4474,Tripura,Dhalai,24.028194,92.091861,155.0,9.0,83.487
4475,Tripura,Dhalai,24.0335,92.100694,110.0,11.713,274.971
4476,Tripura,Dhalai,24.039139,92.106944,131.0,2.477,114.543
4477,Tripura,Dhalai,24.212361,92.258111,81.0,1.317,167.631
4478,Tripura,Gomati,23.793444,91.552056,146.0,8.106,88.193
4479,Tripura,Gomati,23.794253,91.553533,144.0,6.724,272.183
4480,Tripura,Gomati,23.980333,91.475278,85.0,2.648,253.061
4481,Tripura,North,23.697694,92.071194,234.0,6.226,109.23
4482,Tripura,North,23.727194,92.242722,200.0,9.748,353.441
4483,Tripura,North,23.824722,92.260722,850.0,21.212,268.01
4484,Tripura,North,23.882833,92.241583,199.0,7.555,90.0
4485,Tripura,North,23.890278,92.272528,755.0,15.768,62.53
4486,Tripura,North,23.891083,92.288361,291.0,17.906,98.796
4487,Tripura,North,23.89125,92.288056,300.0,12.821,96.801
4488,Tripura,North,23.892694,92.272667,751.0,18.548,95.377
4489,Tripura,North,23.894667,92.287972,316.0,10.808,67.886
4490,Tripura,North,23.896194,92.296667,157.0,4.191,119.364
4491,Tripura,North,23.896806,92.283361,393.0,21.964,108.17
4492,Tripura,North,23.896806,92.283361,393.0,21.964,108.17
4493,Tripura,North,23.897556,92.282889,404.0,24.564,91.689
4494,Tripura,North,23.899944,92.279222,504.0,22.751,132.435
4495,Tripura,North,23.906917,92.271944,726.0,16.466,13.457
4496,Tripura,North,23.914472,92.27125,737.0,19.085,181.628
4497,Tripura,North,23.927194,92.275389,685.0,14.637,129.519
4498,Tripura,North,23.953333,92.233139,127.0,5.062,267.094
4499,Tripura,North,24.031139,92.2535,138.0,7.133,300.165
4500,Tripura,North,24.033017,92.26034,199.0,18.176,261.345
4501,Tripura,North,24.048556,92.314306,94.0,9.464,66.161
4502,Tripura,North,24.063194,92.28225,446.0,24.681,33.822
4503,Tripura,North,24.066639,92.277417,565.0,19.324,95.144
4504,Tripura,North,24.068472,92.290833,271.0,20.491,48.619
4505,Tripura,North,24.069444,92.287167,294.0,22.96,338.902
4506,Tripura,North,24.069556,92.291361,264.0,20.693,81.796
4507,Tripura,North,24.070611,92.290944,277.0,21.32,95.283
4508,Tripura,North,24.071167,92.291694,248.0,20.116,83.664
4509,Tripura,North,24.106444,92.276389,565.0,16.994,93.37
4510,Tripura,North,24.107028,92.276667,558.0,21.049,100.083
4511,Tripura,North,24.129083,92.277667,439.0,9.803,94.473
4512,Tripura,North,24.133306,92.27775,401.0,26.261,111.916
4513,Tripura,North,24.134722,92.277639,380.0,21.073,111.183
4514,Tripura,North,24.139861,92.319167,107.0,3.802,74.316
4515,Tripura,North,24.141694,92.322306,99.0,4.444,62.46
4516,Tripura,North,24.142722,92.273583,311.0,11.584,69.476
4517,Tripura,North,24.165583,92.268389,186.0,14.416,126.449
4518,Tripura,North,24.209473,92.27134,128.0,2.479,245.486
4519,Tripura,North,24.228111,92.287417,66.0,7.579,91.934
4520,Tripura,North,24.240194,92.247861,145.0,21.831,95.146
4521,Tripura,North,24.24263,92.212137,75.0,6.674,310.734
4522,Tripura,North,24.309993,92.22714,78.0,5.735,20.091
4523,Tripura,North,24.314206,92.225824,87.0,1.174,28.752
4524,Tripura,North,24.320111,92.216955,74.0,3.976,112.811
4525,Tripura,North,24.352076,92.225188,60.0,5.469,247.957
4526,Tripura,North,24.356023,92.225478,61.0,2.599,240.344
4527,Tripura,North,24.384311,92.126028,47.0,2.853,223.852
4528,Tripura,North,24.4012,92.237233,48.0,3.161,206.525
4529,Tripura,North,24.413873,92.241309,53.0,3.749,258.133
4530,Tripura,North,24.414992,92.241894,59.0,4.249,232.808
4531,Tripura,North,24.419026,92.242991,52.0,3.348,237.487
4532,Tripura,North,24.4349,92.249371,54.0,4.503,249.99
4533,Tripura,North,24.437066,92.249961,53.0,6.598,258.805
4534,Tripura,North,24.43797,92.250464,53.0,5.435,241.829
4535,Tripura,North,24.477126,92.205369,35.0,1.979,270.0
4536,Tripura,North,24.48556,92.212277,32.0,2.509,232.044
4537,Tripura,North,24.489749,92.170312,54.0,1.761,331.214
4538,Tripura,South,23.22966667,91.49532222,51.0,6.127,287.03
4539,Tripura,South,23.25229444,91.48825,34.0,2.656,140.775
4540,Tripura,West,23.802772,91.272189,20.0,1.569,349.676
4541,Tripura,West,23.85417,91.34361,17.0,0.587,208.665
4542,Tripura,West,24.003417,91.45425,64.0,7.562,135.276
4543,Tripura,West,24.012306,91.451778,68.0,2.493,325.62
4544,Tripura,West,24.325444,94.232583,399.0,21.101,53.585
4545,Tripura,West,24.781694,93.776056,1000.0,14.733,140.233
4546,Tripura,West,24.791306,93.735667,1110.0,26.836,265.927
4547,Tripura,landslide,13.04149583,75.56029417,980.0,1.313,11.601
4548,Uttarakhand,/Pithoragarh/62B/1,30.00544444,80.71925,1638.0,26.603,314.39
4549,Uttarakhand,/Pithoragarh/62B/1,30.03774722,80.75534722,1954.0,23.566,57.624
4550,Uttarakhand,Almora,29.48947,79.914678,856.0,24.368,15.868
4551,Uttarakhand,Almora,29.496931,80.012234,721.0,21.814,321.768
4552,Uttarakhand,Almora,29.49699,80.00083,713.0,37.114,284.437
4553,Uttarakhand,Almora,29.503194,80.002694,797.0,30.321,23.948
4554,Uttarakhand,Almora,29.503686,80.008583,870.0,19.193,165.402
4555,Uttarakhand,Almora,29.505772,80.022556,925.0,30.252,350.321
4556,Uttarakhand,Almora,29.506139,80.038528,667.0,28.83,148.958
4557,Uttarakhand,Almora,29.510069,80.024114,892.0,34.877,50.361
4558,Uttarakhand,Almora,29.511619,80.040158,750.0,29.449,338.553
4559,Uttarakhand,Almora,29.512018,80.027571,871.0,16.305,334.947
4560,Uttarakhand,Almora,29.512408,80.060808,652.0,42.397,210.582
4561,Uttarakhand,Almora,29.512611,80.010683,1067.0,31.988,270.824
4562,Uttarakhand,Almora,29.514347,80.052621,708.0,35.205,34.792
4563,Uttarakhand,Almora,29.514583,80.008361,1071.0,29.289,339.533
4564,Uttarakhand,Almora,29.514767,80.001972,1004.0,14.125,26.822
4565,Uttarakhand,Almora,29.516119,80.061525,605.0,38.838,34.344
4566,Uttarakhand,Almora,29.516444,80.029111,1143.0,31.29,307.834
4567,Uttarakhand,Almora,29.516649,80.011476,1219.0,29.153,3.183
4568,Uttarakhand,Almora,29.518375,80.068267,578.0,32.328,33.124
4569,Uttarakhand,Almora,29.520841,79.976073,972.0,28.163,83.255
4570,Uttarakhand,Almora,29.538166,79.792926,1738.0,24.912,53.16
4571,Uttarakhand,Almora,29.538235,79.238718,836.0,39.126,50.169
4572,Uttarakhand,Almora,29.543,79.56975,1228.0,28.945,347.053
4573,Uttarakhand,Almora,29.546917,79.689833,1785.0,10.886,75.114
4574,Uttarakhand,Almora,29.55,79.54,1034.0,35.252,36.8
4575,Uttarakhand,Almora,29.55386944,79.60821667,1078.0,16.704,34.596
4576,Uttarakhand,Almora,29.553982,79.249893,868.0,40.172,52.663
4577,Uttarakhand,Almora,29.561249,79.141339,807.0,21.174,68.933
4578,Uttarakhand,Almora,29.563324,79.463238,1047.0,22.758,290.691
4579,Uttarakhand,Almora,29.563833,79.571417,1560.0,22.001,20.968
4580,Uttarakhand,Almora,29.563859,79.802065,1952.0,21.486,154.348
4581,Uttarakhand,Almora,29.566246,79.21301,1640.0,24.424,177.393
4582,Uttarakhand,Almora,29.566535,79.21527,1627.0,23.343,194.553
4583,Uttarakhand,Almora,29.568669,79.786435,1424.0,0.827,159.031
4584,Uttarakhand,Almora,29.571724,79.165075,1237.0,27.461,44.872
4585,Uttarakhand,Almora,29.572091,79.909662,1671.0,17.719,10.242
4586,Uttarakhand,Almora,29.575332,79.242916,1247.0,33.095,79.277
4587,Uttarakhand,Almora,29.57583,79.941065,1609.0,25.592,37.145
4588,Uttarakhand,Almora,29.575936,79.170947,1351.0,35.034,48.709
4589,Uttarakhand,Almora,29.584287,79.176148,1362.0,28.456,289.36
4590,Uttarakhand,Almora,29.595297,79.0988,679.0,22.323,316.218
4591,Uttarakhand,Almora,29.600399,79.0882,629.0,43.483,94.618
4592,Uttarakhand,Almora,29.608828,79.306039,1471.0,21.74,291.127
4593,Uttarakhand,Almora,29.634433,79.254016,1391.0,28.764,93.753
4594,Uttarakhand,Almora,29.638136,79.100107,1216.0,32.636,332.094
4595,Uttarakhand,Almora,29.638657,79.644482,1337.0,22.742,19.443
4596,Uttarakhand,Almora,29.64325,79.62725,1222.0,10.762,72.109
4597,Uttarakhand,Almora,29.682607,79.814875,1619.0,37.294,187.803
4598,Uttarakhand,Almora,29.688583,79.550917,1400.0,9.44,115.608
4599,Uttarakhand,Almora,29.706923,79.558284,1553.0,23.591,330.955
4600,Uttarakhand,Almora,29.715,79.576667,1817.0,13.905,319.64
4601,Uttarakhand,Almora,29.773151,79.167168,1461.0,26.355,47.865
4602,Uttarakhand,Almora,29.77358,79.168366,1449.0,26.17,34.654
4603,Uttarakhand,Almora,29.779469,79.222961,889.0,18.063,91.578
4604,Uttarakhand,Almora,29.781251,79.224752,875.0,9.474,336.225
4605,Uttarakhand,Almora,29.783871,79.168191,1372.0,25.214,166.655
4606,Uttarakhand,Almora,29.791171,79.162418,1271.0,18.127,60.402
4607,Uttarakhand,Almora,29.79367,79.184957,1146.0,22.305,21.462
4608,Uttarakhand,Almora,29.793707,79.184066,1156.0,20.367,7.208
4609,Uttarakhand,Almora,29.794701,79.186138,1163.0,25.257,42.857
4610,Uttarakhand,Almora,29.8038,79.213779,986.0,25.617,114.932
4611,Uttarakhand,Almora,29.804621,79.180702,1117.0,15.073,57.745
4612,Uttarakhand,Almora,29.816631,79.183947,1094.0,22.475,192.282
4613,Uttarakhand,Almora,29.861075,79.204587,981.0,24.658,331.715
4614,Uttarakhand,Almora,29.864849,79.010169,1674.0,31.076,2.956
4615,Uttarakhand,Almora,29.912832,79.326544,1051.0,13.489,276.45
4616,Uttarakhand,Almora,29.951374,79.195501,1624.0,35.219,92.918
4617,Uttarakhand,Almora,29.959707,79.184362,1573.0,28.127,288.113
4618,Uttarakhand,Bageshwar,29.69564,79.872488,847.0,30.161,127.635
4619,Uttarakhand,Bageshwar,29.750583,79.754306,1381.0,20.221,359.195
4620,Uttarakhand,Bageshwar,29.754,79.661417,1690.0,22.338,223.827
4621,Uttarakhand,Bageshwar,29.759389,79.513194,1437.0,22.696,357.164
4622,Uttarakhand,Bageshwar,29.798813,79.69747,1681.0,22.504,271.864
4623,Uttarakhand,Bageshwar,29.802419,79.981501,1253.0,31.665,100.914
4624,Uttarakhand,Bageshwar,29.807583,79.716944,1352.0,17.605,34.817
4625,Uttarakhand,Bageshwar,29.808333,79.972222,1280.0,11.174,192.102
4626,Uttarakhand,Bageshwar,29.817333,79.731806,1094.0,15.435,204.361
4627,Uttarakhand,Bageshwar,29.832306,79.801611,1421.0,14.639,191.433
4628,Uttarakhand,Bageshwar,29.842841,79.767303,1013.0,14.565,21.021
4629,Uttarakhand,Bageshwar,29.862778,79.813611,1020.0,24.714,350.282
4630,Uttarakhand,Bageshwar,29.880692,79.982155,1453.0,16.209,114.657
4631,Uttarakhand,Bageshwar,29.896338,79.748373,1083.0,9.595,338.422
4632,Uttarakhand,Bageshwar,29.89925,80.028028,1937.0,38.15,154.613
4633,Uttarakhand,Bageshwar,29.906586,80.142172,919.0,0.786,130.92
4634,Uttarakhand,Bageshwar,29.911889,79.809278,1023.0,30.131,138.648
4635,Uttarakhand,Bageshwar,29.912545,79.811848,987.0,23.365,310.918
4636,Uttarakhand,Bageshwar,29.920056,80.108361,1000.0,13.36,152.728
4637,Uttarakhand,Bageshwar,29.922805,79.87605,1037.0,24.847,36.382
4638,Uttarakhand,Bageshwar,29.953361,79.699139,1288.0,15.984,313.624
4639,Uttarakhand,Bageshwar,29.955786,80.107116,1209.0,40.578,136.365
4640,Uttarakhand,Bageshwar,29.959768,79.678717,1346.0,19.039,312.596
4641,Uttarakhand,Bageshwar,29.959889,79.629417,1387.0,14.52,342.526
4642,Uttarakhand,Bageshwar,29.961947,79.668388,1484.0,20.603,124.163
4643,Uttarakhand,Bageshwar,29.962639,79.981333,1977.0,29.19,8.539
4644,Uttarakhand,Bageshwar,29.963892,79.903417,1195.0,27.502,287.058
4645,Uttarakhand,Bageshwar,29.965389,79.959111,1703.0,23.008,308.612
4646,Uttarakhand,Bageshwar,29.969115,79.782527,1480.0,29.256,40.383
4647,Uttarakhand,Bageshwar,29.9760133,80.0483566,2136.0,25.396,325.394
4648,Uttarakhand,Bageshwar,29.976403,80.087578,1085.0,17.824,123.011
4649,Uttarakhand,Bageshwar,29.977083,79.912083,1132.0,19.099,236.989
4650,Uttarakhand,Bageshwar,29.980646,79.906309,1550.0,43.777,72.26
4651,Uttarakhand,Bageshwar,29.9818966,80.011175,1524.0,29.423,330.233
4652,Uttarakhand,Bageshwar,29.982528,79.966222,1286.0,7.628,193.434
4653,Uttarakhand,Bageshwar,29.983339,79.999775,1524.0,35.46,200.01
4654,Uttarakhand,Bageshwar,29.984028,79.959,1280.0,16.28,140.265
4655,Uttarakhand,Bageshwar,29.984682,79.982738,1394.0,25.996,16.685
4656,Uttarakhand,Bageshwar,29.984737,79.990593,1388.0,18.387,333.102
4657,Uttarakhand,Bageshwar,29.986889,79.989667,1429.0,19.167,28.516
4658,Uttarakhand,Bageshwar,29.987355,80.016625,1957.0,28.324,180.0
4659,Uttarakhand,Bageshwar,29.988639,79.939111,1279.0,34.149,168.534
4660,Uttarakhand,Bageshwar,29.988972,79.923917,1252.0,44.182,213.707
4661,Uttarakhand,Bageshwar,29.989056,79.94,1241.0,26.435,167.347
4662,Uttarakhand,Bageshwar,29.994056,79.9295,1285.0,36.041,350.979
4663,Uttarakhand,Bageshwar,29.996861,79.915389,1201.0,25.886,230.308
4664,Uttarakhand,Bageshwar,29.997256,79.915396,1190.0,15.663,227.718
4665,Uttarakhand,Bageshwar,30.00309,79.885146,1302.0,14.845,1.121
4666,Uttarakhand,Bageshwar,30.0125,80.02977778,2160.0,28.939,102.67
4667,Uttarakhand,Bageshwar,30.015124,79.874853,1430.0,28.188,80.837
4668,Uttarakhand,Bageshwar,30.01595,79.877193,1450.0,27.769,227.633
4669,Uttarakhand,Bageshwar,30.018364,79.945923,1315.0,21.127,358.461
4670,Uttarakhand,Bageshwar,30.02882,79.888365,1638.0,12.665,231.713
4671,Uttarakhand,Bageshwar,30.028953,80.035717,2120.0,46.899,325.049
4672,Uttarakhand,Bageshwar,30.035419,80.048113,2141.0,30.298,137.558
4673,Uttarakhand,Bageshwar,30.0478,79.898705,2007.0,22.882,322.956
4674,Uttarakhand,Bageshwar,30.052088,80.062324,2048.0,23.274,98.406
4675,Uttarakhand,Bageshwar,30.055433,79.89527,2036.0,18.371,280.126
4676,Uttarakhand,Bageshwar,30.080927,79.891424,2392.0,20.443,227.563
4677,Uttarakhand,Bageshwar,30.08363889,79.80080556,2149.0,23.062,123.997
4678,Uttarakhand,Bageshwar,30.891317,77.043117,1532.0,13.197,174.878
4679,Uttarakhand,Chamoli,29.945739,79.314079,1190.0,12.821,55.084
4680,Uttarakhand,Chamoli,29.970268,79.23115,1853.0,29.452,23.829
4681,Uttarakhand,Chamoli,29.977037,79.412888,1342.0,36.348,335.434
4682,Uttarakhand,Chamoli,29.994459,79.461084,1915.0,42.33,223.544
4683,Uttarakhand,Chamoli,30.02253,79.697376,1508.0,35.848,17.983
4684,Uttarakhand,Chamoli,30.027649,79.524498,1844.0,27.829,168.09
4685,Uttarakhand,Chamoli,30.02823,79.556636,1365.0,32.892,105.715
4686,Uttarakhand,Chamoli,30.029199,79.556635,1348.0,30.294,111.183
4687,Uttarakhand,Chamoli,30.031662,79.567873,1340.0,26.448,231.463
4688,Uttarakhand,Chamoli,30.033917,79.569917,1329.0,18.891,227.979
4689,Uttarakhand,Chamoli,30.046987,79.573925,1381.0,24.014,98.114
4690,Uttarakhand,Chamoli,30.05,80.32,2030.0,42.302,352.793
4691,Uttarakhand,Chamoli,30.05,80.31,1582.0,27.247,297.534
4692,Uttarakhand,Chamoli,30.05549,79.588933,1391.0,18.687,244.852
4693,Uttarakhand,Chamoli,30.05775,79.524562,1356.0,37.752,331.149
4694,Uttarakhand,Chamoli,30.057995,79.523811,1342.0,38.626,321.903
4695,Uttarakhand,Chamoli,30.058333,79.523083,1327.0,39.877,319.292
4696,Uttarakhand,Chamoli,30.058696,79.522481,1329.0,38.912,327.752
4697,Uttarakhand,Chamoli,30.05875,79.523611,1386.0,40.26,322.209
4698,Uttarakhand,Chamoli,30.06,80.31,1564.0,27.838,241.0
4699,Uttarakhand,Chamoli,30.061038,79.522619,1447.0,20.323,219.09
4700,Uttarakhand,Chamoli,30.064556,79.526778,1467.0,31.755,256.572
4701,Uttarakhand,Chamoli,30.067528,79.521306,1587.0,30.63,56.375
4702,Uttarakhand,Chamoli,30.069209,79.587253,1461.0,31.923,77.085
4703,Uttarakhand,Chamoli,30.0715,79.604306,1685.0,29.834,282.208
4704,Uttarakhand,Chamoli,30.071639,79.603861,1661.0,32.76,284.554
4705,Uttarakhand,Chamoli,30.071912,79.546712,1883.0,34.172,260.479
4706,Uttarakhand,Chamoli,30.072811,79.545783,1853.0,28.679,317.648
4707,Uttarakhand,Chamoli,30.083264,79.612714,1704.0,33.268,113.396
4708,Uttarakhand,Chamoli,30.084545,79.4846983,1197.0,20.673,158.196
4709,Uttarakhand,Chamoli,30.085636,79.469557,1170.0,22.533,193.015
4710,Uttarakhand,Chamoli,30.086306,79.613056,1533.0,23.832,165.017
4711,Uttarakhand,Chamoli,30.086611,79.472583,1178.0,29.302,223.923
4712,Uttarakhand,Chamoli,30.087139,79.473153,1182.0,27.068,225.321
4713,Uttarakhand,Chamoli,30.087444,79.613389,1522.0,26.727,270.511
4714,Uttarakhand,Chamoli,30.087446,79.473568,1184.0,27.236,225.727
4715,Uttarakhand,Chamoli,30.089003,79.614742,1556.0,32.991,248.061
4716,Uttarakhand,Chamoli,30.093528,79.529333,1979.0,30.233,50.803
4717,Uttarakhand,Chamoli,30.094183,79.597634,1660.0,14.91,354.406
4718,Uttarakhand,Chamoli,30.094888,79.658516,1737.0,36.348,203.711
4719,Uttarakhand,Chamoli,30.095482,79.449858,1193.0,31.981,16.918
4720,Uttarakhand,Chamoli,30.09575,79.526583,2170.0,27.198,37.31
4721,Uttarakhand,Chamoli,30.097044,79.631319,1581.0,24.113,328.537
4722,Uttarakhand,Chamoli,30.098031,79.617947,1681.0,22.463,8.666
4723,Uttarakhand,Chamoli,30.098125,79.667123,1909.0,37.72,326.143
4724,Uttarakhand,Chamoli,30.099111,79.432306,1123.0,21.549,114.888
4725,Uttarakhand,Chamoli,30.100209,79.610048,1804.0,25.228,313.344
4726,Uttarakhand,Chamoli,30.108792,79.429737,1120.0,33.216,117.362
4727,Uttarakhand,Chamoli,30.111806,79.613806,2061.0,23.224,231.861
4728,Uttarakhand,Chamoli,30.118833,79.275028,1856.0,19.117,222.387
4729,Uttarakhand,Chamoli,30.12,80.25,1421.0,31.417,289.324
4730,Uttarakhand,Chamoli,30.121518,79.698191,2399.0,30.244,193.914
4731,Uttarakhand,Chamoli,30.121528,79.611722,1964.0,22.05,332.514
4732,Uttarakhand,Chamoli,30.122664,79.381445,1274.0,28.299,116.24
4733,Uttarakhand,Chamoli,30.1269,79.724091,2319.0,36.778,263.444
4734,Uttarakhand,Chamoli,30.131826,79.364244,1246.0,25.359,94.348
4735,Uttarakhand,Chamoli,30.133156,79.71915,2371.0,38.161,286.606
4736,Uttarakhand,Chamoli,30.137111,79.715944,2362.0,41.157,309.963
4737,Uttarakhand,Chamoli,30.143818,79.429579,1939.0,50.075,339.385
4738,Uttarakhand,Chamoli,30.151742,79.495386,2350.0,26.113,315.621
4739,Uttarakhand,Chamoli,30.164056,79.710417,1997.0,12.775,352.098
4740,Uttarakhand,Chamoli,30.186177,79.380843,1629.0,32.633,36.905
4741,Uttarakhand,Chamoli,30.199207,79.310819,1171.0,42.09,280.312
4742,Uttarakhand,Chamoli,30.205485,79.459201,1730.0,38.619,109.374
4743,Uttarakhand,Chamoli,30.209,79.199694,1843.0,25.343,64.136
4744,Uttarakhand,Chamoli,30.210743,79.481492,2080.0,19.499,342.047
4745,Uttarakhand,Chamoli,30.223972,79.272361,850.0,22.486,119.944
4746,Uttarakhand,Chamoli,30.225083,79.257028,841.0,20.642,249.771
4747,Uttarakhand,Chamoli,30.226901,79.298991,1605.0,36.054,268.586
4748,Uttarakhand,Chamoli,30.231295,79.267228,1071.0,32.938,346.071
4749,Uttarakhand,Chamoli,30.248574,79.402567,1477.0,16.96,76.37
4750,Uttarakhand,Chamoli,30.2625,79.213806,868.0,41.084,117.29
4751,Uttarakhand,Chamoli,30.265222,79.149139,1295.0,41.471,225.876
4752,Uttarakhand,Chamoli,30.266667,79.176,804.0,33.886,199.448
4753,Uttarakhand,Chamoli,30.266722,79.19175,849.0,28.633,174.534
4754,Uttarakhand,Chamoli,30.269056,79.42975,1268.0,27.189,168.318
4755,Uttarakhand,Chamoli,30.270806,79.216528,1030.0,25.297,42.161
4756,Uttarakhand,Chamoli,30.271389,79.214833,1086.0,20.757,50.212
4757,Uttarakhand,Chamoli,30.273306,79.222806,867.0,26.451,61.414
4758,Uttarakhand,Chamoli,30.274917,79.223583,889.0,35.426,61.323
4759,Uttarakhand,Chamoli,30.275361,79.222444,974.0,35.254,53.322
4760,Uttarakhand,Chamoli,30.278444,79.220333,1237.0,39.751,29.605
4761,Uttarakhand,Chamoli,30.279362,79.395891,1172.0,28.155,152.822
4762,Uttarakhand,Chamoli,30.280722,79.216472,1444.0,24.858,163.7
4763,Uttarakhand,Chamoli,30.282722,79.212444,1411.0,33.456,177.744
4764,Uttarakhand,Chamoli,30.283611,79.211167,1328.0,22.896,181.411
4765,Uttarakhand,Chamoli,30.284722,79.114167,1038.0,31.885,114.303
4766,Uttarakhand,Chamoli,30.28475,79.199056,1254.0,24.673,198.484
4767,Uttarakhand,Chamoli,30.2849,79.13211,767.0,31.859,153.666
4768,Uttarakhand,Chamoli,30.286111,79.193333,1209.0,21.164,356.148
4769,Uttarakhand,Chamoli,30.28675,79.199222,1275.0,28.986,344.758
4770,Uttarakhand,Chamoli,30.2915,79.203861,1524.0,36.106,273.177
4771,Uttarakhand,Chamoli,30.291639,79.203833,1521.0,36.002,275.676
4772,Uttarakhand,Chamoli,30.293139,79.299972,925.0,19.817,139.491
4773,Uttarakhand,Chamoli,30.300809,79.301624,917.0,19.233,325.484
4774,Uttarakhand,Chamoli,30.323726,79.196448,1723.0,29.017,316.781
4775,Uttarakhand,Chamoli,30.329861,79.19375,1812.0,19.335,281.818
4776,Uttarakhand,Chamoli,30.329889,79.194389,1824.0,7.067,199.62
4777,Uttarakhand,Chamoli,30.330889,79.315389,899.0,33.967,170.664
4778,Uttarakhand,Chamoli,30.336652,79.319623,935.0,36.442,304.451
4779,Uttarakhand,Chamoli,30.340603,79.289906,1424.0,38.896,304.99
4780,Uttarakhand,Chamoli,30.341843,79.199409,1865.0,18.547,299.692
4781,Uttarakhand,Chamoli,30.351598,79.258803,1208.0,32.312,55.381
4782,Uttarakhand,Chamoli,30.353688,79.261521,1224.0,23.122,357.904
4783,Uttarakhand,Chamoli,30.363835,79.475815,1578.0,41.658,190.11
4784,Uttarakhand,Chamoli,30.364129,79.229,1289.0,46.241,309.856
4785,Uttarakhand,Chamoli,30.36478,79.478934,1509.0,37.111,172.488
4786,Uttarakhand,Chamoli,30.368222,79.274472,1393.0,31.983,100.359
4787,Uttarakhand,Chamoli,30.372372,79.526595,1699.0,34.735,267.029
4788,Uttarakhand,Chamoli,30.373,79.273333,1421.0,38.607,10.139
4789,Uttarakhand,Chamoli,30.386355,79.413495,1282.0,30.914,128.504
4790,Uttarakhand,Chamoli,30.395202,79.212189,1542.0,38.114,327.926
4791,Uttarakhand,Chamoli,30.397344,79.208298,1408.0,27.199,326.13
4792,Uttarakhand,Chamoli,30.465065,79.457206,1566.0,34.183,211.449
4793,Uttarakhand,Chamoli,30.473167,79.479722,2247.0,31.067,222.432
4794,Uttarakhand,Chamoli,30.473279,79.459753,1544.0,41.257,266.477
4795,Uttarakhand,Chamoli,30.474693,79.459305,1505.0,40.973,264.956
4796,Uttarakhand,Chamoli,30.47694444,79.4675,1523.0,32.171,228.934
4797,Uttarakhand,Chamoli,30.486778,79.485306,1452.0,35.476,153.504
4798,Uttarakhand,Chamoli,30.487083,79.484028,1450.0,36.648,171.945
4799,Uttarakhand,Chamoli,30.494303,79.619416,1948.0,28.949,151.276
4800,Uttarakhand,Chamoli,30.497568,79.614866,1991.0,31.478,84.95
4801,Uttarakhand,Chamoli,30.523111,79.737306,2170.0,29.666,253.979
4802,Uttarakhand,Chamoli,30.528583,79.504,1328.0,20.055,31.903
4803,Uttarakhand,Chamoli,30.5305,79.51225,1372.0,32.442,205.25
4804,Uttarakhand,Chamoli,30.654472,79.517722,2179.0,10.145,82.79
4805,Uttarakhand,Chamoli,30.654917,79.517694,2186.0,10.232,39.521
4806,Uttarakhand,Chamoli,30.668194,79.842722,2792.0,12.689,206.145
4807,Uttarakhand,Champawat,29.148941,79.935497,642.0,7.711,43.132
4808,Uttarakhand,Champawat,29.150005,79.996229,664.0,17.969,52.456
4809,Uttarakhand,Champawat,29.157774,79.880607,669.0,14.135,227.33
4810,Uttarakhand,Champawat,29.160488,79.8837,671.0,22.314,234.548
4811,Uttarakhand,Champawat,29.189279,80.107582,894.0,32.649,61.073
4812,Uttarakhand,Champawat,29.229502,79.826764,1314.0,34.757,56.174
4813,Uttarakhand,Champawat,29.233141,79.93516,1136.0,25.261,100.975
4814,Uttarakhand,Champawat,29.235478,79.929918,1163.0,24.364,155.847
4815,Uttarakhand,Champawat,29.265444,80.136444,1263.0,16.632,21.22
4816,Uttarakhand,Champawat,29.269972,80.1315,1239.0,23.79,281.162
4817,Uttarakhand,Champawat,29.270432,80.154032,1258.0,31.338,273.806
4818,Uttarakhand,Champawat,29.279241,80.123204,1258.0,23.987,314.149
4819,Uttarakhand,Champawat,29.28195,80.083865,1431.0,28.035,354.451
4820,Uttarakhand,Champawat,29.291528,80.183281,1761.0,31.433,70.689
4821,Uttarakhand,Champawat,29.294833,80.034556,1380.0,24.429,348.224
4822,Uttarakhand,Champawat,29.323184,80.059396,1839.0,22.606,333.551
4823,Uttarakhand,Champawat,29.323333,80.058417,1831.0,25.34,335.582
4824,Uttarakhand,Champawat,29.353417,80.119417,1574.0,14.592,28.365
4825,Uttarakhand,Champawat,29.400444,79.848917,1774.0,22.744,251.251
4826,Uttarakhand,Champawat,29.4015,79.849583,1780.0,30.492,243.255
4827,Uttarakhand,Champawat,29.403558,79.971503,1404.0,30.94,139.182
4828,Uttarakhand,Champawat,29.406278,80.107278,1857.0,27.853,325.535
4829,Uttarakhand,Champawat,29.40875,80.203917,1541.0,24.947,99.447
4830,Uttarakhand,Champawat,29.431083,80.075639,1771.0,27.904,311.421
4831,Uttarakhand,Champawat,29.433745,79.861747,1234.0,6.82,192.452
4832,Uttarakhand,Champawat,29.437167,80.043694,1424.0,28.79,4.306
4833,Uttarakhand,Champawat,29.4375,80.016528,1101.0,27.816,310.317
4834,Uttarakhand,Champawat,29.449468,79.968647,859.0,28.363,44.993
4835,Uttarakhand,Champawat,29.453047,80.062032,1643.0,28.351,357.26
4836,Uttarakhand,Champawat,29.454463,80.009497,951.0,25.417,51.404
4837,Uttarakhand,Champawat,29.459219,80.024606,963.0,27.245,24.883
4838,Uttarakhand,Champawat,29.459791,80.026952,965.0,18.46,5.32
4839,Uttarakhand,Champawat,29.463333,80.017611,1176.0,35.182,353.698
4840,Uttarakhand,Champawat,29.466972,79.994861,1126.0,25.419,30.677
4841,Uttarakhand,Champawat,29.468026,79.973511,881.0,31.519,301.826
4842,Uttarakhand,Champawat,29.480917,79.984417,689.0,11.385,132.004
4843,Uttarakhand,Champawat,29.485694,79.975583,686.0,25.375,40.748
4844,Uttarakhand,Champawat,29.486944,79.923045,997.0,25.635,286.867
4845,Uttarakhand,Champawat,29.487457,80.120093,773.0,37.588,141.434
4846,Uttarakhand,Champawat,29.498674,80.124267,600.0,46.077,50.835
4847,Uttarakhand,Dehradun,30.223583,78.245917,986.0,17.154,232.327
4848,Uttarakhand,Dehradun,30.226833,78.238556,694.0,21.123,199.657
4849,Uttarakhand,Dehradun,30.233056,78.233111,838.0,30.242,332.374
4850,Uttarakhand,Dehradun,30.251527,78.211004,1010.0,20.149,58.239
4851,Uttarakhand,Dehradun,30.302444,78.227443,1087.0,29.033,142.468
4852,Uttarakhand,Dehradun,30.335093,78.125062,944.0,16.583,67.848
4853,Uttarakhand,Dehradun,30.387929,77.984044,704.0,15.379,49.218
4854,Uttarakhand,Dehradun,30.391531,78.135094,1002.0,37.883,259.69
4855,Uttarakhand,Dehradun,30.402398,78.189577,1259.0,33.072,268.419
4856,Uttarakhand,Dehradun,30.40467,78.18335,1337.0,15.238,43.49
4857,Uttarakhand,Dehradun,30.40553889,78.14105278,1012.0,18.958,260.213
4858,Uttarakhand,Dehradun,30.408976,78.121365,1313.0,30.949,4.983
4859,Uttarakhand,Dehradun,30.412109,78.119395,1407.0,23.066,128.486
4860,Uttarakhand,Dehradun,30.412752,77.960227,814.0,5.947,270.0
4861,Uttarakhand,Dehradun,30.41597,78.122279,1437.0,35.899,23.313
4862,Uttarakhand,Dehradun,30.420579,78.115574,1496.0,31.94,124.193
4863,Uttarakhand,Dehradun,30.423678,78.072684,1390.0,37.564,242.525
4864,Uttarakhand,Dehradun,30.426778,78.075528,1426.0,39.91,261.974
4865,Uttarakhand,Dehradun,30.428194,78.112717,1565.0,34.691,76.109
4866,Uttarakhand,Dehradun,30.433081,77.889638,688.0,11.674,0.0
4867,Uttarakhand,Dehradun,30.440209,77.987662,1340.0,34.759,17.927
4868,Uttarakhand,Dehradun,30.453808,77.916522,907.0,19.572,280.923
4869,Uttarakhand,Dehradun,30.455028,78.039639,1907.0,29.301,16.173
4870,Uttarakhand,Dehradun,30.455594,77.888131,720.0,15.047,211.556
4871,Uttarakhand,Dehradun,30.466523,77.905455,829.0,6.975,17.347
4872,Uttarakhand,Dehradun,30.480913,78.044821,1753.0,32.83,150.479
4873,Uttarakhand,Dehradun,30.4876,77.9122,1032.0,24.922,306.133
4874,Uttarakhand,Dehradun,30.49138889,78.04047222,1484.0,25.7,291.344
4875,Uttarakhand,Dehradun,30.512146,77.984807,703.0,25.149,72.748
4876,Uttarakhand,Dehradun,30.518119,77.945485,814.0,45.045,35.297
4877,Uttarakhand,Dehradun,30.518825,77.956656,840.0,39.139,317.226
4878,Uttarakhand,Dehradun,30.52068,77.864787,610.0,35.123,24.06
4879,Uttarakhand,Dehradun,30.523896,77.97051,873.0,17.587,76.061
4880,Uttarakhand,Dehradun,30.531775,77.976824,823.0,28.005,315.88
4881,Uttarakhand,Dehradun,30.537829,77.882622,1142.0,37.265,54.652
4882,Uttarakhand,Dehradun,30.538451,77.962838,1018.0,25.473,146.064
4883,Uttarakhand,Dehradun,30.552081,77.952776,1315.0,27.834,86.098
4884,Uttarakhand,Dehradun,30.55278,77.963583,1132.0,39.641,26.55
4885,Uttarakhand,Dehradun,30.562457,77.887456,1477.0,36.298,56.189
4886,Uttarakhand,Dehradun,30.562667,77.951363,1712.0,39.758,48.8
4887,Uttarakhand,Dehradun,30.564775,77.806857,987.0,40.857,84.338
4888,Uttarakhand,Dehradun,30.568238,77.98746,1352.0,37.06,21.901
4889,Uttarakhand,Dehradun,30.570028,77.991389,1361.0,34.557,10.032
4890,Uttarakhand,Dehradun,30.572939,77.865479,934.0,35.911,260.72
4891,Uttarakhand,Dehradun,30.573639,77.926694,1845.0,27.367,317.525
4892,Uttarakhand,Dehradun,30.57625,77.932694,1888.0,32.167,27.679
4893,Uttarakhand,Dehradun,30.582242,78.011497,884.0,39.347,263.078
4894,Uttarakhand,Dehradun,30.588739,77.877553,1011.0,25.247,240.938
4895,Uttarakhand,Dehradun,30.611806,77.7847,770.0,29.295,173.055
4896,Uttarakhand,Dehradun,30.621828,77.864744,1166.0,28.608,136.446
4897,Uttarakhand,Dehradun,30.623028,77.897531,1577.0,28.499,55.768
4898,Uttarakhand,Dehradun,30.623748,77.883311,1274.0,5.873,326.068
4899,Uttarakhand,Dehradun,30.628464,77.860329,1219.0,16.625,167.891
4900,Uttarakhand,Dehradun,30.633663,78.013976,919.0,38.829,291.957
4901,Uttarakhand,Dehradun,30.66344,77.789341,735.0,37.157,10.32
4902,Uttarakhand,Dehradun,30.670982,78.022963,1456.0,36.876,359.202
4903,Uttarakhand,Dehradun,30.679278,77.778778,919.0,30.33,183.583
4904,Uttarakhand,Dehradun,30.758111,77.812167,2571.0,25.073,248.012
4905,Uttarakhand,Dehradun,30.765694,77.814806,2484.0,30.409,206.443
4906,Uttarakhand,Dehradun,30.788359,77.870369,1535.0,31.527,310.665
4907,Uttarakhand,Dehradun,30.821776,77.847498,1571.0,18.532,266.928
4908,Uttarakhand,Dehradun,30.838333,77.785583,901.0,43.157,20.919
4909,Uttarakhand,Dehradun,30.850549,77.815659,909.0,38.305,73.822
4910,Uttarakhand,Dehradun,30.906398,77.857133,1413.0,26.813,235.954
4911,Uttarakhand,Dehradun,30.919645,77.843788,1125.0,39.786,271.545
4912,Uttarakhand,Dehradun,30.924908,77.839547,913.0,23.579,275.314
4913,Uttarakhand,Dehradun,30.925906,77.89789,1442.0,27.261,186.418
4914,Uttarakhand,Dehradun,30.927066,77.911546,1286.0,26.325,292.976
4915,Uttarakhand,Dehradun,30.928194,77.898332,1359.0,14.56,81.046
4916,Uttarakhand,Dehradun,30.938194,77.9025,1143.0,25.151,133.534
4917,Uttarakhand,Garhwal,30.001518,78.813136,752.0,23.447,75.609
4918,Uttarakhand,Garhwal,30.015096,78.807462,1140.0,30.78,44.861
4919,Uttarakhand,Garhwal,30.01544,78.808804,1095.0,32.556,52.77
4920,Uttarakhand,Garhwal,30.015658,78.521021,1448.0,22.71,356.447
4921,Uttarakhand,Garhwal,30.017883,78.659361,1211.0,26.167,184.845
4922,Uttarakhand,Garhwal,30.027475,78.804008,1238.0,26.523,129.716
4923,Uttarakhand,Garhwal,30.027766,78.537875,1259.0,35.153,260.824
4924,Uttarakhand,Garhwal,30.037103,78.630754,706.0,34.277,314.31
4925,Uttarakhand,Garhwal,30.038415,78.793859,1249.0,17.022,89.159
4926,Uttarakhand,Garhwal,30.039586,78.622311,597.0,13.6,341.235
4927,Uttarakhand,Garhwal,30.045222,78.612361,549.0,35.663,316.039
4928,Uttarakhand,Garhwal,30.056673,78.663248,1655.0,23.11,337.854
4929,Uttarakhand,Garhwal,30.056744,78.655905,1348.0,29.292,312.265
4930,Uttarakhand,Garhwal,30.063862,78.779648,1322.0,23.46,62.242
4931,Uttarakhand,Garhwal,30.071298,78.777149,1372.0,22.084,86.191
4932,Uttarakhand,Garhwal,30.087407,78.78309,1526.0,11.969,214.277
4933,Uttarakhand,Garhwal,30.091545,78.787796,1565.0,25.091,25.619
4934,Uttarakhand,Garhwal,30.09733,78.937207,1308.0,30.212,105.662
4935,Uttarakhand,Garhwal,30.09803,78.755949,1608.0,17.629,101.413
4936,Uttarakhand,Garhwal,30.103551,78.827366,1922.0,16.514,273.474
4937,Uttarakhand,Garhwal,30.106909,78.680349,942.0,26.194,207.67
4938,Uttarakhand,Garhwal,30.110005,78.6163,764.0,28.721,0.0
4939,Uttarakhand,Garhwal,30.117837,78.775139,1661.0,18.18,10.016
4940,Uttarakhand,Garhwal,30.118071,78.621667,838.0,22.494,53.375
4941,Uttarakhand,Garhwal,30.119619,78.771437,1698.0,22.508,335.573
4942,Uttarakhand,Garhwal,30.123577,78.627012,1137.0,34.554,350.013
4943,Uttarakhand,Garhwal,30.123721,78.622411,1147.0,31.898,8.637
4944,Uttarakhand,Garhwal,30.131712,78.67097,1467.0,19.187,89.26
4945,Uttarakhand,Garhwal,30.133604,78.897139,1164.0,12.742,13.277
4946,Uttarakhand,Garhwal,30.166845,78.731067,1282.0,22.429,159.364
4947,Uttarakhand,Garhwal,30.175574,78.855068,1551.0,21.706,136.231
4948,Uttarakhand,Garhwal,30.180513,78.796145,880.0,3.394,190.091
4949,Uttarakhand,Garhwal,30.180689,78.918788,2101.0,33.38,19.822
4950,Uttarakhand,Garhwal,30.18242,78.79296,877.0,24.43,148.252
4951,Uttarakhand,Garhwal,30.187087,78.812486,992.0,20.954,341.815
4952,Uttarakhand,Garhwal,30.190425,78.763352,971.0,22.877,67.467
4953,Uttarakhand,Garhwal,30.220131,78.869293,878.0,22.1,307.472
4954,Uttarakhand,Garhwal,30.229328,78.825755,634.0,27.03,223.054
4955,Uttarakhand,Garhwal,30.236208,78.847986,666.0,41.374,232.271
4956,Uttarakhand,Garhwal,30.237905,78.701746,637.0,30.182,325.725
4957,Uttarakhand,Garhwal,30.241445,78.858058,687.0,41.817,166.9
4958,Uttarakhand,Garhwal,30.25133,78.930272,754.0,35.268,210.975
4959,Uttarakhand,Garhwal,30.275539,78.96832,710.0,29.827,204.664
4960,Uttarakhand,Garhwal,30.282979,78.991321,969.0,20.013,229.188
4961,Uttarakhand,Garhwal,30.286417,79.023722,1166.0,29.465,156.103
4962,Uttarakhand,Garhwal,30.294667,79.071639,711.0,16.051,169.583
4963,Uttarakhand,Garhwal,30.297417,79.057361,698.0,28.614,191.551
4964,Uttarakhand,Garhwal,30.297444,79.059139,717.0,31.692,200.209
4965,Uttarakhand,Haridwar,29.900437,78.191591,483.0,18.617,180.0
4966,Uttarakhand,Haridwar,29.901485,78.181501,311.0,12.202,280.774
4967,Uttarakhand,Haridwar,29.909234,78.18456,311.0,15.703,49.081
4968,Uttarakhand,Haridwar,29.967332,78.107284,328.0,10.812,102.22
4969,Uttarakhand,Nainital,29.204726,79.810527,1020.0,34.695,301.267
4970,Uttarakhand,Nainital,29.242521,79.628113,1102.0,30.237,72.511
4971,Uttarakhand,Nainital,29.264742,79.563462,831.0,32.355,325.327
4972,Uttarakhand,Nainital,29.267671,79.555389,687.0,29.458,251.453
4973,Uttarakhand,Nainital,29.269143,79.683619,1176.0,39.89,313.885
4974,Uttarakhand,Nainital,29.271439,79.555086,777.0,24.635,327.387
4975,Uttarakhand,Nainital,29.283297,79.532982,862.0,34.899,140.591
4976,Uttarakhand,Nainital,29.287698,79.719284,1096.0,26.842,163.445
4977,Uttarakhand,Nainital,29.290265,79.704675,936.0,24.277,185.241
4978,Uttarakhand,Nainital,29.293488,79.623976,1204.0,32.883,337.519
4979,Uttarakhand,Nainital,29.307972,79.795056,1579.0,32.507,327.759
4980,Uttarakhand,Nainital,29.313058,79.343157,528.0,11.407,335.889
4981,Uttarakhand,Nainital,29.313852,79.35293,637.0,20.136,17.159
4982,Uttarakhand,Nainital,29.315465,79.345577,596.0,16.343,296.373
4983,Uttarakhand,Nainital,29.317,79.344,535.0,21.98,253.182
4984,Uttarakhand,Nainital,29.317493,79.527359,704.0,28.551,303.578
4985,Uttarakhand,Nainital,29.32,79.352,652.0,28.164,176.69
4986,Uttarakhand,Nainital,29.321569,79.35744,775.0,22.634,321.848
4987,Uttarakhand,Nainital,29.335685,79.458622,1604.0,15.368,198.584
4988,Uttarakhand,Nainital,29.33717,79.523546,1116.0,29.931,356.922
4989,Uttarakhand,Nainital,29.340086,79.414492,868.0,22.093,69.939
4990,Uttarakhand,Nainital,29.3402,79.5237,1336.0,31.135,20.47
4991,Uttarakhand,Nainital,29.34386,79.483737,1238.0,22.279,157.054
4992,Uttarakhand,Nainital,29.3536,79.4204,1012.0,16.171,29.841
4993,Uttarakhand,Nainital,29.356057,79.471346,1367.0,19.597,100.173
4994,Uttarakhand,Nainital,29.356697,79.588212,1337.0,29.612,130.392
4995,Uttarakhand,Nainital,29.357283,79.430067,1188.0,24.193,50.221
4996,Uttarakhand,Nainital,29.35896,79.484396,1499.0,33.456,316.661
4997,Uttarakhand,Nainital,29.360794,79.429531,1355.0,26.428,12.577
4998,Uttarakhand,Nainital,29.368978,79.472131,1529.0,29.638,317.908
4999,Uttarakhand,Nainital,29.369012,79.587893,1375.0,30.795,318.252
5000,Uttarakhand,Nainital,29.370975,79.534144,1496.0,21.036,82.619
5001,Uttarakhand,Nainital,29.374729,79.429801,1680.0,28.898,21.932
5002,Uttarakhand,Nainital,29.376896,79.490523,1418.0,14.252,107.494
5003,Uttarakhand,Nainital,29.377843,79.541803,1779.0,21.365,350.903
5004,Uttarakhand,Nainital,29.3788,79.5406,1791.0,21.759,295.316
5005,Uttarakhand,Nainital,29.380077,79.491868,1582.0,26.433,330.153
5006,Uttarakhand,Nainital,29.380077,79.491868,1582.0,26.433,330.153
5007,Uttarakhand,Nainital,29.380208,79.585769,1421.0,37.74,272.661
5008,Uttarakhand,Nainital,29.382697,79.42724,1971.0,10.613,204.371
5009,Uttarakhand,Nainital,29.382697,79.42724,1971.0,10.613,204.371
5010,Uttarakhand,Nainital,29.382697,79.42724,1971.0,10.613,204.371
5011,Uttarakhand,Nainital,29.387343,79.40101,1480.0,31.339,234.359
5012,Uttarakhand,Nainital,29.389671,79.615259,1657.0,24.961,126.057
5013,Uttarakhand,Nainital,29.400005,79.635763,1714.0,23.528,264.079
5014,Uttarakhand,Nainital,29.400357,79.317766,731.0,10.992,291.716
5015,Uttarakhand,Nainital,29.405257,79.633573,1727.0,13.209,23.29
5016,Uttarakhand,Nainital,29.422354,79.302632,839.0,23.283,320.571
5017,Uttarakhand,Nainital,29.435591,79.492528,1336.0,35.83,327.121
5018,Uttarakhand,Nainital,29.440671,79.560423,1529.0,18.575,252.096
5019,Uttarakhand,Nainital,29.440695,79.409513,2109.0,27.498,196.699
5020,Uttarakhand,Nainital,29.440714,79.497838,1679.0,28.715,349.696
5021,Uttarakhand,Nainital,29.440762,79.472619,1149.0,27.867,47.847
5022,Uttarakhand,Nainital,29.442571,79.496577,1681.0,19.582,253.118
5023,Uttarakhand,Nainital,29.448438,79.289705,1175.0,27.726,166.955
5024,Uttarakhand,Nainital,29.453408,79.476306,1146.0,21.217,16.202
5025,Uttarakhand,Nainital,29.46106,79.481638,1113.0,33.97,348.517
5026,Uttarakhand,Nainital,29.461215,79.312385,1559.0,30.087,140.129
5027,Uttarakhand,Nainital,29.466562,79.335137,1304.0,33.343,321.726
5028,Uttarakhand,Nainital,29.468948,79.333806,1344.0,30.33,274.844
5029,Uttarakhand,Nainital,29.479931,79.445905,1437.0,18.715,139.088
5030,Uttarakhand,Nainital,29.48695,79.677336,1580.0,20.799,165.846
5031,Uttarakhand,Nainital,29.488004,79.451893,1157.0,22.106,206.4
5032,Uttarakhand,Nainital,29.492889,79.142232,503.0,15.166,221.783
5033,Uttarakhand,Nainital,29.502053,79.420426,1461.0,34.535,136.968
5034,Uttarakhand,Nainital,29.509503,79.452938,899.0,31.1,296.059
5035,Uttarakhand,Nainital,29.515572,79.435206,879.0,29.158,313.815
5036,Uttarakhand,Nainital,29.521163,79.406882,1226.0,40.792,155.624
5037,Uttarakhand,Nainital,29.52181,79.410112,1165.0,37.054,178.041
5038,Uttarakhand,Nainital,29.522051,79.430568,864.0,20.296,303.129
5039,Uttarakhand,Nainital,29.523619,79.400202,1372.0,36.32,79.438
5040,Uttarakhand,Nainital,29.5241,79.4221,882.0,22.448,149.187
5041,Uttarakhand,Nainital,29.5316,79.0723,603.0,16.514,359.002
5042,Uttarakhand,Nainital,29.544083,79.6325,1155.0,15.331,106.172
5043,Uttarakhand,Nainital,29.547198,79.338611,889.0,29.808,193.551
5044,Uttarakhand,Nainital,29.550571,79.309235,826.0,39.862,142.254
5045,Uttarakhand,Nainital,29.556113,79.405966,990.0,35.026,306.582
5046,Uttarakhand,Nainital,29.565344,79.352622,1043.0,32.07,12.857
5047,Uttarakhand,Nainital,29.590891,79.327146,1411.0,28.373,8.248
5048,Uttarakhand,Pauri,29.621418,79.083969,992.0,27.207,144.344
5049,Uttarakhand,Pauri,29.632631,79.080085,692.0,27.698,126.182
5050,Uttarakhand,Pauri,29.638,78.943,603.0,24.203,133.59
5051,Uttarakhand,Pauri,29.648876,79.047397,1402.0,34.198,274.929
5052,Uttarakhand,Pauri,29.667211,78.98775,1256.0,28.382,95.725
5053,Uttarakhand,Pauri,29.669243,79.076167,864.0,47.11,70.248
5054,Uttarakhand,Pauri,29.679059,79.067813,1127.0,36.541,323.134
5055,Uttarakhand,Pauri,29.681667,79.061107,1221.0,41.493,325.866
5056,Uttarakhand,Pauri,29.689263,79.072339,1170.0,36.468,19.62
5057,Uttarakhand,Pauri,29.692,78.908,959.0,21.189,189.985
5058,Uttarakhand,Pauri,29.713777,79.098999,1499.0,27.977,61.187
5059,Uttarakhand,Pauri,29.757315,79.020186,1857.0,26.979,42.918
5060,Uttarakhand,Pauri,29.761732,79.015934,1976.0,21.172,278.671
5061,Uttarakhand,Pauri,29.76765,79.106814,1812.0,32.667,79.914
5062,Uttarakhand,Pauri,29.769875,79.119965,1892.0,17.974,4.574
5063,Uttarakhand,Pauri,29.770984,79.117456,1907.0,28.957,340.326
5064,Uttarakhand,Pauri,29.779072,79.03504,1918.0,20.36,21.258
5065,Uttarakhand,Pauri,29.784633,78.549221,908.0,10.985,46.04
5066,Uttarakhand,Pauri,29.788787,78.594795,688.0,35.343,256.074
5067,Uttarakhand,Pauri,29.790482,78.890662,1145.0,12.957,255.299
5068,Uttarakhand,Pauri,29.793601,78.426796,583.0,21.286,348.506
5069,Uttarakhand,Pauri,29.794827,78.529297,889.0,32.104,354.319
5070,Uttarakhand,Pauri,29.794958,78.596622,677.0,19.277,38.429
5071,Uttarakhand,Pauri,29.795217,78.59856,768.0,39.856,244.847
5072,Uttarakhand,Pauri,29.799361,78.754465,1401.0,29.181,24.651
5073,Uttarakhand,Pauri,29.799533,78.753783,1423.0,26.578,4.748
5074,Uttarakhand,Pauri,29.808045,78.598895,741.0,11.194,182.999
5075,Uttarakhand,Pauri,29.808248,78.612736,765.0,6.254,250.859
5076,Uttarakhand,Pauri,29.809027,78.60608,818.0,19.413,17.084
5077,Uttarakhand,Pauri,29.809216,78.613298,779.0,12.823,287.218
5078,Uttarakhand,Pauri,29.810561,78.593752,730.0,11.373,52.921
5079,Uttarakhand,Pauri,29.813,78.904,992.0,31.344,306.154
5080,Uttarakhand,Pauri,29.814,78.927,1100.0,32.277,17.653
5081,Uttarakhand,Pauri,29.814589,78.609862,792.0,27.844,308.369
5082,Uttarakhand,Pauri,29.817,78.937,1162.0,34.384,3.904
5083,Uttarakhand,Pauri,29.822439,78.542017,1297.0,23.475,6.847
5084,Uttarakhand,Pauri,29.823459,79.06736,1335.0,29.382,11.133
5085,Uttarakhand,Pauri,29.825291,78.951698,1257.0,31.031,336.68
5086,Uttarakhand,Pauri,29.83161,78.897483,947.0,24.92,57.88
5087,Uttarakhand,Pauri,29.833155,79.05763,1404.0,27.052,295.529
5088,Uttarakhand,Pauri,29.837812,78.980182,1140.0,30.638,72.342
5089,Uttarakhand,Pauri,29.847442,79.086055,1726.0,22.508,271.242
5090,Uttarakhand,Pauri,29.855822,78.828401,1136.0,24.971,249.092
5091,Uttarakhand,Pauri,29.857,78.81,1472.0,34.76,90.0
5092,Uttarakhand,Pauri,29.858827,78.824634,1156.0,31.357,129.338
5093,Uttarakhand,Pauri,29.862501,78.723117,1347.0,30.587,252.761
5094,Uttarakhand,Pauri,29.86465,78.595345,1009.0,25.327,143.774
5095,Uttarakhand,Pauri,29.87,78.797,1316.0,24.401,180.0
5096,Uttarakhand,Pauri,29.875524,78.515601,1151.0,27.018,66.098
5097,Uttarakhand,Pauri,29.877599,78.752605,884.0,38.93,138.169
5098,Uttarakhand,Pauri,29.878412,78.449121,1347.0,22.994,246.283
5099,Uttarakhand,Pauri,29.882055,78.611968,958.0,12.843,268.871
5100,Uttarakhand,Pauri,29.895765,79.124397,1845.0,24.674,36.706
5101,Uttarakhand,Pauri,29.896437,78.707455,1092.0,25.991,267.36
5102,Uttarakhand,Pauri,29.898006,78.858767,1011.0,24.238,196.72
5103,Uttarakhand,Pauri,29.898245,78.859359,1004.0,27.14,219.55
5104,Uttarakhand,Pauri,29.900767,78.506237,1039.0,30.855,74.296
5105,Uttarakhand,Pauri,29.902383,78.713652,897.0,32.533,180.931
5106,Uttarakhand,Pauri,29.906565,79.034338,1364.0,22.662,317.923
5107,Uttarakhand,Pauri,29.909702,78.635017,1305.0,31.8,358.563
5108,Uttarakhand,Pauri,29.914489,78.394409,1200.0,27.039,254.692
5109,Uttarakhand,Pauri,29.91541,78.806832,1022.0,17.957,68.026
5110,Uttarakhand,Pauri,29.918065,78.676453,1318.0,33.912,127.443
5111,Uttarakhand,Pauri,29.918732,78.59211,1291.0,23.815,115.303
5112,Uttarakhand,Pauri,29.92417,78.622268,1755.0,15.864,259.988
5113,Uttarakhand,Pauri,29.933576,78.874352,1624.0,24.177,59.983
5114,Uttarakhand,Pauri,29.933772,78.591131,1505.0,27.251,99.537
5115,Uttarakhand,Pauri,29.934976,78.591151,1510.0,23.82,55.267
5116,Uttarakhand,Pauri,29.935625,78.744499,646.0,24.307,219.135
5117,Uttarakhand,Pauri,29.941021,78.358445,1026.0,27.675,293.201
5118,Uttarakhand,Pauri,29.942171,78.482875,1397.0,32.931,75.543
5119,Uttarakhand,Pauri,29.942611,79.077556,1685.0,25.451,28.634
5120,Uttarakhand,Pauri,29.943208,78.578758,1614.0,24.657,142.427
5121,Uttarakhand,Pauri,29.943316,79.054447,1891.0,29.324,281.999
5122,Uttarakhand,Pauri,29.943743,78.477895,1509.0,29.204,239.587
5123,Uttarakhand,Pauri,29.956144,78.160094,430.0,22.989,5.61
5124,Uttarakhand,Pauri,29.956919,78.69335,809.0,30.942,276.021
5125,Uttarakhand,Pauri,29.959609,78.524587,818.0,26.853,10.025
5126,Uttarakhand,Pauri,29.961027,78.472414,1273.0,26.813,118.099
5127,Uttarakhand,Pauri,29.97143,79.068181,1892.0,18.899,343.277
5128,Uttarakhand,Pauri,29.974498,78.908928,1774.0,15.447,61.876
5129,Uttarakhand,Pauri,29.976262,78.781953,743.0,19.769,241.648
5130,Uttarakhand,Pauri,29.978565,79.02029,1481.0,24.315,48.239
5131,Uttarakhand,Pauri,29.981024,78.470634,1198.0,12.271,38.305
5132,Uttarakhand,Pauri,29.981548,78.934153,1793.0,34.548,296.334
5133,Uttarakhand,Pauri,29.984677,78.478837,1051.0,24.045,91.731
5134,Uttarakhand,Pauri,29.985785,78.476349,1153.0,26.021,93.164
5135,Uttarakhand,Pauri,29.986186,78.530342,1270.0,25.125,146.435
5136,Uttarakhand,Pauri,29.989598,78.478211,1090.0,26.273,55.025
5137,Uttarakhand,Pauri,29.99231,78.42799,1163.0,22.104,193.288
5138,Uttarakhand,Pauri,29.993858,78.798072,711.0,10.722,211.358
5139,Uttarakhand,Pauri,29.998308,78.806018,813.0,24.963,30.829
5140,Uttarakhand,Pauri,29.998585,78.545293,1250.0,28.784,231.586
5141,Uttarakhand,Pauri,29.998644,78.805098,826.0,17.712,16.996
5142,Uttarakhand,Pauri,29.999664,78.800898,934.0,27.509,16.787
5143,Uttarakhand,Pauri,30.018083,79.096333,1781.0,26.087,180.607
5144,Uttarakhand,Pauri,30.03153,79.076055,2033.0,23.23,36.317
5145,Uttarakhand,Pauri,30.0805,78.34372222,944.0,22.435,163.193
5146,Uttarakhand,Pauri,30.098298,79.094485,1962.0,20.518,37.617
5147,Uttarakhand,Pauri,30.100453,79.038016,1554.0,17.18,140.35
5148,Uttarakhand,Pauri,30.101302,79.03806,1538.0,5.924,149.975
5149,Uttarakhand,Pithoragarh,29.491556,80.130528,533.0,30.375,319.346
5150,Uttarakhand,Pithoragarh,29.50587,80.290045,1607.0,30.582,241.887
5151,Uttarakhand,Pithoragarh,29.506185,80.290165,1601.0,28.736,238.93
5152,Uttarakhand,Pithoragarh,29.509016,80.303447,1631.0,15.346,41.163
5153,Uttarakhand,Pithoragarh,29.538607,80.256731,1757.0,17.004,151.792
5154,Uttarakhand,Pithoragarh,29.544136,80.312749,1242.0,20.986,135.583
5155,Uttarakhand,Pithoragarh,29.544509,80.312151,1242.0,23.838,134.54
5156,Uttarakhand,Pithoragarh,29.555841,80.347144,537.0,25.064,40.648
5157,Uttarakhand,Pithoragarh,29.601952,80.357774,1489.0,18.189,131.006
5158,Uttarakhand,Pithoragarh,29.603252,80.351608,1508.0,20.065,163.569
5159,Uttarakhand,Pithoragarh,29.615535,80.003424,1127.0,29.602,213.068
5160,Uttarakhand,Pithoragarh,29.618156,80.259177,1724.0,30.012,224.96
5161,Uttarakhand,Pithoragarh,29.631806,80.385531,1597.0,19.011,167.88
5162,Uttarakhand,Pithoragarh,29.632504,80.381304,1575.0,21.465,213.501
5163,Uttarakhand,Pithoragarh,29.633552,80.25202,1347.0,17.949,190.106
5164,Uttarakhand,Pithoragarh,29.642806,80.354707,1202.0,32.366,80.619
5165,Uttarakhand,Pithoragarh,29.644778,80.355423,1170.0,32.726,81.56
5166,Uttarakhand,Pithoragarh,29.65775,80.208133,1012.0,26.535,8.332
5167,Uttarakhand,Pithoragarh,29.672028,80.26343,1743.0,23.068,121.825
5168,Uttarakhand,Pithoragarh,29.672165,80.2623,1778.0,19.425,139.835
5169,Uttarakhand,Pithoragarh,29.675222,80.231361,1168.0,31.889,53.703
5170,Uttarakhand,Pithoragarh,29.686914,80.256746,1538.0,16.012,326.049
5171,Uttarakhand,Pithoragarh,29.688529,80.00186,1475.0,38.57,305.859
5172,Uttarakhand,Pithoragarh,29.696889,80.246444,1446.0,16.742,52.252
5173,Uttarakhand,Pithoragarh,29.705019,80.260126,1612.0,33.068,56.504
5174,Uttarakhand,Pithoragarh,29.713207,80.360451,1017.0,18.583,118.746
5175,Uttarakhand,Pithoragarh,29.715924,80.276865,1236.0,29.881,69.404
5176,Uttarakhand,Pithoragarh,29.716861,80.186208,1297.0,31.296,208.451
5177,Uttarakhand,Pithoragarh,29.72366667,80.29602778,1424.0,34.597,327.834
5178,Uttarakhand,Pithoragarh,29.727222,80.276917,1354.0,28.338,145.539
5179,Uttarakhand,Pithoragarh,29.7375,80.30286111,1558.0,15.117,131.687
5180,Uttarakhand,Pithoragarh,29.737689,80.272525,1385.0,20.494,94.825
5181,Uttarakhand,Pithoragarh,29.7415,80.2725,1415.0,26.045,59.024
5182,Uttarakhand,Pithoragarh,29.755267,79.931504,1740.0,24.726,332.572
5183,Uttarakhand,Pithoragarh,29.756051,79.901721,1544.0,22.894,8.454
5184,Uttarakhand,Pithoragarh,29.75833,80.3475,1140.0,27.454,9.747
5185,Uttarakhand,Pithoragarh,29.75888889,80.34944444,1111.0,21.226,63.191
5186,Uttarakhand,Pithoragarh,29.778829,79.834544,931.0,38.329,0.75
5187,Uttarakhand,Pithoragarh,29.79944444,80.25019444,1617.0,14.402,11.628
5188,Uttarakhand,Pithoragarh,29.825306,80.090917,1389.0,26.914,26.664
5189,Uttarakhand,Pithoragarh,29.82917,80.36611,729.0,4.239,303.049
5190,Uttarakhand,Pithoragarh,29.84363889,80.16125,1073.0,39.866,191.807
5191,Uttarakhand,Pithoragarh,29.84861111,80.15691667,862.0,6.967,317.313
5192,Uttarakhand,Pithoragarh,29.850942,80.016361,1905.0,26.999,141.683
5193,Uttarakhand,Pithoragarh,29.86466667,80.16494444,982.0,24.985,289.131
5194,Uttarakhand,Pithoragarh,29.87694,80.5625,945.0,16.021,34.002
5195,Uttarakhand,Pithoragarh,29.88,80.56,1172.0,36.37,16.761
5196,Uttarakhand,Pithoragarh,29.955352,80.126755,1136.0,35.838,63.797
5197,Uttarakhand,Pithoragarh,29.96055556,80.61472222,1181.0,22.102,204.915
5198,Uttarakhand,Pithoragarh,29.98,80.65,2793.0,35.89,334.989
5199,Uttarakhand,Pithoragarh,29.98,80.58,1351.0,41.689,8.707
5200,Uttarakhand,Pithoragarh,29.98,80.63,2350.0,20.068,245.29
5201,Uttarakhand,Pithoragarh,29.985586,80.088422,1244.0,24.51,241.137
5202,Uttarakhand,Pithoragarh,30.000678,80.140338,1573.0,27.455,50.23
5203,Uttarakhand,Pithoragarh,30.001448,80.73041,1684.0,41.355,347.062
5204,Uttarakhand,Pithoragarh,30.011826,80.082283,1477.0,26.069,227.917
5205,Uttarakhand,Pithoragarh,30.01742,80.150755,1549.0,36.182,73.224
5206,Uttarakhand,Pithoragarh,30.031921,80.197792,2531.0,32.91,279.588
5207,Uttarakhand,Pithoragarh,30.040403,80.192832,2601.0,40.916,333.705
5208,Uttarakhand,Pithoragarh,30.05253,80.220333,2730.0,43.251,332.04
5209,Uttarakhand,Pithoragarh,30.064063,80.24567,2127.0,16.471,189.089
5210,Uttarakhand,Pithoragarh,30.081323,80.242364,1935.0,26.252,91.044
5211,Uttarakhand,Pithoragarh,30.091267,80.240736,2028.0,35.023,72.853
5212,Uttarakhand,Pithoragarh,30.105912,80.243454,1818.0,39.912,92.154
5213,Uttarakhand,Pithoragarh,30.1075,80.23639,1770.0,28.158,61.971
5214,Uttarakhand,Pithoragarh,30.122033,80.241184,1805.0,31.696,75.252
5215,Uttarakhand,Pithoragarh,30.52,79.49,1628.0,36.687,25.271
5216,Uttarakhand,Pithoragarh,30.52,79.49,1628.0,36.687,25.271
5217,Uttarakhand,Pithoragarh,30.52,79.49,1628.0,36.687,25.271
5218,Uttarakhand,Rudraprayag,30.264194,79.086694,1433.0,35.512,209.705
5219,Uttarakhand,Rudraprayag,30.281218,78.968077,670.0,32.372,55.963
5220,Uttarakhand,Rudraprayag,30.292767,78.977537,716.0,32.842,97.597
5221,Uttarakhand,Rudraprayag,30.292944,79.115889,958.0,28.116,96.759
5222,Uttarakhand,Rudraprayag,30.293083,79.109111,905.0,7.786,162.282
5223,Uttarakhand,Rudraprayag,30.293777,78.978017,696.0,30.683,97.831
5224,Uttarakhand,Rudraprayag,30.295278,79.1345,1105.0,25.653,151.537
5225,Uttarakhand,Rudraprayag,30.295936,78.979954,716.0,34.748,302.07
5226,Uttarakhand,Rudraprayag,30.302889,78.873035,1495.0,34.713,13.462
5227,Uttarakhand,Rudraprayag,30.304416,78.875173,1538.0,32.506,33.722
5228,Uttarakhand,Rudraprayag,30.319417,79.026444,862.0,14.103,72.306
5229,Uttarakhand,Rudraprayag,30.321639,79.016611,1016.0,21.647,129.328
5230,Uttarakhand,Rudraprayag,30.328006,78.96945,780.0,37.075,273.067
5231,Uttarakhand,Rudraprayag,30.350583,79.030611,1552.0,30.794,233.461
5232,Uttarakhand,Rudraprayag,30.3536733,78.95996,849.0,23.522,101.307
5233,Uttarakhand,Rudraprayag,30.366078,79.006072,1219.0,36.97,335.918
5234,Uttarakhand,Rudraprayag,30.377362,78.895729,1356.0,29.043,290.353
5235,Uttarakhand,Rudraprayag,30.378534,78.956328,1448.0,26.777,351.097
5236,Uttarakhand,Rudraprayag,30.380179,78.938848,1370.0,26.616,331.449
5237,Uttarakhand,Rudraprayag,30.38711,79.01709,794.0,26.567,239.8
5238,Uttarakhand,Rudraprayag,30.391674,78.838334,2182.0,28.018,335.732
5239,Uttarakhand,Rudraprayag,30.393556,79.030528,795.0,10.814,225.136
5240,Uttarakhand,Rudraprayag,30.393917,79.031861,807.0,16.483,220.626
5241,Uttarakhand,Rudraprayag,30.397972,78.880502,1586.0,29.364,343.327
5242,Uttarakhand,Rudraprayag,30.400962,78.880447,1710.0,20.118,264.37
5243,Uttarakhand,Rudraprayag,30.402119,79.037557,844.0,26.075,17.336
5244,Uttarakhand,Rudraprayag,30.413539,78.911542,1278.0,24.664,54.752
5245,Uttarakhand,Rudraprayag,30.44125,79.07475,887.0,26.271,258.984
5246,Uttarakhand,Rudraprayag,30.44132,78.916154,1760.0,25.477,28.757
5247,Uttarakhand,Rudraprayag,30.45,79.0761,898.0,24.877,270.0
5248,Uttarakhand,Rudraprayag,30.4541,79.0741,908.0,13.132,249.724
5249,Uttarakhand,Rudraprayag,30.459511,79.07582,921.0,23.789,292.78
5250,Uttarakhand,Rudraprayag,30.488126,79.085297,1015.0,32.12,274.925
5251,Uttarakhand,Rudraprayag,30.488694,79.093639,1210.0,30.198,211.899
5252,Uttarakhand,Rudraprayag,30.496275,79.135935,1721.0,29.832,303.249
5253,Uttarakhand,Rudraprayag,30.501722,79.095806,1403.0,24.555,235.236
5254,Uttarakhand,Rudraprayag,30.5036,79.088,1018.0,10.45,261.598
5255,Uttarakhand,Rudraprayag,30.506167,79.202472,2583.0,27.51,211.368
5256,Uttarakhand,Rudraprayag,30.510412,79.137127,1712.0,24.868,30.408
5257,Uttarakhand,Rudraprayag,30.51394444,79.06708333,1344.0,23.867,47.933
5258,Uttarakhand,Rudraprayag,30.516722,79.0805,1379.0,46.605,71.17
5259,Uttarakhand,Rudraprayag,30.517355,79.134621,1999.0,19.11,3.451
5260,Uttarakhand,Rudraprayag,30.531963,79.083031,1417.0,32.599,65.961
5261,Uttarakhand,Rudraprayag,30.533971,79.099886,1267.0,40.871,229.937
5262,Uttarakhand,Rudraprayag,30.5488,79.074,1437.0,38.116,82.103
5263,Uttarakhand,Rudraprayag,30.5542,79.0503,1484.0,39.866,43.888
5264,Uttarakhand,Rudraprayag,30.566833,79.081778,1284.0,17.487,83.451
5265,Uttarakhand,Rudraprayag,30.570134,79.12356,1453.0,24.806,69.522
5266,Uttarakhand,Rudraprayag,30.5735,79.122222,1606.0,40.862,17.187
5267,Uttarakhand,Rudraprayag,30.58447222,79.02352778,1630.0,36.644,65.758
5268,Uttarakhand,Rudraprayag,30.587472,79.142444,1924.0,27.066,69.952
5269,Uttarakhand,Rudraprayag,30.591829,79.143327,1945.0,32.759,39.838
5270,Uttarakhand,Rudraprayag,30.5942,79.0202,1687.0,17.975,101.175
5271,Uttarakhand,Rudraprayag,30.602111,79.175389,1642.0,30.679,357.984
5272,Uttarakhand,Rudraprayag,30.60880556,79.02022222,1607.0,18.367,106.504
5273,Uttarakhand,Rudraprayag,30.61,79.01,1790.0,19.908,74.903
5274,Uttarakhand,Rudraprayag,30.620833,79.019444,1923.0,46.858,324.747
5275,Uttarakhand,Rudraprayag,30.624167,79.015833,2020.0,42.561,282.141
5276,Uttarakhand,Rudraprayag,30.629131,78.994628,1858.0,33.603,79.09
5277,Uttarakhand,Rudraprayag,30.62975,79.217806,3223.0,33.309,40.647
5278,Uttarakhand,Rudraprayag,30.635966,79.001953,1786.0,26.214,6.086
5279,Uttarakhand,Rudraprayag,30.636711,79.001731,1847.0,37.151,13.547
5280,Uttarakhand,Rudraprayag,30.647939,79.023852,1943.0,6.628,324.263
5281,Uttarakhand,Rudraprayag,30.649708,79.024394,1980.0,13.236,43.479
5282,Uttarakhand,Rudraprayag,30.660926,79.036781,2282.0,35.828,259.606
5283,Uttarakhand,Rudraprayag,30.661636,79.034019,2151.0,38.683,38.761
5284,Uttarakhand,Rudraprayag,30.694262,79.057077,2826.0,39.556,235.937
5285,Uttarakhand,Rudraprayag,30.705885,79.066733,3160.0,22.406,261.227
5286,Uttarakhand,Rudraprayag,30.713889,79.069444,3267.0,21.905,42.503
5287,Uttarakhand,Tehri,30.059677,78.485091,493.0,31.861,69.26
5288,Uttarakhand,Tehri,30.063994,78.487419,499.0,31.525,59.653
5289,Uttarakhand,Tehri,30.076641,78.497295,433.0,20.227,1.614
5290,Uttarakhand,Tehri,30.0809,78.5555,985.0,32.204,352.423
5291,Uttarakhand,Tehri,30.086561,78.577748,883.0,36.88,336.341
5292,Uttarakhand,Tehri,30.120586,78.576575,809.0,31.96,134.293
5293,Uttarakhand,Tehri,30.12292,78.381461,460.0,32.653,354.42
5294,Uttarakhand,Tehri,30.123441,78.422545,485.0,35.084,305.585
5295,Uttarakhand,Tehri,30.1252,78.5968,550.0,37.439,26.159
5296,Uttarakhand,Tehri,30.137175,78.593921,600.0,27.496,81.064
5297,Uttarakhand,Tehri,30.145247,78.596294,524.0,32.322,72.226
5298,Uttarakhand,Tehri,30.1463,78.5967,515.0,27.035,85.962
5299,Uttarakhand,Tehri,30.148771,78.605412,575.0,28.045,65.066
5300,Uttarakhand,Tehri,30.150832,78.606805,607.0,29.857,34.756
5301,Uttarakhand,Tehri,30.15349,78.599549,539.0,28.667,62.078
5302,Uttarakhand,Tehri,30.163511,78.617044,599.0,34.824,83.326
5303,Uttarakhand,Tehri,30.18193,78.583664,657.0,35.274,87.452
5304,Uttarakhand,Tehri,30.182415,78.61009,910.0,25.795,67.603
5305,Uttarakhand,Tehri,30.184147,78.576355,743.0,30.2,44.135
5306,Uttarakhand,Tehri,30.192521,78.639536,617.0,41.746,47.198
5307,Uttarakhand,Tehri,30.2087,78.6471,555.0,22.818,21.753
5308,Uttarakhand,Tehri,30.224323,78.632385,1411.0,28.661,12.077
5309,Uttarakhand,Tehri,30.24853,78.599226,1011.0,16.314,4.075
5310,Uttarakhand,Tehri,30.252814,78.789425,1138.0,38.526,87.737
5311,Uttarakhand,Tehri,30.254054,78.729708,786.0,23.545,281.897
5312,Uttarakhand,Tehri,30.265378,78.755929,897.0,17.971,19.675
5313,Uttarakhand,Tehri,30.27319,78.667446,1260.0,30.268,266.47
5314,Uttarakhand,Tehri,30.274381,78.569734,1422.0,29.557,335.625
5315,Uttarakhand,Tehri,30.276128,78.84054,1252.0,26.151,72.429
5316,Uttarakhand,Tehri,30.276139,78.609667,1574.0,28.017,314.477
5317,Uttarakhand,Tehri,30.280529,78.614806,1436.0,29.07,120.598
5318,Uttarakhand,Tehri,30.284205,78.536901,1158.0,16.489,148.186
5319,Uttarakhand,Tehri,30.284444,78.717828,904.0,18.19,293.353
5320,Uttarakhand,Tehri,30.287412,78.606378,1794.0,24.609,66.905
5321,Uttarakhand,Tehri,30.300904,78.71809,1093.0,31.525,44.743
5322,Uttarakhand,Tehri,30.301953,78.761592,1155.0,33.523,117.454
5323,Uttarakhand,Tehri,30.302234,78.60649,1660.0,25.994,283.857
5324,Uttarakhand,Tehri,30.307156,78.851956,1400.0,30.329,317.48
5325,Uttarakhand,Tehri,30.310456,78.858266,1423.0,34.664,108.558
5326,Uttarakhand,Tehri,30.324382,78.70874,1028.0,21.06,90.0
5327,Uttarakhand,Tehri,30.325698,78.724022,1277.0,23.115,80.918
5328,Uttarakhand,Tehri,30.327972,78.5715,1701.0,26.598,343.704
5329,Uttarakhand,Tehri,30.33881,78.642096,1292.0,30.981,341.818
5330,Uttarakhand,Tehri,30.343772,78.638998,1345.0,35.13,12.387
5331,Uttarakhand,Tehri,30.363675,78.559794,1088.0,31.132,268.722
5332,Uttarakhand,Tehri,30.364468,78.54176,902.0,29.079,127.283
5333,Uttarakhand,Tehri,30.369968,78.562373,911.0,28.142,177.769
5334,Uttarakhand,Tehri,30.375383,78.506109,916.0,28.596,105.288
5335,Uttarakhand,Tehri,30.376082,78.523113,915.0,30.044,98.036
5336,Uttarakhand,Tehri,30.376693,78.506339,898.0,26.688,100.294
5337,Uttarakhand,Tehri,30.377506,78.517044,924.0,25.483,205.216
5338,Uttarakhand,Tehri,30.381528,78.790101,1751.0,28.695,292.685
5339,Uttarakhand,Tehri,30.383434,78.762719,1467.0,34.325,335.203
5340,Uttarakhand,Tehri,30.385,78.174694,1148.0,24.621,56.037
5341,Uttarakhand,Tehri,30.385542,78.579755,1147.0,34.694,315.009
5342,Uttarakhand,Tehri,30.391191,78.828239,2174.0,28.624,13.799
5343,Uttarakhand,Tehri,30.392841,78.73521,1249.0,10.518,310.78
5344,Uttarakhand,Tehri,30.400834,78.584741,1208.0,37.528,6.228
5345,Uttarakhand,Tehri,30.401738,78.710052,1096.0,25.702,356.899
5346,Uttarakhand,Tehri,30.402093,78.606398,894.0,16.521,288.542
5347,Uttarakhand,Tehri,30.402361,78.212722,1326.0,32.223,64.234
5348,Uttarakhand,Tehri,30.404874,78.513087,1476.0,27.376,311.906
5349,Uttarakhand,Tehri,30.41035,78.7841033,2072.0,9.316,163.397
5350,Uttarakhand,Tehri,30.417926,78.61301,1031.0,34.413,21.404
5351,Uttarakhand,Tehri,30.418806,78.518167,1448.0,21.419,264.745
5352,Uttarakhand,Tehri,30.420445,78.617552,991.0,26.806,106.527
5353,Uttarakhand,Tehri,30.421774,78.635116,951.0,22.019,345.073
5354,Uttarakhand,Tehri,30.425411,78.587836,1070.0,34.235,299.237
5355,Uttarakhand,Tehri,30.428758,78.586675,1142.0,32.046,318.264
5356,Uttarakhand,Tehri,30.429732,78.646044,910.0,35.904,302.666
5357,Uttarakhand,Tehri,30.435627,78.677988,1011.0,35.552,168.649
5358,Uttarakhand,Tehri,30.435654,78.642167,928.0,34.116,268.48
5359,Uttarakhand,Tehri,30.438137,78.728261,1395.0,17.577,136.313
5360,Uttarakhand,Tehri,30.44308,78.676199,1006.0,22.261,340.676
5361,Uttarakhand,Tehri,30.444392,78.580153,1472.0,29.233,264.935
5362,Uttarakhand,Tehri,30.455816,78.573498,1662.0,21.725,339.325
5363,Uttarakhand,Tehri,30.463515,78.566376,1700.0,17.532,327.02
5364,Uttarakhand,Tehri,30.486563,78.04016,1404.0,28.824,245.402
5365,Uttarakhand,Tehri,30.486934,78.036238,1394.0,34.252,158.444
5366,Uttarakhand,Tehri,30.501111,78.439722,1454.0,33.931,303.192
5367,Uttarakhand,Tehri,30.501944,78.626722,1045.0,24.547,96.777
5368,Uttarakhand,Tehri,30.509111,78.653694,1423.0,19.025,266.266
5369,Uttarakhand,Tehri,30.509667,78.638472,1154.0,18.207,175.455
5370,Uttarakhand,Tehri,30.519667,78.592722,1427.0,35.195,309.085
5371,Uttarakhand,Tehri,30.521694,78.515444,1515.0,22.69,329.25
5372,Uttarakhand,Tehri,30.522603,78.285268,1972.0,35.544,88.919
5373,Uttarakhand,Tehri,30.524778,78.566667,1691.0,13.938,109.012
5374,Uttarakhand,Tehri,30.526194,77.990222,862.0,27.215,301.603
5375,Uttarakhand,Tehri,30.538944,78.797694,1621.0,23.198,65.874
5376,Uttarakhand,Tehri,30.539528,78.791278,1873.0,23.601,12.407
5377,Uttarakhand,Tehri,30.541467,78.029712,1493.0,27.876,296.204
5378,Uttarakhand,Tehri,30.541667,78.489722,1534.0,35.216,120.179
5379,Uttarakhand,Tehri,30.5425,78.795917,1842.0,35.994,37.092
5380,Uttarakhand,Tehri,30.544444,78.802111,1674.0,30.747,48.936
5381,Uttarakhand,Tehri,30.54485,78.807319,1724.0,22.257,276.301
5382,Uttarakhand,Tehri,30.547222,78.806944,1701.0,21.113,250.992
5383,Uttarakhand,Tehri,30.558306,78.807889,1796.0,36.239,47.139
5384,Uttarakhand,Tehri,30.560721,78.009493,928.0,28.321,311.817
5385,Uttarakhand,Tehri,30.564806,78.662194,1686.0,17.838,325.435
5386,Uttarakhand,Tehri,30.568,78.814417,1873.0,33.327,56.407
5387,Uttarakhand,Tehri,30.568161,78.815719,1825.0,6.005,277.359
5388,Uttarakhand,Tehri,30.575492,78.822919,1923.0,22.729,265.079
5389,Uttarakhand,Tehri,30.577639,78.821222,1982.0,29.644,87.738
5390,Uttarakhand,Tehri,30.578306,78.242694,1534.0,30.231,19.889
5391,Uttarakhand,Tehri,30.579889,78.633833,1596.0,27.259,353.605
5392,Uttarakhand,Tehri,30.581528,78.652444,1423.0,28.682,14.356
5393,Uttarakhand,Tehri,30.5835,78.662667,1472.0,22.079,32.698
5394,Uttarakhand,Tehri,30.585833,78.823861,2019.0,29.715,32.64
5395,Uttarakhand,Tehri,30.586944,78.647417,1401.0,6.803,322.245
5396,Uttarakhand,Tehri,30.587167,78.623611,1749.0,16.534,315.328
5397,Uttarakhand,Tehri,30.588611,78.682083,1589.0,19.588,210.876
5398,Uttarakhand,Tehri,30.589639,78.620889,1743.0,20.613,313.836
5399,Uttarakhand,Tehri,30.590889,78.681389,1573.0,24.254,14.76
5400,Uttarakhand,Tehri,30.593952,78.063307,1679.0,32.32,73.078
5401,Uttarakhand,Tehri,30.594667,78.683333,1628.0,20.115,94.22
5402,Uttarakhand,Tehri,30.594722,78.693222,1612.0,19.674,232.007
5403,Uttarakhand,Tehri,30.59472222,78.68147222,1732.0,26.558,73.825
5404,Uttarakhand,Tehri,30.595444,78.6745,1751.0,23.461,31.938
5405,Uttarakhand,Tehri,30.596401,78.023705,1320.0,29.84,225.195
5406,Uttarakhand,Tehri,30.596528,78.054361,1597.0,22.107,44.953
5407,Uttarakhand,Tehri,30.597795,78.073814,1737.0,30.464,55.592
5408,Uttarakhand,Tehri,30.600806,78.654333,1972.0,14.811,291.944
5409,Uttarakhand,Tehri,30.601806,78.671861,1898.0,26.679,105.024
5410,Uttarakhand,Tehri,30.609139,78.594028,1988.0,23.039,109.111
5411,Uttarakhand,Tehri,30.613861,78.636889,1617.0,26.254,295.92
5412,Uttarakhand,Tehri,30.619056,78.089278,1634.0,27.089,316.061
5413,Uttarakhand,Tehri,30.645583,78.657111,1956.0,20.473,78.198
5414,Uttarakhand,Uttarakhand,30.36980556,79.31191667,1003.0,31.875,298.472
5415,Uttarakhand,Uttarakhand,30.376,79.319,989.0,36.228,217.158
5416,Uttarakhand,Uttarakhand,30.48783333,79.08502778,990.0,25.784,276.943
5417,Uttarakhand,Uttarkashi,30.527222,78.427778,1891.0,29.01,310.39
5418,Uttarakhand,Uttarkashi,30.554194,78.500944,1385.0,17.782,277.241
5419,Uttarakhand,Uttarkashi,30.5658,78.325,863.0,22.727,94.921
5420,Uttarakhand,Uttarkashi,30.6061,78.3144,903.0,30.031,108.576
5421,Uttarakhand,Uttarkashi,30.6144,78.3169,865.0,16.702,49.934
5422,Uttarakhand,Uttarkashi,30.619417,78.165222,2242.0,27.208,138.708
5423,Uttarakhand,Uttarkashi,30.6286,78.315,1107.0,32.282,268.778
5424,Uttarakhand,Uttarkashi,30.635629,78.327409,937.0,35.436,82.018
5425,Uttarakhand,Uttarkashi,30.651667,78.3025,1239.0,22.844,255.174
5426,Uttarakhand,Uttarkashi,30.6517586,78.3323707,1042.0,36.971,65.312
5427,Uttarakhand,Uttarkashi,30.7175,78.3508,1000.0,24.268,44.982
5428,Uttarakhand,Uttarkashi,30.7175,78.3508,1000.0,24.268,44.982
5429,Uttarakhand,Uttarkashi,30.7175,78.3508,1000.0,24.268,44.982
5430,Uttarakhand,Uttarkashi,30.7175,78.3508,1000.0,24.268,44.982
5431,Uttarakhand,Uttarkashi,30.719083,78.500222,2023.0,41.423,95.843
5432,Uttarakhand,Uttarkashi,30.729167,78.405556,1070.0,6.595,201.195
5433,Uttarakhand,Uttarkashi,30.7425,78.485278,1214.0,5.061,139.528
5434,Uttarakhand,Uttarkashi,30.7425,78.4927,1249.0,27.062,306.089
5435,Uttarakhand,Uttarkashi,30.748889,78.452056,1167.0,12.116,71.709
5436,Uttarakhand,Uttarkashi,30.752059,78.432813,1823.0,20.781,119.809
5437,Uttarakhand,Uttarkashi,30.753886,78.176098,2226.0,24.729,43.808
5438,Uttarakhand,Uttarkashi,30.754991,78.101161,1436.0,33.442,186.818
5439,Uttarakhand,Uttarkashi,30.755833,78.334722,1579.0,29.363,326.125
5440,Uttarakhand,Uttarkashi,30.755944,78.571294,1419.0,30.297,2.051
5441,Uttarakhand,Uttarkashi,30.757788,78.19654,2378.0,23.58,356.567
5442,Uttarakhand,Uttarkashi,30.760108,78.449771,1450.0,38.538,63.184
5443,Uttarakhand,Uttarkashi,30.760121,78.436863,1695.0,29.845,59.933
5444,Uttarakhand,Uttarkashi,30.761517,78.456225,1212.0,26.426,281.998
5445,Uttarakhand,Uttarkashi,30.764722,78.454167,1203.0,10.368,90.0
5446,Uttarakhand,Uttarkashi,30.765,78.366528,1443.0,21.437,279.88
5447,Uttarakhand,Uttarkashi,30.766447,78.476099,1642.0,45.799,58.095
5448,Uttarakhand,Uttarkashi,30.767467,78.272948,2138.0,26.255,287.487
5449,Uttarakhand,Uttarkashi,30.769667,78.450889,1262.0,26.517,103.006
5450,Uttarakhand,Uttarkashi,30.769861,78.453333,1237.0,20.169,312.265
5451,Uttarakhand,Uttarkashi,30.776302,78.610469,1557.0,31.255,208.278
5452,Uttarakhand,Uttarkashi,30.778109,78.453034,1292.0,21.161,271.995
5453,Uttarakhand,Uttarkashi,30.778383,78.114612,1163.0,40.302,249.542
5454,Uttarakhand,Uttarkashi,30.778389,78.264056,2179.0,22.408,235.498
5455,Uttarakhand,Uttarkashi,30.781557,78.473662,2383.0,39.0,50.78
5456,Uttarakhand,Uttarkashi,30.783053,78.620929,1602.0,36.243,177.138
5457,Uttarakhand,Uttarkashi,30.783056,78.353611,1943.0,26.383,75.849
5458,Uttarakhand,Uttarkashi,30.7875,78.16375,1459.0,8.918,268.36
5459,Uttarakhand,Uttarkashi,30.792417,78.190667,1425.0,32.142,323.19
5460,Uttarakhand,Uttarkashi,30.797082,78.164209,1297.0,19.986,200.185
5461,Uttarakhand,Uttarkashi,30.800913,78.620694,1604.0,29.811,233.431
5462,Uttarakhand,Uttarkashi,30.801056,78.181583,1211.0,38.402,224.901
5463,Uttarakhand,Uttarkashi,30.807531,78.384143,1992.0,27.29,336.081
5464,Uttarakhand,Uttarkashi,30.807926,78.182602,1206.0,26.497,52.868
5465,Uttarakhand,Uttarkashi,30.808008,78.154754,1304.0,33.799,358.657
5466,Uttarakhand,Uttarkashi,30.813038,78.206671,1225.0,19.592,190.156
5467,Uttarakhand,Uttarkashi,30.814167,78.1075,1230.0,16.306,111.623
5468,Uttarakhand,Uttarkashi,30.816661,78.225947,1340.0,22.25,218.785
5469,Uttarakhand,Uttarkashi,30.817748,78.196639,1362.0,22.16,26.709
5470,Uttarakhand,Uttarkashi,30.817917,78.245556,1325.0,14.134,155.457
5471,Uttarakhand,Uttarkashi,30.819558,78.238525,1314.0,33.695,194.073
5472,Uttarakhand,Uttarkashi,30.827259,78.106793,1378.0,25.088,290.205
5473,Uttarakhand,Uttarkashi,30.832201,78.102429,1320.0,30.635,307.353
5474,Uttarakhand,Uttarkashi,30.832778,78.450417,1577.0,11.975,52.111
5475,Uttarakhand,Uttarkashi,30.833676,78.114396,1495.0,17.26,276.641
5476,Uttarakhand,Uttarkashi,30.839741,78.252093,1308.0,20.948,274.037
5477,Uttarakhand,Uttarkashi,30.840331,78.081408,1594.0,40.8,68.958
5478,Uttarakhand,Uttarkashi,30.844318,78.24888,1359.0,22.913,111.834
5479,Uttarakhand,Uttarkashi,30.845056,78.091889,1370.0,35.811,283.684
5480,Uttarakhand,Uttarkashi,30.846283,78.09154,1374.0,30.211,289.371
5481,Uttarakhand,Uttarkashi,30.846688,78.221297,1528.0,22.913,318.059
5482,Uttarakhand,Uttarkashi,30.847139,78.210833,1296.0,13.233,319.82
5483,Uttarakhand,Uttarkashi,30.847183,78.434089,1954.0,39.753,6.501
5484,Uttarakhand,Uttarkashi,30.8475,78.276667,1346.0,27.951,32.169
5485,Uttarakhand,Uttarkashi,30.847754,78.252552,1365.0,30.533,280.087
5486,Uttarakhand,Uttarkashi,30.848,78.2816,1343.0,13.491,214.539
5487,Uttarakhand,Uttarkashi,30.848,78.2816,1343.0,13.491,214.539
5488,Uttarakhand,Uttarkashi,30.850889,78.283944,1408.0,36.322,278.432
5489,Uttarakhand,Uttarkashi,30.855,78.247222,1364.0,27.941,306.961
5490,Uttarakhand,Uttarkashi,30.85801,78.646741,1756.0,40.357,46.597
5491,Uttarakhand,Uttarkashi,30.859404,78.247945,1532.0,19.737,282.288
5492,Uttarakhand,Uttarkashi,30.859577,78.288161,1510.0,35.824,279.672
5493,Uttarakhand,Uttarkashi,30.859782,78.239581,1449.0,29.192,118.316
5494,Uttarakhand,Uttarkashi,30.861364,78.238401,1478.0,32.538,106.356
5495,Uttarakhand,Uttarkashi,30.863645,78.062658,1881.0,36.305,135.165
5496,Uttarakhand,Uttarkashi,30.864167,78.110056,1802.0,19.511,198.066
5497,Uttarakhand,Uttarkashi,30.866079,78.652035,1820.0,34.782,48.234
5498,Uttarakhand,Uttarkashi,30.867506,78.115189,1735.0,21.023,132.674
5499,Uttarakhand,Uttarkashi,30.867858,78.064105,1690.0,26.936,98.643
5500,Uttarakhand,Uttarkashi,30.868,78.6541,1780.0,38.103,48.363
5501,Uttarakhand,Uttarkashi,30.869194,78.234778,1586.0,32.982,121.271
5502,Uttarakhand,Uttarkashi,30.87,78.286333,1762.0,35.334,318.933
5503,Uttarakhand,Uttarkashi,30.874167,78.303889,1448.0,7.38,319.724
5504,Uttarakhand,Uttarkashi,30.876667,78.308889,1476.0,14.102,228.584
5505,Uttarakhand,Uttarkashi,30.886111,78.239722,1516.0,6.807,285.273
5506,Uttarakhand,Uttarkashi,30.890056,78.315694,1677.0,47.172,49.184
5507,Uttarakhand,Uttarkashi,30.890401,78.240413,1575.0,28.626,98.995
5508,Uttarakhand,Uttarkashi,30.892917,78.239944,1555.0,17.44,113.599
5509,Uttarakhand,Uttarkashi,30.895417,78.238806,1560.0,2.757,32.92
5510,Uttarakhand,Uttarkashi,30.897196,78.325078,1699.0,38.896,45.006
5511,Uttarakhand,Uttarkashi,30.8984873,78.2980529,1826.0,21.045,297.836
5512,Uttarakhand,Uttarkashi,30.899141,78.325632,1719.0,25.547,80.262
5513,Uttarakhand,Uttarkashi,30.901083,78.229722,1691.0,34.25,118.787
5514,Uttarakhand,Uttarkashi,30.903241,78.359805,1883.0,29.205,226.923
5515,Uttarakhand,Uttarkashi,30.904167,78.357778,1802.0,11.389,242.078
5516,Uttarakhand,Uttarkashi,30.904333,78.341944,1808.0,21.021,334.157
5517,Uttarakhand,Uttarkashi,30.904651,78.229605,1661.0,20.408,316.415
5518,Uttarakhand,Uttarkashi,30.905278,78.679444,1938.0,33.32,275.489
5519,Uttarakhand,Uttarkashi,30.90573,78.34671,1798.0,25.331,339.95
5520,Uttarakhand,Uttarkashi,30.906045,78.34462,1834.0,32.956,24.827
5521,Uttarakhand,Uttarkashi,30.907099,78.229524,1731.0,20.675,291.652
5522,Uttarakhand,Uttarkashi,30.931663,78.399319,2078.0,12.071,229.378
5523,Uttarakhand,Uttarkashi,30.937083,78.404389,2150.0,28.638,261.009
5524,Uttarakhand,Uttarkashi,30.939784,78.404248,2140.0,4.1,108.257
5525,Uttarakhand,Uttarkashi,30.944235,78.406575,2190.0,43.877,45.518
5526,Uttarakhand,Uttarkashi,30.944417,78.408222,2194.0,27.014,246.093
5527,Uttarakhand,Uttarkashi,30.948083,77.806389,1649.0,31.364,303.549
5528,Uttarakhand,Uttarkashi,30.951505,78.692052,2265.0,45.193,239.132
5529,Uttarakhand,Uttarkashi,30.956497,78.418747,2317.0,36.285,223.788
5530,Uttarakhand,Uttarkashi,30.957941,78.420209,2301.0,21.044,210.245
5531,Uttarakhand,Uttarkashi,30.959137,78.418616,2371.0,45.771,38.093
5532,Uttarakhand,Uttarkashi,30.963001,78.428537,2401.0,20.758,43.708
5533,Uttarakhand,Uttarkashi,30.964439,78.428892,2434.0,26.019,50.588
5534,Uttarakhand,Uttarkashi,30.964526,78.430284,2419.0,14.327,259.871
5535,Uttarakhand,Uttarkashi,30.966389,78.411944,2490.0,33.103,103.547
5536,Uttarakhand,Uttarkashi,30.968609,78.442736,2610.0,18.156,179.085
5537,Uttarakhand,Uttarkashi,30.968667,78.446361,2627.0,20.856,191.902
5538,Uttarakhand,Uttarkashi,30.96941,78.439245,2569.0,17.327,200.646
5539,Uttarakhand,Uttarkashi,30.970186,78.434355,2517.0,16.876,241.72
5540,Uttarakhand,Uttarkashi,30.970556,78.406111,2763.0,18.703,111.808
5541,Uttarakhand,Uttarkashi,30.972056,77.937639,1115.0,27.135,195.412
5542,Uttarakhand,Uttarkashi,30.973056,78.433472,2495.0,9.936,0.0
5543,Uttarakhand,Uttarkashi,30.99119,78.45545,3009.0,37.86,12.456
5544,Uttarakhand,Uttarkashi,30.995633,77.928842,1449.0,12.983,353.475
5545,Uttarakhand,Uttarkashi,30.999203,77.836029,1157.0,26.382,96.761
5546,Uttarakhand,Uttarkashi,31.13,78.17,2748.0,29.689,25.046
5547,Uttarakhand,Uttarkashi,31.94500556,77.85253056,4987.0,33.969,109.472
5548,West Bengal,Darjeeling,26.8177,88.247,297.0,13.094,275.541
5549,West Bengal,Darjeeling,26.82,88.345,342.0,20.537,331.075
5550,West Bengal,Darjeeling,26.824,88.341,339.0,15.691,306.269
5551,West Bengal,Darjeeling,26.825,88.339,294.0,14.942,311.026
5552,West Bengal,Darjeeling,26.8405,88.354647,536.0,24.674,43.656
5553,West Bengal,Darjeeling,26.84056,88.27071,638.0,29.508,70.529
5554,West Bengal,Darjeeling,26.841,88.275,504.0,30.814,84.815
5555,West Bengal,Darjeeling,26.845506,88.190744,1219.0,25.8,281.795
5556,West Bengal,Darjeeling,26.845982,88.224174,1000.0,27.855,97.816
5557,West Bengal,Darjeeling,26.84637173,88.34205523,713.0,24.878,98.916
5558,West Bengal,Darjeeling,26.846806,88.190304,1226.0,30.252,289.807
5559,West Bengal,Darjeeling,26.84689,88.338191,753.0,22.665,191.826
5560,West Bengal,Darjeeling,26.847365,88.338607,727.0,25.908,182.97
5561,West Bengal,Darjeeling,26.84783333,88.22425,991.0,27.049,99.621
5562,West Bengal,Darjeeling,26.84875,88.263278,933.0,23.133,149.555
5563,West Bengal,Darjeeling,26.848966,88.355296,487.0,16.111,257.426
5564,West Bengal,Darjeeling,26.849114,88.194081,1305.0,30.194,84.241
5565,West Bengal,Darjeeling,26.849463,88.33315,768.0,23.982,84.786
5566,West Bengal,Darjeeling,26.85013889,88.1935,1331.0,18.922,86.996
5567,West Bengal,Darjeeling,26.85033333,88.19208333,1334.0,16.238,293.638
5568,West Bengal,Darjeeling,26.851503,88.193331,1357.0,14.871,46.091
5569,West Bengal,Darjeeling,26.85286562,88.33408032,836.0,26.94,67.115
5570,West Bengal,Darjeeling,26.854096,88.337308,759.0,28.285,12.426
5571,West Bengal,Darjeeling,26.855,88.18666667,1172.0,17.861,270.799
5572,West Bengal,Darjeeling,26.85955556,88.29344444,877.0,28.579,346.641
5573,West Bengal,Darjeeling,26.860752,88.399417,663.0,36.099,300.337
5574,West Bengal,Darjeeling,26.862861,88.193083,1261.0,18.998,249.376
5575,West Bengal,Darjeeling,26.863566,88.190165,1162.0,18.874,253.199
5576,West Bengal,Darjeeling,26.864731,88.395166,457.0,24.165,252.523
5577,West Bengal,Darjeeling,26.86575,88.19522222,1363.0,11.65,252.243
5578,West Bengal,Darjeeling,26.866599,88.243085,799.0,33.54,229.424
5579,West Bengal,Darjeeling,26.871011,88.30868,1018.0,33.571,138.113
5580,West Bengal,Darjeeling,26.871167,88.301778,1329.0,28.191,117.987
5581,West Bengal,Darjeeling,26.871171,88.297518,1533.0,11.313,73.03
5582,West Bengal,Darjeeling,26.871667,88.214972,876.0,22.509,209.879
5583,West Bengal,Darjeeling,26.872454,88.284939,1450.0,26.397,311.347
5584,West Bengal,Darjeeling,26.87255556,88.28508333,1460.0,27.186,310.986
5585,West Bengal,Darjeeling,26.877274,88.313681,1135.0,39.727,0.694
5586,West Bengal,Darjeeling,26.8779184,88.31460343,1194.0,35.122,17.929
5587,West Bengal,Darjeeling,26.879416,88.30386,1169.0,24.888,21.656
5588,West Bengal,Darjeeling,26.880829,88.440901,378.0,34.848,359.171
5589,West Bengal,Darjeeling,26.881389,88.40133,858.0,23.361,356.658
5590,West Bengal,Darjeeling,26.882417,88.165167,1298.0,27.645,270.983
5591,West Bengal,Darjeeling,26.885833,88.349056,607.0,21.567,0.0
5592,West Bengal,Darjeeling,26.885835,88.395558,1003.0,33.044,337.707
5593,West Bengal,Darjeeling,26.88618,88.439126,508.0,40.361,10.585
5594,West Bengal,Darjeeling,26.887222,88.355694,603.0,7.679,2.14
5595,West Bengal,Darjeeling,26.888624,88.17477,1511.0,13.502,279.692
5596,West Bengal,Darjeeling,26.88866667,88.17422222,1500.0,11.709,274.973
5597,West Bengal,Darjeeling,26.89102778,88.18680556,1628.0,5.651,2.918
5598,West Bengal,Darjeeling,26.897654,88.288877,1723.0,24.459,242.348
5599,West Bengal,Darjeeling,26.89805556,88.28663889,1616.0,27.141,215.427
5600,West Bengal,Darjeeling,26.898939,88.425523,655.0,18.443,28.9
5601,West Bengal,Darjeeling,26.90128,88.28801,1711.0,23.098,262.74
5602,West Bengal,Darjeeling,26.901453,88.47085,253.0,34.446,58.407
5603,West Bengal,Darjeeling,26.90301,88.327982,1130.0,36.057,1.982
5604,West Bengal,Darjeeling,26.903893,88.413924,690.0,28.518,35.079
5605,West Bengal,Darjeeling,26.904987,88.351305,1304.0,25.9,35.512
5606,West Bengal,Darjeeling,26.9050488,88.16186482,1677.0,12.425,100.572
5607,West Bengal,Darjeeling,26.907756,88.468958,248.0,20.334,165.839
5608,West Bengal,Darjeeling,26.913667,88.347528,1619.0,23.931,307.391
5609,West Bengal,Darjeeling,26.91391191,88.46705858,194.0,23.178,175.276
5610,West Bengal,Darjeeling,26.914579,88.428785,469.0,23.721,66.506
5611,West Bengal,Darjeeling,26.915,88.2525,1245.0,8.419,293.235
5612,West Bengal,Darjeeling,26.919463,88.465854,208.0,18.367,292.258
5613,West Bengal,Darjeeling,26.91986111,88.1455,1863.0,7.722,353.601
5614,West Bengal,Darjeeling,26.920216,88.315368,1827.0,37.356,50.544
5615,West Bengal,Darjeeling,26.921361,88.344206,1794.0,26.315,98.881
5616,West Bengal,Darjeeling,26.924944,88.499194,586.0,36.289,331.745
5617,West Bengal,Darjeeling,26.926367,88.420773,800.0,23.996,18.474
5618,West Bengal,Darjeeling,26.92871,88.430293,677.0,13.575,40.3
5619,West Bengal,Darjeeling,26.931556,88.398028,1302.0,20.398,194.917
5620,West Bengal,Darjeeling,26.931579,88.547434,617.0,36.548,1.168
5621,West Bengal,Darjeeling,26.932471,88.478042,892.0,29.008,34.286
5622,West Bengal,Darjeeling,26.933052,88.55815,618.0,19.63,327.537
5623,West Bengal,Darjeeling,26.934,88.366,770.0,21.529,152.63
5624,West Bengal,Darjeeling,26.934056,88.527417,537.0,24.875,156.972
5625,West Bengal,Darjeeling,26.93546128,88.44889028,232.0,21.64,146.904
5626,West Bengal,Darjeeling,26.93648,88.565025,626.0,21.649,46.346
5627,West Bengal,Darjeeling,26.938667,88.304611,2035.0,22.772,346.819
5628,West Bengal,Darjeeling,26.941145,88.571441,681.0,26.722,109.818
5629,West Bengal,Darjeeling,26.941589,88.465202,845.0,38.745,291.68
5630,West Bengal,Darjeeling,26.943539,88.569415,733.0,29.076,94.633
5631,West Bengal,Darjeeling,26.944028,88.311611,2091.0,21.391,110.12
5632,West Bengal,Darjeeling,26.944806,88.542192,588.0,25.939,325.269
5633,West Bengal,Darjeeling,26.945149,88.541259,582.0,27.682,326.148
5634,West Bengal,Darjeeling,26.947,88.441,322.0,33.462,109.038
5635,West Bengal,Darjeeling,26.948286,88.451846,368.0,41.606,48.502
5636,West Bengal,Darjeeling,26.94846,88.568639,860.0,39.195,62.083
5637,West Bengal,Darjeeling,26.948662,88.441254,225.0,31.981,135.409
5638,West Bengal,Darjeeling,26.95122319,88.43910965,238.0,32.579,125.69
5639,West Bengal,Darjeeling,26.953829,88.590906,694.0,28.52,105.337
5640,West Bengal,Darjeeling,26.955073,88.542426,718.0,24.531,224.074
5641,West Bengal,Darjeeling,26.95632612,88.121641,2055.0,14.975,109.623
5642,West Bengal,Darjeeling,26.956427,88.542571,678.0,24.067,232.162
5643,West Bengal,Darjeeling,26.95648893,88.12160231,2054.0,13.875,110.212
5644,West Bengal,Darjeeling,26.957349,88.548779,785.0,26.233,228.288
5645,West Bengal,Darjeeling,26.962999,88.702676,461.0,17.32,284.173
5646,West Bengal,Darjeeling,26.970062,88.74011,354.0,14.816,277.807
5647,West Bengal,Darjeeling,26.97039,88.417195,295.0,16.823,108.178
5648,West Bengal,Darjeeling,26.97286057,88.41954739,268.0,14.802,237.05
5649,West Bengal,Darjeeling,26.981198,88.552579,1135.0,28.078,316.393
5650,West Bengal,Darjeeling,26.983514,88.550485,1182.0,28.586,46.178
5651,West Bengal,Darjeeling,26.983593,88.401204,411.0,38.996,152.571
5652,West Bengal,Darjeeling,26.984996,88.465284,535.0,10.434,99.83
5653,West Bengal,Darjeeling,26.985201,88.700452,606.0,14.203,324.722
5654,West Bengal,Darjeeling,26.98612,88.455019,628.0,26.073,114.977
5655,West Bengal,Darjeeling,26.986639,88.562861,1526.0,32.99,349.26
5656,West Bengal,Darjeeling,26.987943,88.455813,571.0,21.483,87.384
5657,West Bengal,Darjeeling,26.989655,88.11836379,2016.0,31.992,82.979
5658,West Bengal,Darjeeling,26.990694,88.420361,281.0,25.719,47.1
5659,West Bengal,Darjeeling,26.992103,88.144828,2070.0,32.791,204.993
5660,West Bengal,Darjeeling,26.99666667,88.42730556,272.0,28.805,29.07
5661,West Bengal,Darjeeling,27.000361,88.459972,415.0,23.992,274.631
5662,West Bengal,Darjeeling,27.0015,88.7025,861.0,26.841,284.916
5663,West Bengal,Darjeeling,27.004,88.441,327.0,22.202,29.609
5664,West Bengal,Darjeeling,27.005317,88.443168,273.0,27.099,71.048
5665,West Bengal,Darjeeling,27.005667,88.442306,318.0,26.014,61.407
5666,West Bengal,Darjeeling,27.007714,88.589557,823.0,26.899,172.577
5667,West Bengal,Darjeeling,27.010752,88.183783,2232.0,32.016,10.218
5668,West Bengal,Darjeeling,27.01112749,88.09939597,2273.0,27.029,86.467
5669,West Bengal,Darjeeling,27.01356985,88.23185881,2170.0,28.851,200.35
5670,West Bengal,Darjeeling,27.014124,88.678693,1048.0,35.07,69.005
5671,West Bengal,Darjeeling,27.014222,88.719986,1157.0,34.583,347.756
5672,West Bengal,Darjeeling,27.01617215,88.43555204,248.0,29.274,119.259
5673,West Bengal,Darjeeling,27.017145,88.432668,353.0,31.033,94.281
5674,West Bengal,Darjeeling,27.018222,88.208444,1868.0,27.092,110.561
5675,West Bengal,Darjeeling,27.018491,88.434995,229.0,25.457,95.414
5676,West Bengal,Darjeeling,27.021237,88.271615,1637.0,33.802,34.391
5677,West Bengal,Darjeeling,27.022831,88.09427834,2343.0,25.807,71.591
5678,West Bengal,Darjeeling,27.023536,88.43302,244.0,27.046,121.861
5679,West Bengal,Darjeeling,27.023694,88.697284,766.0,26.586,94.117
5680,West Bengal,Darjeeling,27.024,88.434,202.0,6.733,110.023
5681,West Bengal,Darjeeling,27.024,88.26,2321.0,7.678,76.513
5682,West Bengal,Darjeeling,27.024806,88.531472,897.0,25.951,316.042
5683,West Bengal,Darjeeling,27.025053,88.27664,1475.0,39.627,68.69
5684,West Bengal,Darjeeling,27.025394,88.4803,363.0,29.515,19.241
5685,West Bengal,Darjeeling,27.028,88.194,1684.0,34.421,108.338
5686,West Bengal,Darjeeling,27.030176,88.428334,241.0,28.289,65.337
5687,West Bengal,Darjeeling,27.031222,88.196694,1476.0,26.019,82.599
5688,West Bengal,Darjeeling,27.03267137,88.42864524,258.0,27.921,81.716
5689,West Bengal,Darjeeling,27.034531,88.542475,939.0,21.049,286.964
5690,West Bengal,Darjeeling,27.03475,88.197444,1497.0,24.005,64.938
5691,West Bengal,Darjeeling,27.035111,88.5205,925.0,24.202,188.386
5692,West Bengal,Darjeeling,27.0355249,88.19408314,1643.0,17.018,76.42
5693,West Bengal,Darjeeling,27.036083,88.197333,1517.0,25.15,87.258
5694,West Bengal,Darjeeling,27.037917,88.155778,1209.0,24.206,25.943
5695,West Bengal,Darjeeling,27.038159,88.42602,359.0,42.316,106.627
5696,West Bengal,Darjeeling,27.038619,88.524478,745.0,30.793,185.828
5697,West Bengal,Darjeeling,27.038833,88.426722,255.0,36.92,90.343
5698,West Bengal,Darjeeling,27.040194,88.537417,721.0,16.937,245.609
5699,West Bengal,Darjeeling,27.042,88.527,656.0,34.91,211.837
5700,West Bengal,Darjeeling,27.042045,88.526935,649.0,35.365,212.683
5701,West Bengal,Darjeeling,27.0425,88.538667,664.0,20.422,199.792
5702,West Bengal,Darjeeling,27.0427,88.1985,1526.0,20.069,96.353
5703,West Bengal,Darjeeling,27.043,88.199,1506.0,23.486,86.444
5704,West Bengal,Darjeeling,27.043006,88.694048,1156.0,24.788,100.649
5705,West Bengal,Darjeeling,27.04312478,88.19846843,1528.0,17.64,92.429
5706,West Bengal,Darjeeling,27.043444,88.695639,1080.0,26.078,98.444
5707,West Bengal,Darjeeling,27.044389,88.270222,1981.0,30.698,75.543
5708,West Bengal,Darjeeling,27.04530556,88.10741667,2446.0,26.726,48.692
5709,West Bengal,Darjeeling,27.045417,88.536945,648.0,22.918,337.561
5710,West Bengal,Darjeeling,27.047028,88.68,1593.0,18.227,275.479
5711,West Bengal,Darjeeling,27.047458,88.455044,1216.0,15.563,257.898
5712,West Bengal,Darjeeling,27.04775,88.273611,1826.0,34.022,56.02
5713,West Bengal,Darjeeling,27.047778,88.20625,1126.0,23.537,84.675
5714,West Bengal,Darjeeling,27.0484665,88.20299156,1296.0,29.27,69.354
5715,West Bengal,Darjeeling,27.04859357,88.27865865,1691.0,23.826,30.166
5716,West Bengal,Darjeeling,27.04879643,88.20346894,1280.0,28.905,62.375
5717,West Bengal,Darjeeling,27.049,88.287,1378.0,22.738,56.131
5718,West Bengal,Darjeeling,27.049701,88.46359,1314.0,16.763,76.197
5719,West Bengal,Darjeeling,27.049804,88.460653,1333.0,12.44,259.441
5720,West Bengal,Darjeeling,27.05023788,88.19852384,1398.0,17.587,256.061
5721,West Bengal,Darjeeling,27.050289,88.708547,1404.0,27.509,315.012
5722,West Bengal,Darjeeling,27.05125,88.172056,1042.0,24.099,37.507
5723,West Bengal,Darjeeling,27.051355,88.581248,1483.0,29.64,310.337
5724,West Bengal,Darjeeling,27.052255,88.5586,961.0,20.557,10.852
5725,West Bengal,Darjeeling,27.05265,88.45859,1276.0,21.475,270.654
5726,West Bengal,Darjeeling,27.052709,88.574587,1408.0,32.263,354.958
5727,West Bengal,Darjeeling,27.053,88.431,460.0,23.206,215.199
5728,West Bengal,Darjeeling,27.053119,88.26765,1941.0,26.557,139.013
5729,West Bengal,Darjeeling,27.054295,88.280504,1710.0,18.02,97.138
5730,West Bengal,Darjeeling,27.056,88.583333,1648.0,26.098,67.918
5731,West Bengal,Darjeeling,27.05626,88.260462,1946.0,35.846,154.353
5732,West Bengal,Darjeeling,27.057917,88.457778,1243.0,20.725,271.36
5733,West Bengal,Darjeeling,27.058,88.49836111,506.0,21.225,5.963
5734,West Bengal,Darjeeling,27.058861,88.570583,1414.0,23.719,272.93
5735,West Bengal,Darjeeling,27.058908,88.870359,655.0,15.729,129.639
5736,West Bengal,Darjeeling,27.059,88.459,1263.0,11.206,197.788
5737,West Bengal,Darjeeling,27.06,88.47,1170.0,17.225,77.449
5738,West Bengal,Darjeeling,27.06,88.47,1170.0,17.225,77.449
5739,West Bengal,Darjeeling,27.0613,88.444,773.0,15.332,263.415
5740,West Bengal,Darjeeling,27.062361,88.257667,1795.0,28.997,110.393
5741,West Bengal,Darjeeling,27.062786,88.565429,1482.0,15.267,86.226
5742,West Bengal,Darjeeling,27.063,88.555278,1298.0,28.331,172.474
5743,West Bengal,Darjeeling,27.063222,88.256222,1846.0,23.083,136.652
5744,West Bengal,Darjeeling,27.06327778,88.09102778,2084.0,26.301,217.756
5745,West Bengal,Darjeeling,27.064056,88.618972,1984.0,9.306,292.566
5746,West Bengal,Darjeeling,27.06415,88.6615,1750.0,20.313,67.905
5747,West Bengal,Darjeeling,27.065,88.466,1147.0,17.003,230.83
5748,West Bengal,Darjeeling,27.06573316,88.18415797,925.0,28.979,39.606
5749,West Bengal,Darjeeling,27.06611772,88.18436289,937.0,30.417,40.764
5750,West Bengal,Darjeeling,27.06737739,88.18499323,974.0,31.363,46.739
5751,West Bengal,Darjeeling,27.068711,88.352012,1501.0,30.754,184.863
5752,West Bengal,Darjeeling,27.06920641,88.19190873,792.0,22.321,95.65
5753,West Bengal,Darjeeling,27.07009424,88.18298362,1164.0,25.481,43.471
5754,West Bengal,Darjeeling,27.07021025,88.21281352,851.0,23.327,103.861
5755,West Bengal,Darjeeling,27.07073,88.610674,1874.0,31.867,303.306
5756,West Bengal,Darjeeling,27.071,88.201,723.0,22.13,234.948
5757,West Bengal,Darjeeling,27.071184,88.869193,727.0,18.438,86.911
5758,West Bengal,Darjeeling,27.071719,88.612237,1981.0,24.142,306.961
5759,West Bengal,Darjeeling,27.072,88.456,999.0,21.834,147.223
5760,West Bengal,Darjeeling,27.072,88.456,999.0,21.834,147.223
5761,West Bengal,Darjeeling,27.072528,88.166139,1397.0,22.531,260.024
5762,West Bengal,Darjeeling,27.072583,88.45725,933.0,35.057,132.231
5763,West Bengal,Darjeeling,27.07260441,88.20418699,755.0,21.97,191.541
5764,West Bengal,Darjeeling,27.07359049,88.20288656,701.0,15.153,204.191
5765,West Bengal,Darjeeling,27.07510827,88.25237706,1582.0,25.568,201.655
5766,West Bengal,Darjeeling,27.07518852,88.25248888,1580.0,25.038,199.558
5767,West Bengal,Darjeeling,27.075694,88.091889,1759.0,32.178,255.953
5768,West Bengal,Darjeeling,27.0759255,88.2033356,690.0,12.072,32.853
5769,West Bengal,Darjeeling,27.076,88.484,1155.0,19.649,25.077
5770,West Bengal,Darjeeling,27.07670833,88.09208333,1760.0,30.137,252.903
5771,West Bengal,Darjeeling,27.0774,88.5162,1235.0,19.925,39.803
5772,West Bengal,Darjeeling,27.0775,88.49948,1230.0,22.672,359.308
5773,West Bengal,Darjeeling,27.07755556,88.48541667,1207.0,18.619,0.858
5774,West Bengal,Darjeeling,27.077556,88.485417,1207.0,18.619,0.858
5775,West Bengal,Darjeeling,27.078,88.499,1252.0,20.713,356.175
5776,West Bengal,Darjeeling,27.07817843,88.25328855,1510.0,26.777,226.033
5777,West Bengal,Darjeeling,27.078633,88.487198,1235.0,20.447,0.775
5778,West Bengal,Darjeeling,27.079,88.487,1249.0,22.27,356.469
5779,West Bengal,Darjeeling,27.0790225,88.2537921,1488.0,23.612,217.706
5780,West Bengal,Darjeeling,27.07925,88.180583,1513.0,28.613,72.263
5781,West Bengal,Darjeeling,27.080083,88.208833,733.0,25.789,65.272
5782,West Bengal,Darjeeling,27.080127,88.333187,790.0,16.192,278.002
5783,West Bengal,Darjeeling,27.08024,88.537935,897.0,29.74,339.317
5784,West Bengal,Darjeeling,27.08040884,88.09078287,1560.0,34.18,230.584
5785,West Bengal,Darjeeling,27.08180557,88.09218644,1535.0,33.333,207.401
5786,West Bengal,Darjeeling,27.08225,88.446028,244.0,21.37,177.044
5787,West Bengal,Darjeeling,27.084273,88.092563,1494.0,21.127,358.504
5788,West Bengal,Darjeeling,27.085722,88.563167,875.0,16.901,30.977
5789,West Bengal,Darjeeling,27.08580223,88.25780085,1360.0,10.981,193.533
5790,West Bengal,Darjeeling,27.08580475,88.15879206,1247.0,23.025,105.949
5791,West Bengal,Darjeeling,27.085837,88.660368,2053.0,14.719,22.587
5792,West Bengal,Darjeeling,27.08630895,88.25261254,1214.0,25.25,179.387
5793,West Bengal,Darjeeling,27.08672,88.473087,645.0,16.586,251.537
5794,West Bengal,Darjeeling,27.08699,88.657,2122.0,15.093,72.556
5795,West Bengal,Darjeeling,27.08769344,88.2510748,1175.0,24.564,148.751
5796,West Bengal,Darjeeling,27.088,88.459,303.0,27.078,229.449
5797,West Bengal,Darjeeling,27.08865968,88.25624933,1251.0,18.266,242.44
5798,West Bengal,Darjeeling,27.089399,88.533188,1274.0,25.678,20.902
5799,West Bengal,Darjeeling,27.0896,88.099925,1427.0,23.729,74.594
5800,West Bengal,Darjeeling,27.09,88.486,851.0,23.886,222.234
5801,West Bengal,Darjeeling,27.09011211,88.25736488,1256.0,20.065,190.344
5802,West Bengal,Darjeeling,27.09027711,88.25910147,1236.0,22.903,182.053
5803,West Bengal,Darjeeling,27.090286,88.464121,451.0,27.434,246.004
5804,West Bengal,Darjeeling,27.09042911,88.25926454,1230.0,21.845,184.33
5805,West Bengal,Darjeeling,27.092284,88.077176,2049.0,38.182,1.838
5806,West Bengal,Darjeeling,27.09233317,88.24719281,1063.0,21.916,228.8
5807,West Bengal,Darjeeling,27.092389,88.308306,864.0,28.661,75.729
5808,West Bengal,Darjeeling,27.09324,88.6492,2238.0,24.855,325.504
5809,West Bengal,Darjeeling,27.09394155,88.1551237,1274.0,19.709,89.282
5810,West Bengal,Darjeeling,27.094,88.102,1407.0,21.732,89.354
5811,West Bengal,Darjeeling,27.094,88.102,1407.0,21.732,89.354
5812,West Bengal,Darjeeling,27.094394,88.250742,992.0,18.951,250.117
5813,West Bengal,Darjeeling,27.094536,88.10201,1413.0,16.196,48.323
5814,West Bengal,Darjeeling,27.09480555,88.15434583,1285.0,23.108,118.96
5815,West Bengal,Darjeeling,27.09554301,88.22608757,752.0,32.989,62.381
5816,West Bengal,Darjeeling,27.09558,88.479401,628.0,34.642,332.139
5817,West Bengal,Darjeeling,27.09610459,88.26458296,1022.0,17.047,143.675
5818,West Bengal,Darjeeling,27.09661618,88.26491147,1004.0,17.204,142.923
5819,West Bengal,Darjeeling,27.09726477,88.24484689,805.0,27.72,216.535
5820,West Bengal,Darjeeling,27.098075,88.626884,1900.0,19.082,16.088
5821,West Bengal,Darjeeling,27.09819827,88.12994772,1532.0,29.175,157.694
5822,West Bengal,Darjeeling,27.098583,88.231861,570.0,24.916,87.783
5823,West Bengal,Darjeeling,27.09912,88.547123,1523.0,20.065,10.345
5824,West Bengal,Darjeeling,27.099813,88.471717,600.0,21.96,249.799
5825,West Bengal,Darjeeling,27.09993663,88.23805144,541.0,18.814,231.711
5826,West Bengal,Darjeeling,27.10078375,88.22965485,732.0,35.056,60.469
5827,West Bengal,Darjeeling,27.101,88.107,1350.0,16.625,41.225
5828,West Bengal,Darjeeling,27.101086,88.230392,703.0,33.729,64.069
5829,West Bengal,Darjeeling,27.1012568,88.11428769,1198.0,33.26,58.637
5830,West Bengal,Darjeeling,27.103944,88.234833,614.0,31.017,87.003
5831,West Bengal,Darjeeling,27.10481712,88.12876627,1107.0,31.474,183.781
5832,West Bengal,Darjeeling,27.10538705,88.27030577,835.0,22.27,189.217
5833,West Bengal,Darjeeling,27.10577,88.109419,1568.0,29.199,31.578
5834,West Bengal,Darjeeling,27.106139,88.235583,665.0,29.749,3.543
5835,West Bengal,Darjeeling,27.107222,88.233639,745.0,30.418,31.04
5836,West Bengal,Darjeeling,27.10805976,88.23684597,752.0,14.458,64.183
5837,West Bengal,Darjeeling,27.109334,88.282168,716.0,25.613,28.272
5838,West Bengal,Darjeeling,27.111716,88.823882,1292.0,19.831,147.879
5839,West Bengal,Darjeeling,27.111722,88.204333,918.0,19.204,131.121
5840,West Bengal,Darjeeling,27.1119,88.2382,714.0,26.411,154.74
5841,West Bengal,Darjeeling,27.112833,88.313722,359.0,20.423,19.803
5842,West Bengal,Darjeeling,27.11435984,88.12755056,1530.0,16.802,50.238
5843,West Bengal,Darjeeling,27.115471,88.133482,1207.0,47.104,98.399
5844,West Bengal,Darjeeling,27.115528,88.206583,931.0,25.862,54.287
5845,West Bengal,Darjeeling,27.115556,88.218833,781.0,19.126,155.041
5846,West Bengal,Darjeeling,27.115917,88.186389,1441.0,19.787,207.573
5847,West Bengal,Darjeeling,27.11687734,88.10955787,1912.0,27.56,102.425
5848,West Bengal,Darjeeling,27.117472,88.529833,1209.0,36.3,199.671
5849,West Bengal,Darjeeling,27.118444,88.77631,1901.0,32.92,75.126
5850,West Bengal,Darjeeling,27.11872563,88.24855474,565.0,26.419,219.785
5851,West Bengal,Darjeeling,27.119,88.487,376.0,26.563,222.552
5852,West Bengal,Darjeeling,27.119316,88.119708,1403.0,35.635,167.808
5853,West Bengal,Darjeeling,27.119828,88.249097,533.0,26.244,206.768
5854,West Bengal,Darjeeling,27.11998649,88.28885163,341.0,23.429,146.015
5855,West Bengal,Darjeeling,27.120806,88.209778,884.0,19.525,67.668
5856,West Bengal,Darjeeling,27.121694,88.104833,1930.0,30.993,118.103
5857,West Bengal,Darjeeling,27.12176842,88.29532869,346.0,27.724,226.866
5858,West Bengal,Darjeeling,27.12288593,88.10430026,1931.0,30.714,104.448
5859,West Bengal,Darjeeling,27.122979,88.493949,264.0,8.987,142.678
5860,West Bengal,Darjeeling,27.1255514,88.30014428,362.0,25.558,194.671
5861,West Bengal,Darjeeling,27.12703558,88.0943021,1886.0,32.387,183.193
5862,West Bengal,Darjeeling,27.127726,88.589785,1715.0,18.207,55.952
5863,West Bengal,Darjeeling,27.134847,88.54347,568.0,29.317,287.694
5864,West Bengal,Darjeeling,27.143115,88.536036,520.0,35.514,18.131
5865,West Bengal,Darjeeling,27.153861,88.569803,1277.0,30.34,183.956
5866,West Bengal,Darjeeling,27.158,88.584,1097.0,18.704,203.739
5867,West Bengal,Darjeeling,27.159,88.543,686.0,11.419,271.274
5868,West Bengal,Darjeeling,27.15925,88.63955556,751.0,24.334,256.21
5869,West Bengal,Darjeeling,27.15925,88.639556,751.0,24.334,256.21
5870,West Bengal,Darjeeling,27.16514,88.627184,941.0,28.152,169.124
5871,West Bengal,Darjeeling,27.167083,88.626111,891.0,19.932,108.787
5872,West Bengal,Darjeeling,27.174007,88.563688,691.0,25.966,111.082
5873,West Bengal,Darjeeling,27.175,88.56,830.0,22.705,170.975
5874,West Bengal,Jalpaiguri,26.693764,89.670291,188.0,11.558,56.698
5875,West Bengal,Jalpaiguri,26.695182,89.670162,207.0,10.271,87.159
5876,West Bengal,Jalpaiguri,26.697002,89.67145,253.0,18.401,322.806
5877,West Bengal,Jalpaiguri,26.698105,89.667295,264.0,17.688,102.196
5878,West Bengal,Jalpaiguri,26.701309,89.659413,354.0,11.321,281.649
5879,West Bengal,Jalpaiguri,26.702077,89.652196,377.0,24.169,325.154
5880,West Bengal,Jalpaiguri,26.703216,89.658846,391.0,23.422,333.086
5881,West Bengal,Jalpaiguri,26.708221,89.632295,317.0,18.855,1.687
5882,West Bengal,Jalpaiguri,26.708497,89.668387,728.0,23.265,28.652
5883,West Bengal,Jalpaiguri,26.710136,89.692256,413.0,20.685,21.893
5884,West Bengal,Jalpaiguri,26.71284,89.650234,822.0,28.903,26.504
5885,West Bengal,Jalpaiguri,26.713646,89.630723,384.0,12.84,320.225
5886,West Bengal,Jalpaiguri,26.716554,89.619513,315.0,21.109,17.433
5887,West Bengal,Jalpaiguri,26.717071,89.730905,248.0,16.649,106.581
5888,West Bengal,Jalpaiguri,26.718084,89.705959,326.0,13.935,121.664
5889,West Bengal,Jalpaiguri,26.719053,89.62327,395.0,11.835,15.305
5890,West Bengal,Jalpaiguri,26.719376,89.641303,752.0,34.368,348.119
5891,West Bengal,Jalpaiguri,26.721106,89.627529,534.0,18.914,296.467
5892,West Bengal,Jalpaiguri,26.722906,89.602859,302.0,13.837,21.561
5893,West Bengal,Jalpaiguri,26.725383,89.695611,502.0,28.06,90.0
5894,West Bengal,Jalpaiguri,26.728732,89.696887,551.0,28.01,57.289
5895,West Bengal,Jalpaiguri,26.728875,89.598082,427.0,31.348,312.715
5896,West Bengal,Jalpaiguri,26.730652,89.701861,536.0,20.607,37.967
5897,West Bengal,Jalpaiguri,26.730668,89.704771,487.0,20.459,283.933
5898,West Bengal,Jalpaiguri,26.730994,89.591578,353.0,12.657,0.0
5899,West Bengal,Jalpaiguri,26.733418,89.702778,609.0,26.174,19.735
5900,West Bengal,Jalpaiguri,26.738387,89.590009,336.0,10.824,340.003
5901,West Bengal,Jalpaiguri,26.739459,89.58927,381.0,23.384,29.243
5902,West Bengal,Jalpaiguri,26.740521,89.581318,396.0,21.173,32.166
5903,West Bengal,Jalpaiguri,26.743755,89.592095,443.0,14.734,48.234
5904,West Bengal,Jalpaiguri,26.744954,89.545691,287.0,23.438,289.993
5905,West Bengal,Jalpaiguri,26.746068,89.572945,379.0,9.703,13.611
5906,West Bengal,Jalpaiguri,26.747297,89.574903,436.0,23.635,312.642
5907,West Bengal,Jalpaiguri,26.74731,89.612784,431.0,25.013,45.354
5908,West Bengal,Jalpaiguri,26.74742,89.543286,294.0,34.156,297.179
5909,West Bengal,Jalpaiguri,26.748195,89.572542,418.0,15.404,51.721
5910,West Bengal,Jalpaiguri,26.749312,89.608213,464.0,17.314,335.196
5911,West Bengal,Jalpaiguri,26.752188,89.530507,324.0,10.851,289.15
5912,West Bengal,Jalpaiguri,26.753866,89.538943,287.0,14.99,59.785
5913,West Bengal,Jalpaiguri,26.754369,89.600887,516.0,20.188,324.93
5914,West Bengal,Jalpaiguri,26.754508,89.532505,369.0,11.72,276.215
5915,West Bengal,Jalpaiguri,26.756006,89.573697,548.0,16.84,323.255
5916,West Bengal,Jalpaiguri,26.757606,89.536409,385.0,26.905,111.279
5917,West Bengal,Jalpaiguri,26.76458,89.515011,438.0,6.508,349.841
5918,West Bengal,Jalpaiguri,26.771132,89.522469,417.0,20.776,10.699
5919,West Bengal,Jalpaiguri,26.772288,89.639314,1336.0,28.492,345.508
5920,West Bengal,Jalpaiguri,26.774359,89.51926,444.0,18.924,266.244
5921,West Bengal,Jalpaiguri,26.777745,89.598352,1169.0,47.927,329.727
5922,West Bengal,Jalpaiguri,26.783885,89.597472,1398.0,45.843,308.585
5923,West Bengal,Jalpaiguri,26.79149,89.510085,675.0,31.796,280.858
5924,West Bengal,Jalpaiguri,26.792041,89.509081,612.0,29.12,263.518
5925,West Bengal,Jalpaiguri,26.811349,89.242634,393.0,12.195,4.006
5926,West Bengal,Jalpaiguri,26.811637,89.240931,405.0,18.88,13.618
5927,West Bengal,Jalpaiguri,26.812609,89.235947,415.0,13.934,316.397
5928,West Bengal,Jalpaiguri,26.812813,89.23756,448.0,13.237,307.664
5929,West Bengal,Jalpaiguri,26.81289,89.256075,358.0,26.72,278.208
5930,West Bengal,Jalpaiguri,26.816804,89.241927,527.0,21.301,26.032
5931,West Bengal,Jalpaiguri,26.81804,89.532415,825.0,23.761,313.928
5932,West Bengal,Jalpaiguri,26.818167,89.235202,485.0,19.553,277.266
5933,West Bengal,Jalpaiguri,26.826378,89.2831,650.0,33.556,55.803
5934,West Bengal,Jalpaiguri,26.852464,89.104824,280.0,18.764,276.834
5935,West Bengal,Kalimpong,27.074161,88.4731445,1240.0,12.246,13.439
5936,West Bengal,Kalimpong,27.08242577,88.44852891,242.0,24.0,203.363
5937,West Bengal,Kalimpong,27.09158341,88.53620544,1404.0,26.715,358.277
5938,West Bengal,Kalimpong,27.09589347,88.60050855,1801.0,30.435,338.858
5939,West Bengal,Kalimpong,27.09712538,88.59695581,1772.0,27.254,272.499
5940,West Bengal,Kalimpong,27.09728339,88.60526848,1823.0,17.012,14.321
5941,West Bengal,Kalimpong,27.09729937,88.61882355,1912.0,28.077,317.814
5942,West Bengal,Kalimpong,27.09778967,88.59727789,1784.0,29.23,259.361
5943,West Bengal,Kalimpong,27.09797185,88.61529322,1900.0,24.616,359.369
5944,West Bengal,Kalimpong,27.1145363,88.58748914,1774.0,26.815,304.044
5945,West Bengal,Kalimpong,27.11702881,88.47219451,278.0,27.629,205.711
5946,West Bengal,Kalimpong,27.12289247,88.49814726,298.0,25.478,222.673
5947,West Bengal,Kalimpong,27.15819635,88.52893898,297.0,17.128,297.801
